Date,Adj Close,Close,High,Low,Open,Volume,EMA_12,EMA_26,MACD,Signal_Line,MACD_Histogram,EMA_Diff,SMA_20,SMA_50,EMA_12_TA,EMA_26_TA,RSI,BB_Upper,BB_Middle,BB_Lower,BB_Width,ATR,StochRSI,Volume_SMA_20,Volume_Ratio,OBV,ADI,Daily_Return,Momentum_5,Momentum_10,Price_Change,Volatility_20,Close_to_SMA20,Close_to_SMA50,Original_MACD_Decision,MACD_Crossover,MACD_Signal,Trend_Confirmed,Signal_Score,Trade_Signal,Signal_Reason,Buy_Marker,Sell_Marker
2021-05-13,121.81475067138672,124.97000122070312,126.1500015258789,124.26000213623047,124.58000183105469,105861300,124.97000122070312,124.97000122070312,0.0,0.0,0.0,0.0,,,,,,,,,,0.0,,105861300.0,1.0,105861300,-26325373.699974973,,,,,,,,sell,none,Hold,Mixed,-1.0,Hold,MACD below signal,,
2021-05-14,124.23213195800781,127.44999694824219,127.88999938964844,125.8499984741211,126.25,81918000,125.35153902493991,125.15370460792825,0.19783441701166282,0.03956688340233257,0.15826753360933027,0.19783441701166282,,,,,,,,,,0.0,,93889650.0,0.8724923354171626,187779300,20255269.61477107,0.019844728361323005,,,2.4799957275390625,,,,buy,bullish,Buy,Mixed,3.0,Buy,bullish MACD crossover,127.44999694824219,
2021-05-17,123.0819320678711,126.2699966430664,126.93000030517578,125.16999816894531,126.81999969482422,74244600,125.49284019695938,125.23639290682738,0.2564472901320016,0.08294296474826639,0.17350432538373523,0.2564472901320016,,,,,,,,,,0.0,,87341300.0,0.8500514647709617,113534700,38816178.233808994,-0.009258535374112142,,,-1.1800003051757812,,,,buy,none,Hold,Mixed,1.0,Hold,MACD above signal,,
2021-05-18,121.69778442382812,124.8499984741211,126.98999786376953,124.77999877929688,126.55999755859375,63342900,125.39394147036887,125.20777109699728,0.1861703733715956,0.10358844647293224,0.08258192689866335,0.1861703733715956,,,,,,,,,,0.0,,81341700.0,0.7787260408867777,50191800,-20514065.199558057,-0.011245729046459818,,,-1.4199981689453125,,,,buy,none,Hold,Mixed,1.0,Hold,MACD above signal,,
2021-05-19,121.54180908203125,124.69000244140625,124.91999816894531,122.86000061035156,123.16000366210938,92612000,125.28564315822078,125.1694178632498,0.11622529497097389,0.10611581617254058,0.01010947879843331,0.11622529497097389,,,,,,,,,,0.0,,83595760.0,1.1078552309351575,-42420200,51417944.93347504,-0.0012815060846637083,,,-0.15999603271484375,,,,buy,none,Hold,Mixed,1.0,Hold,MACD above signal,,
2021-05-20,124.0956802368164,127.30999755859375,127.72000122070312,125.0999984741211,125.2300033569336,76857100,125.5970822967397,125.32797932216417,0.26910297457553156,0.1387132478531388,0.13038972672239277,0.26910297457553156,,,,,,,,,,0.0,,82472650.0,0.9319101544572655,34436900,104220343.0823296,0.021012070461853494,0.018724464391722817,,2.6199951171875,,,,buy,none,Hold,Mixed,2.0,Buy,MACD above signal,127.30999755859375,
2021-05-21,122.26314544677734,125.43000030517578,128.0,125.20999908447266,127.81999969482422,79295400,125.57137737496063,125.33553643201688,0.2358409429437529,0.15813878687126162,0.07770215607249129,0.2358409429437529,,,,,,,,,,0.0,,82018757.14285715,0.9667959228141715,-44858500,37430376.10857307,-0.014767082628783457,-0.01584932672761641,,-1.8799972534179688,,,,buy,none,Hold,Mixed,0.0,Hold,MACD above signal,,
2021-05-24,123.89095306396484,127.0999984741211,127.94000244140625,125.94000244140625,126.01000213623047,63092900,125.80654985175455,125.4662373240246,0.34031252772994947,0.19457353504299918,0.14573899268695029,0.34031252772994947,,,,,,,,,,0.0,,79653025.0,0.7920967220014556,18234400,47524989.80104744,0.01331418452429367,0.006573230800036356,,1.6699981689453125,,,,buy,none,Hold,Mixed,2.0,Buy,MACD above signal,127.0999984741211,
2021-05-25,123.69601440429688,126.9000015258789,128.32000732421875,126.31999969482422,127.81999969482422,72009500,125.97477318623523,125.57244207971752,0.40233110651770687,0.2361250493379407,0.16620605717976616,0.40233110651770687,,,,,,,,,,0.0,,78803744.44444445,0.91378272070264,-53775100,17280972.331707947,-0.0015735401309459052,0.016419728288444846,,-0.1999969482421875,,,,buy,none,Hold,Mixed,2.0,Buy,MACD above signal,126.9000015258789,
2021-05-26,123.64727783203125,126.8499984741211,127.38999938964844,126.41999816894531,126.95999908447266,56575900,126.10942323052537,125.66707588671038,0.44234734381498697,0.27736950823335,0.16497783558163698,0.44234734381498697,,,,,,,,,,0.0,,76580960.0,0.7387724050468941,-110351000,10865121.095275667,-0.0003940350760958111,0.017322928786771552,,-0.0500030517578125,,,,buy,none,Hold,Mixed,2.0,Buy,MACD above signal,126.8499984741211,
2021-05-27,122.1169204711914,125.27999877929688,127.63999938964844,125.08000183105469,126.44000244140625,94625600,125.9818194687979,125.63840350838345,0.3434159604144469,0.29057879866956937,0.052837161744877514,0.3434159604144469,,,,,,,,,,0.0,,78221381.81818181,1.2097152696681865,-204976600,-68975440.40962383,-0.012376820762394547,-0.01594532101347801,0.0024805757827135455,-1.5699996948242188,,,,buy,none,Hold,Mixed,0.0,Hold,MACD above signal,,
2021-05-28,121.4638442993164,124.61000061035156,125.80000305175781,124.55000305175781,125.56999969482422,71311100,125.77077041365231,125.56222551593663,0.20854489771568296,0.27417201847879213,-0.06562712076310917,0.20854489771568296,,,125.77077041365231,,,,,,,0.0,,77645525.0,0.9184186725506718,-276287700,-133440953.3686082,-0.005348005870638883,-0.006537508513347112,-0.022283220132550907,-0.6699981689453125,,,,sell,bearish,Sell,Mixed,-4.0,Sell,bearish MACD crossover,,124.61000061035156
2021-06-01,121.14216613769531,124.27999877929688,125.3499984741211,123.94000244140625,125.08000183105469,67637100,125.5414209314438,125.46724575766703,0.07417517377676575,0.23417264953838685,-0.1599974757616211,0.07417517377676575,,,125.5414209314438,,,,,,,0.0,,76875646.15384616,0.8798247999716624,-343924800,-168459002.29047972,-0.002648277260559384,-0.0221872519959031,-0.01575986312405442,-0.3300018310546875,,,,sell,none,Hold,Mixed,-2.0,Sell,MACD below signal,,124.27999877929688
2021-06-02,121.9024658203125,125.05999755859375,125.23999786376953,124.05000305175781,124.27999877929688,59278900,125.46735579715917,125.43707922440234,0.03027657275683282,0.19339343418207605,-0.16311686142524323,0.03027657275683282,,,125.46735579715917,,47.79329855740587,,,,,2.076428004673549,,75618735.71428572,0.7839181578488249,-284645900,-127113323.48233739,0.006276140867059743,-0.014499637077702632,0.001682011109645165,0.779998779296875,,,,sell,none,Hold,Mixed,-2.0,Sell,MACD below signal,,125.05999755859375
2021-06-03,120.42086029052734,123.54000091552734,124.8499984741211,123.12999725341797,124.68000030517578,76229200,125.17083966152352,125.29655490522642,-0.12571524370289922,0.129571698605081,-0.2552869423079802,-0.12571524370289922,,,125.17083966152352,,40.46213264842016,,,,,2.0659688832808514,,75659433.33333333,1.0075306758399372,-360875100,-167000396.76350698,-0.012154139395007202,-0.02609379265596945,-0.009222884781154073,-1.5199966430664062,,,,sell,none,Hold,Mixed,-2.0,Sell,MACD below signal,,123.54000091552734
2021-06-04,122.71151733398438,125.88999938964844,126.16000366210938,123.8499984741211,124.06999969482422,75169300,125.28147961969658,125.34051375592433,-0.05903413622775133,0.09185053163851453,-0.15088466786626586,-0.05903413622775133,,,125.28147961969658,,52.57446805091408,,,,,2.105542730659507,,75628800.0,0.9939242722349158,-285705800,-109403379.51285717,0.019022166559055975,0.004869098150505069,-0.011153862196028763,2.3499984741210938,,,,sell,none,Hold,Mixed,0.0,Hold,MACD below signal,,
2021-06-07,122.72126007080078,125.9000015258789,126.31999969482422,124.83000183105469,126.16999816894531,71057600,125.37663683603232,125.38195729443949,-0.005320458407169326,0.07241633362937776,-0.07773679203654708,-0.005320458407169326,,,125.37663683603232,,52.61865071578464,,,,,2.061575240167366,,75359905.88235295,0.9429098824901742,-214648200,-78404980.42224133,7.945139629006448e-05,0.010352306469856298,0.0037471196648297678,0.01000213623046875,,,,sell,none,Hold,Mixed,0.0,Hold,MACD below signal,,
2021-06-08,123.54004669189453,126.73999786376953,128.4600067138672,126.20999908447266,126.5999984741211,74403800,125.58638468645343,125.48255289216765,0.1038317942857816,0.07869942576065853,0.025132368525123072,0.1038317942857816,,,125.58638468645343,,56.30065222027771,,,,,2.0971773792974315,,75306788.8888889,0.9880091967508905,-140244400,-117756523.1233091,0.006671932706195927,0.019794006345632997,-0.0028324202570692014,0.839996337890625,,,,buy,bullish,Buy,Mixed,4.0,Buy,bullish MACD crossover,126.73999786376953,
2021-06-09,123.92020416259766,127.12999725341797,127.75,126.5199966430664,127.20999908447266,56877900,125.82386354290952,125.60458580781582,0.21927773509369786,0.1068150876272664,0.11246264746643146,0.21927773509369786,,,125.82386354290952,,57.93508756313494,,,,,2.0352363777000146,,74336847.36842105,0.765137371485601,-83366500,-118219042.59620002,0.003077161087438496,0.01655205289648576,0.0018124170588931232,0.3899993896484375,,,,buy,none,Hold,Mixed,2.0,Buy,MACD above signal,127.12999725341797,
2021-06-10,122.92597198486328,126.11000061035156,128.19000244140625,125.94000244140625,127.0199966430664,71186400,125.8678846302083,125.64202394133699,0.2258606888713075,0.13062420787607462,0.09523648099523288,0.2258606888713075,125.81799926757813,,125.8678846302083,,52.413597930050074,128.03604721994654,125.81799926757813,123.59995131520971,0.03525803883832671,2.050576636435728,,74179325.0,0.959652841273495,-154552900,-178648502.45948127,-0.008023257021182562,0.02080297616786897,-0.005833645034851953,-1.0199966430664062,,0.0023208232881881674,,buy,none,Hold,Mixed,2.0,Buy,MACD above signal,126.11000061035156,
2021-06-11,124.13465881347656,127.3499984741211,127.44000244140625,126.0999984741211,126.52999877929688,53522400,126.0959021446564,125.76854057339506,0.3273615712613491,0.16997168055312956,0.15738989070821957,0.3273615712613491,125.93699913024902,,126.0959021446564,,57.69244844164039,128.2148659011581,125.93699913024902,123.65913235933992,0.03617470301246789,1.9998214457821157,,71562380.0,0.747912520517065,-101030500,-132315974.21543247,0.009832668763525065,0.011597419108357876,0.016522986230794068,1.2399978637695312,0.0111916222308784,0.011219890529634569,,buy,none,Hold,Mixed,2.0,Buy,MACD above signal,127.3499984741211,
2021-06-14,127.1856460571289,130.47999572753906,130.5399932861328,127.06999969482422,127.81999969482422,96906500,126.7703780804845,126.1175372514798,0.6528408290047025,0.2665455102434442,0.38629531876125833,0.6528408290047025,126.08849906921387,,126.7703780804845,,67.49457049039164,129.04937718847742,126.08849906921387,123.1276209499503,0.04696507835561187,2.10483374189115,,72311805.0,1.3401200537035411,-4124000,-38760577.47189273,0.024577913552578545,0.03637803134354001,0.04710693434263469,3.1299972534179688,0.011651613000902181,0.03482868533405714,,buy,none,Hold,Mixed,2.0,Buy,MACD above signal,130.47999572753906,
2021-06-15,126.36685943603516,129.63999938964844,130.60000610351562,129.38999938964844,129.94000244140625,62746300,127.21185828189435,126.37846037282563,0.8333979090687222,0.37991599000849985,0.4534819190602224,0.8333979090687222,126.25699920654297,,127.21185828189435,,63.258718992566564,129.59904538865365,126.25699920654297,122.9149530244323,0.05294037088024637,2.040917525603724,,71736890.0,0.8746727102331868,-66870300,-75578798.19724867,-0.006437740384699686,0.022881502088993644,0.043128425032173956,-0.839996337890625,0.011534329253023373,0.026794555583973922,,buy,none,Hold,Mixed,2.0,Buy,MACD above signal,129.63999938964844,
2021-06-16,126.86396789550781,130.14999389648438,130.88999938964844,128.4600067138672,130.3699951171875,91815000,127.66387914567744,126.65783322642997,1.0060459192474696,0.5051419758562938,0.5009039433911757,1.0060459192474696,126.52199897766113,,127.66387914567744,,64.70693727268541,130.199433475727,126.52199897766113,122.84456447959525,0.05813114759141879,2.0687086077592616,,73160495.0,1.2549805738739193,24944700,-39684628.767665364,0.003933928642679829,0.02375518530883336,0.04070043528911671,0.5099945068359375,0.011152875754406417,0.028674815037215806,,buy,none,Hold,Mixed,2.0,Buy,MACD above signal,130.14999389648438,
2021-06-17,128.46253967285156,131.7899932861328,132.5500030517578,129.64999389648438,129.8000030517578,96721700,128.29866593651673,127.03799323085241,1.2606727056643194,0.656248121817899,0.6044245838464204,1.2606727056643194,126.87699851989746,,128.29866593651673,,68.94591676116511,131.10766470061427,126.87699851989746,122.64633233918065,0.06668925384538217,2.1280872182959887,,73365980.0,1.318345369338759,121666400,6341068.142702691,0.012600841079968284,0.04503998610967419,0.06677992803518396,1.6399993896484375,0.011358840862332386,0.038722501505778384,,buy,none,Hold,Mixed,2.0,Buy,MACD above signal,131.7899932861328,
2021-06-18,127.16615295410156,130.4600067138672,131.50999450683594,130.24000549316406,130.7100067138672,108953300,128.63117990226294,127.29147571107573,1.3397041911872094,0.7929393356917611,0.5467648554954483,1.3397041911872094,127.03449897766113,,128.63117990226294,127.29147571107573,62.40035014753576,131.54331286448172,127.03449897766113,122.52568509084053,0.07098566016485754,2.086794402201186,,74970790.0,1.4532766694868762,12713100,-64864095.86306446,-0.010091711359132227,0.02442095231259911,0.036301591439951375,-1.329986572265625,0.010857177467367937,0.02696517689110922,,buy,none,Hold,Mixed,2.0,Buy,MACD above signal,130.4600067138672,
2021-06-21,128.9596710205078,132.3000030517578,132.41000366210938,129.2100067138672,130.3000030517578,79663300,129.19561423295445,127.66247773631144,1.53313649664301,0.940978767882011,0.5921577287609991,1.53313649664301,127.37799911499023,,129.19561423295445,127.66247773631144,67.05965592789431,132.3667521376874,127.37799911499023,122.38924609229306,0.078329900883332,2.1663088697755435,,74989185.0,1.0623305213945184,92376400,9322316.649631344,0.014103911108376721,0.013948554443695693,0.05083400673798555,1.839996337890625,0.010525748744082908,0.03864092677672115,,buy,none,Hold,Mixed,2.0,Buy,MACD above signal,132.3000030517578,
2021-06-22,130.59727478027344,133.97999572753906,134.0800018310547,131.6199951171875,132.1300048828125,74783600,129.931672924429,128.13044203195795,1.8012308924710396,1.1130291927998166,0.688201699671223,1.8012308924710396,127.72199897766113,,129.931672924429,128.13044203195795,70.63738357864943,133.47666039972205,127.72199897766113,121.96733755560021,0.09011229808683817,2.187287287210661,,75573720.0,0.9895450429064495,167160000,78025594.67269313,0.012698357044814257,0.033477293723569446,0.05712480657883301,1.67999267578125,0.010493985448649823,0.0489970153925674,,buy,none,Hold,Mixed,0.0,Hold,"MACD above signal, RSI overbought",,
2021-06-23,130.32435607910156,133.6999969482422,134.32000732421875,133.22999572753906,133.77000427246094,60214200,130.5114150819387,128.54300165538643,1.9684134265522744,1.2841060395503083,0.684307387001966,1.9684134265522744,128.0619987487793,,130.5114150819387,128.54300165538643,69.28667304287394,134.36008454449703,128.0619987487793,121.76391295306158,0.09835994841955813,2.108910452172734,95.32199102670366,74983955.0,0.803027794412818,106945800,69738819.27967851,-0.002089855114387973,0.02727624447359811,0.05167938202443079,-0.279998779296875,0.010505658084500644,0.04402553649442109,,buy,none,Hold,Mixed,2.0,Buy,MACD above signal,133.6999969482422,
2021-06-24,130.0416259765625,133.41000366210938,134.63999938964844,132.92999267578125,134.4499969482422,68711000,130.95735178658035,128.9035203225511,2.0538314640292583,1.4380511244460985,0.6157803395831598,2.0538314640292583,128.3899990081787,,130.95735178658035,128.9035203225511,67.83980552805946,135.07296170349605,128.3899990081787,121.70703631286136,0.10410410073905561,2.0804173280080525,92.41231822638291,75590710.0,0.9089873610130134,38234800,39603147.21743003,-0.0021689849869261923,0.012292362535138102,0.05788599648265014,-0.2899932861328125,0.010540304259440043,0.03909965490077538,,buy,none,Hold,Mixed,2.0,Buy,MACD above signal,133.41000366210938,
2021-06-25,129.74925231933594,133.11000061035156,133.88999938964844,132.80999755859375,133.4600067138672,70783700,131.288528528699,129.21511145498076,2.0734170737182467,1.5651243143005282,0.5082927594177185,2.0734170737182467,128.78149909973143,,131.288528528699,129.21511145498076,66.29740210264777,135.60573267138133,128.78149909973143,121.95726552808152,0.10598158305899294,2.0089590782256694,84.47400881089796,74398615.0,0.9514115282925629,-32548900,8144058.350675769,-0.00224872980678148,0.020312691707095265,0.04522969929521414,-0.3000030517578125,0.010014223147939136,0.03361120611950663,,buy,none,Hold,Mixed,2.0,Buy,MACD above signal,133.11000061035156,
2021-06-28,131.37710571289062,134.77999877929688,135.25,133.35000610351562,133.41000366210938,62111300,131.82567779802176,129.62732533085602,2.1983524671657335,1.6917699448735695,0.506582522292164,2.1983524671657335,129.2899990081787,,131.82567779802176,129.62732533085602,70.33999175450938,136.30797556589388,129.2899990081787,122.27202245046355,0.1085617853128952,2.0183191004701526,86.40064603096863,73938625.0,0.8400386131064785,29562400,39526431.40678011,0.012546000760933262,0.018745243162003877,0.03295526665050508,1.6699981689453125,0.01002065929310875,0.042462679350557364,,buy,none,Hold,Mixed,0.0,Hold,"MACD above signal, RSI overbought",,
2021-06-29,132.88792419433594,136.3300018310547,136.49000549316406,134.35000610351562,134.8000030517578,64556100,132.51865072618068,130.1238198864263,2.394830839754377,1.832382123849731,0.5624487159046458,2.394830839754377,129.8924991607666,,132.51865072618068,130.1238198864263,73.51534367384792,137.15144376171972,129.8924991607666,122.63355455981345,0.1117684954535953,2.027010549697173,91.51772782091494,73784575.0,0.8749267716185937,94118500,94429059.11004649,0.011500245331623304,0.017539977447786903,0.05160446214828074,1.5500030517578125,0.010027670596071,0.04956023413115229,,buy,none,Hold,Mixed,0.0,Hold,"MACD above signal, RSI overbought",,
2021-06-30,133.5020294189453,136.9600067138672,137.41000366210938,135.8699951171875,136.1699981689453,63261400,133.20193626274784,130.63020409586636,2.5717321668814748,1.98025213245608,0.5914800344253948,2.5717321668814748,130.48749961853028,,133.20193626274784,130.63020409586636,74.70089875365416,138.010497212334,130.48749961853028,122.96450202472654,0.11530602725619862,1.9922246922132232,99.45603723639988,73983700.0,0.8550721307531254,157379900,120719966.91972883,0.0046211756352296796,0.02438302049391239,0.05232434219550708,0.6300048828125,0.010020678135586679,0.04960250686279344,,buy,none,Hold,Mixed,0.0,Hold,"MACD above signal, RSI overbought",,
2021-07-01,133.80421447753906,137.27000427246094,137.3300018310547,135.75999450683594,136.60000610351562,52485800,133.82779287962677,131.12204114598447,2.705751733642302,2.1253520526933247,0.5803996809489771,2.705751733642302,131.17399978637695,,133.82779287962677,131.12204114598447,75.28710449579468,138.53995451777703,131.17399978637695,123.80804505497687,0.1123081516671884,1.9620663087850467,100.0,72796530.0,0.7209931572287855,209865700,169194295.365089,0.002263416642797056,0.028933367096877438,0.04158138906973252,0.30999755859375,0.009239950276313894,0.04647265842325177,,buy,none,Hold,Mixed,0.0,Hold,"MACD above signal, RSI overbought",,
2021-07-02,136.42630004882812,139.9600067138672,140.0,137.75,137.89999389648438,78852600,134.77121039258682,131.77670526212393,2.9945051304628976,2.2991826682472394,0.6953224622156582,2.9945051304628976,131.87750015258788,,134.77121039258682,131.77670526212393,79.68579903159987,139.7599039453059,131.87750015258788,123.99509635986988,0.11954129830483186,2.0169184101246196,100.0,72980695.0,1.0804583321657872,288718300,245243717.9480968,0.01959643299833358,0.05146124312302747,0.07281925119654464,2.69000244140625,0.009285539596874483,0.06128798735134877,,buy,none,Hold,Mixed,0.0,Hold,"MACD above signal, RSI overbought",,
2021-07-06,138.43426513671875,142.02000427246094,143.14999389648438,140.07000732421875,140.07000732421875,108181800,135.88640945102898,132.5354681517785,3.3509412992504792,2.509534394447887,0.8414069048025921,3.3509412992504792,132.683500289917,,135.88640945102898,132.5354681517785,82.28604495408797,141.22526384692463,132.683500289917,124.14173673290935,0.12875396772535636,2.1007090367312315,100.0,74836905.0,1.4455675311532459,396900100,274045748.8225085,0.01471847284778427,0.0537172099624339,0.0734693952871679,2.05999755859375,0.009423975696838928,0.0703667295642898,,buy,none,Hold,Mixed,0.0,Hold,"MACD above signal, RSI overbought",,
2021-07-07,140.91986083984375,144.57000732421875,144.88999938964844,142.66000366210938,143.5399932861328,104911600,137.22234758536587,133.42691549788518,3.795432087480691,2.766713933054448,1.028718154426243,3.795432087480691,133.57500076293945,,137.22234758536587,133.42691549788518,84.86810672059758,143.1131031930669,133.57500076293945,124.036898332812,0.14281268763838645,2.155658042478108,100.0,76362295.0,1.373866513571914,501811700,348848878.9658593,0.01795523852305836,0.060441615069993126,0.07904173708301543,2.5500030517578125,0.009791584924189477,0.08231335578124033,,buy,none,Hold,Mixed,0.0,Hold,"MACD above signal, RSI overbought",,
2021-07-08,139.62344360351562,143.24000549316406,144.05999755859375,140.6699981689453,141.5800018310547,105575500,138.14814110964252,134.153811053091,3.9943300565515187,3.0122371577538622,0.9820928987976565,3.9943300565515187,134.38050117492676,,138.14814110964252,134.153811053091,78.445445090826,144.31805235981432,134.38050117492676,124.4429499900392,0.14790168362226272,2.2802545505349174,90.47129070068918,78797175.0,1.339838642692457,396236200,403349990.82990754,-0.009199707848613237,0.04585279257774033,0.07135384265277867,-1.3300018310546875,0.010393563756084292,0.06592849588129335,,buy,none,Hold,Mixed,0.0,Hold,"MACD above signal, RSI overbought",,
2021-07-09,141.44627380371094,145.11000061035156,145.64999389648438,142.64999389648438,142.75,99890800,139.21919641744392,134.96538064992512,4.253815767518802,3.2605528797068506,0.9932628878119512,4.253815767518802,135.33050117492675,,139.21919641744392,134.96538064992512,80.66143459543119,145.5524931168864,135.33050117492675,125.10850923296708,0.15106708174747432,2.3316649397824234,82.92055920950608,80232395.0,1.2450182996531514,496127000,467280549.9322838,0.013054977977341231,0.05711368903529257,0.0876995474632849,1.8699951171875,0.009952392145341975,0.07226382338438198,,buy,none,Hold,Mixed,0.0,Hold,"MACD above signal, RSI overbought",,
2021-07-12,140.85166931152344,144.5,146.32000732421875,144.0,146.2100067138672,76299700,140.03162773783717,135.67164874993068,4.359978987906487,3.480438101346778,0.8795408865597092,4.359978987906487,136.1880012512207,,140.03162773783717,135.67164874993068,77.84978910907336,146.46545963387553,136.1880012512207,125.91054286856587,0.15093045331793073,2.330832252956447,70.32308780510829,81371260.0,0.937673817512473,419827300,423868547.83026075,-0.004203711720665804,0.03243778985674339,0.08556832196996234,-0.6100006103515625,0.010239449625121435,0.06103326777993079,,buy,none,Hold,Mixed,0.0,Hold,"MACD above signal, RSI overbought",,
2021-07-13,141.96287536621094,145.63999938964844,147.4600067138672,143.6300048828125,144.02999877929688,100827100,140.89445414580814,136.4100450936135,4.48440905219465,3.681232291516353,0.8031767606782969,4.48440905219465,136.94600143432618,,140.89445414580814,136.4100450936135,79.3018511025549,147.65486141319144,136.94600143432618,126.2371414554609,0.1563953655704334,2.4379157942491787,69.8606924182018,81567290.0,1.236121734582576,520654400,428870074.59328747,0.007889269132515198,0.025489332546721144,0.08057575833736941,1.1399993896484375,0.009317460336117024,0.06348486165542822,,buy,none,Hold,Mixed,0.0,Hold,"MACD above signal, RSI overbought",,
2021-07-14,145.38427734375,149.14999389648438,149.57000732421875,147.67999267578125,148.10000610351562,127050800,142.16453718437373,137.35374500493725,4.810792179436476,3.9071442691003777,0.9036479103360979,4.810792179436476,137.92150115966797,,142.16453718437373,137.35374500493725,82.99761095628206,149.32260796639028,137.92150115966797,126.52039435294564,0.16532747556921623,2.544493804272117,74.05399293984311,84782515.0,1.4985495535252757,647705200,499452484.7334412,0.024100484218248397,0.03168006045676086,0.09403646954627565,3.5099945068359375,0.009741781776868925,0.0814121992757133,,buy,none,Hold,Mixed,0.0,Hold,"MACD above signal, RSI overbought",,
2021-07-15,144.73117065429688,148.47999572753906,150.0,147.08999633789062,149.24000549316406,106820300,143.13614619101455,138.17791172512997,4.958234465884573,4.117362308457217,0.8408721574273557,4.958234465884573,138.8380012512207,,143.13614619101455,138.17791172512997,80.05905112619082,150.5359687339347,138.8380012512207,127.14003376850668,0.16851247320317012,2.5706016512604926,78.01948960527761,85532780.0,1.2488814230053087,540884900,494680270.607281,-0.004492109932034749,0.03658189076671792,0.08411206519388603,-0.6699981689453125,0.010061895760350855,0.06944780527970607,,buy,none,Hold,Mixed,0.0,Hold,"MACD above signal, RSI overbought",,
2021-07-16,142.69390869140625,146.38999938964844,149.75999450683594,145.8800048828125,148.4600067138672,93251400,143.6367389908044,138.78621451509431,4.850524475710074,4.263994741907789,0.5865297338022852,4.850524475710074,139.5680015563965,,143.6367389908044,138.78621451509431,71.54905362850894,151.2377270615565,139.5680015563965,127.89827605123648,0.1672263753156131,2.664129363600703,57.45133471519929,85359265.0,1.092457860315456,447633500,425943215.4190822,-0.014075945568625792,0.008820886044469844,0.0664383684223222,-2.089996337890625,0.010960632421145994,0.048879383219478933,,buy,none,Hold,Mixed,0.0,Hold,"MACD above signal, RSI overbought",,
2021-07-19,138.85340881347656,142.4499969482422,144.07000732421875,141.6699981689453,143.75,121434600,143.45416329194867,139.0576058064386,4.396557485510073,4.290507290628246,0.10605019488182688,4.396557485510073,140.16750106811523,,143.45416329194867,139.0576058064386,58.84928439991202,151.11350308643196,140.16750106811523,129.2214990497985,0.15618459250404212,2.810977353393733,27.475432351407736,85983330.0,1.4123039896221745,326198900,383440680.78748524,-0.026914423511397723,-0.014186872330503864,0.017790726742858087,-3.94000244140625,0.012711558650395891,0.016284059163027775,,buy,none,Hold,Mixed,0.0,Hold,MACD above signal,,
2021-07-20,142.45997619628906,146.14999389648438,147.10000610351562,142.9600067138672,143.4600067138672,96350000,143.86890646187726,139.58296788718275,4.285938574694512,4.289593547441499,-0.0036549727469870064,4.285938574694512,140.86000061035156,,143.86890646187726,139.58296788718275,65.11193737217431,151.4748617400048,140.86000061035156,130.24513948069833,0.15071505159248405,2.9423367678137113,10.797307725988116,86817665.0,1.1097971824052166,422548900,435571507.0473491,0.025974005107115117,0.0035017475211016613,0.029080337274882684,3.6999969482421875,0.013440617288378634,0.037554971341836385,,sell,bearish,Sell,Mixed,-2.0,Sell,bearish MACD crossover,,146.14999389648438
2021-07-21,141.72889709472656,145.39999389648438,146.1300048828125,144.6300048828125,145.52999877929688,74993500,144.10445837489374,140.01385870268658,4.090599672207162,4.249794772394631,-0.1591951001874694,4.090599672207162,141.43100051879884,,144.10445837489374,140.01385870268658,63.01834312302622,151.72791887285786,141.43100051879884,131.13408216473982,0.1456104859088565,2.840740499660723,13.364314452571048,86828160.0,0.863700209701553,347555400,437570235.1764181,-0.005131714206784155,-0.025142475048323787,0.005741070278873606,-0.75,0.01349963628115013,0.028063107544501698,,sell,none,Hold,Mixed,-2.0,Sell,MACD below signal,,145.39999389648438
2021-07-22,143.09356689453125,146.8000030517578,148.1999969482422,145.80999755859375,145.94000244140625,77338200,144.51915755594976,140.51653606187705,4.002621494072713,4.2003601167302484,-0.1977386226575355,4.002621494072713,142.08600082397462,,144.51915755594976,140.51653606187705,65.26362411777194,151.99165478467947,142.08600082397462,132.18034686326976,0.1394318075427659,2.837830681953372,21.58187792617527,87684360.0,0.8820067797723562,424893600,424303384.4521043,0.009628674099327439,-0.011314606170005792,0.024853374909732606,1.4000091552734375,0.013467237832359508,0.03317710541816998,,sell,none,Hold,Mixed,-2.0,Sell,MACD below signal,,146.8000030517578
2021-07-23,144.8091278076172,148.55999755859375,148.72000122070312,146.9199981689453,147.5500030517578,71447400,145.1408252486642,141.1123480245968,4.028477224067416,4.165983538197682,-0.13750631413026593,4.028477224067416,142.84350051879883,133.72979965209962,145.1408252486642,141.1123480245968,67.90194812904477,152.2856771021945,142.84350051879883,133.40132393540316,0.13220309708320324,2.77227121673851,25.156227195950297,87821180.0,0.8135554543903873,496341000,483048755.2671765,0.011989063148829748,0.014823404453806921,0.023775046059755,1.7599945068359375,0.01345536040142083,0.04001930097647399,0.11089673315203608,sell,none,Hold,Uptrend,1.0,Hold,"MACD below signal, trend up",,
2021-07-26,145.22830200195312,148.99000549316406,149.8300018310547,147.6999969482422,148.27000427246094,72434100,145.7330068247411,141.69587820745363,4.037128617287465,4.140212554015639,-0.10308393672817395,4.037128617287465,143.63750076293945,134.21019973754883,145.7330068247411,141.69587820745363,68.53084373973338,152.3116378190203,143.63750076293945,134.96336370685862,0.12077816740068051,2.7263950500295095,32.21842310521019,87903700.0,0.8240165089751625,568775100,498352114.178862,0.002894506876931713,0.045910906879823354,0.031072702374837835,0.4300079345703125,0.01334862790117425,0.0372639784303852,0.11012431085355279,sell,none,Hold,Uptrend,1.0,Hold,"MACD below signal, trend up",,
2021-07-27,143.0643310546875,146.77000427246094,149.2100067138672,145.5500030517578,149.1199951171875,104818600,145.89254489362108,142.07173939745417,3.820805496166912,4.076331142445893,-0.255525646278981,3.820805496166912,144.23700103759765,134.5965998840332,145.89254489362108,142.07173939745417,61.798877866632296,151.9877751098952,144.23700103759765,136.4862269653001,0.1074727568729358,2.7930813794637857,28.072354275116723,90039065.0,1.1641458071560384,463956500,463412580.84552866,-0.014900336524955593,0.004242288073003309,0.007758891015848368,-2.220001220703125,0.014006263951208348,0.017561396983032163,0.09044362486805912,sell,none,Hold,Uptrend,1.0,Hold,"MACD below signal, trend up",,
2021-07-28,141.3195343017578,144.97999572753906,146.97000122070312,142.5399932861328,144.80999755859375,118931200,145.75215271422385,142.2871657922753,3.464986921948565,3.9540622983464275,-0.48907537639786236,3.464986921948565,144.66950073242188,134.97079986572265,145.75215271422385,142.2871657922753,56.94181518073079,151.52023468632126,144.66950073242188,137.8187667785225,0.09470875228318336,2.9100047048285376,16.47477103639128,92757820.0,1.282168985860168,345025300,475493524.68157446,-0.012196010716187922,-0.002888570746738317,-0.027958419977136884,-1.790008544921875,0.014368344396686349,0.002146236722634809,0.07415823179364844,sell,none,Hold,Uptrend,-1.0,Hold,"MACD below signal, trend up",,
2021-07-29,141.96287536621094,145.63999938964844,146.5500030517578,144.5800018310547,144.69000244140625,56699500,145.73489835659686,142.53552383652516,3.1993745200717,3.8031247426914825,-0.6037502226197824,3.1993745200717,145.10350036621094,135.38659988403322,145.73489835659686,142.53552383652516,58.24491712785658,150.9754886924002,145.10350036621094,139.23151204002167,0.08093517125871665,2.8428615988195793,5.738560656194861,92429725.0,0.6134336113193023,401724800,479810567.15055346,0.0045523774421245555,-0.007901932138927759,-0.019127131058799485,0.660003662109375,0.014367989082095264,0.0036973541098834772,0.07573422712733668,sell,none,Hold,Uptrend,-1.0,Hold,"MACD below signal, trend up",,
2021-07-30,142.17730712890625,145.86000061035156,146.3300018310547,144.11000061035156,144.3800048828125,70440600,145.7541448571745,142.7817813753271,2.9723634818473954,3.6369724905226652,-0.6646090086752698,2.9723634818473954,145.53300018310546,135.80999984741212,145.7541448571745,142.7817813753271,58.69366537355575,150.1788685460459,145.53300018310546,140.88713182016502,0.0638462528374339,2.7983715718112614,3.9082183048851387,93327465.0,0.7547681703344241,472165400,520424906.08518815,0.001510582406104799,-0.018174454716029964,-0.0036204575552061247,0.220001220703125,0.014371489102612777,0.0022469160041687086,0.07400044749452195,sell,none,Hold,Uptrend,-1.0,Hold,"MACD below signal, trend up",,
2021-08-02,141.84588623046875,145.52000427246094,146.9499969482422,145.25,146.36000061035156,62880000,145.71812322875704,142.98461270104073,2.733510527716305,3.4562800979613932,-0.722769570245088,2.733510527716305,145.81100006103514,136.17419998168944,145.71812322875704,142.98461270104073,57.66228446018276,149.69215190737654,145.81100006103514,141.92984821469375,0.05323537791684827,2.7199162415563274,4.829918906750208,92528835.0,0.679571941006282,409285400,477518905.06194985,-0.002330977214232255,-0.023290161036085943,0.0215514734291935,-0.339996337890625,0.013877702215220375,-0.001995705320259833,0.0686312406610663,sell,none,Hold,Uptrend,-1.0,Hold,"MACD below signal, trend up",,
2021-08-03,143.63941955566406,147.36000061035156,148.0399932861328,145.17999267578125,145.80999755859375,64786600,145.97071974900234,143.30871550913784,2.662004239864501,3.297424926342015,-0.6354206864775138,2.662004239864501,146.0779998779297,136.61279998779298,145.97071974900234,143.30871550913784,61.5954148098897,149.59705298523446,146.0779998779297,142.55894677062494,0.0481804667403094,2.729922267898844,9.8729971346925,90359075.0,0.7169905181078934,474072000,511498229.4765407,0.012644284523559701,0.004019870005558923,0.008279211525141772,1.839996337890625,0.01378542046736566,0.00877613831989188,0.07866906046518984,sell,none,Hold,Uptrend,1.0,Hold,"MACD below signal, trend up",,
2021-08-04,143.23976135253906,146.9499969482422,147.7899932861328,146.27999877929688,147.27000427246094,56368300,146.12137777965464,143.5784400601826,2.542937719472036,3.1465274849680194,-0.6035897654959834,2.542937719472036,146.19699935913087,137.0097999572754,146.12137777965464,143.5784400601826,60.25221870555934,149.66461507250568,146.19699935913087,142.72938364575606,0.04743757708537728,2.642784570680065,15.186098478827233,87931910.0,0.6410448721061558,417703700,505152174.74377257,-0.00278232668574363,0.013588089934871705,0.0106602690290436,-0.410003662109375,0.013288146600620297,0.00515056801721081,0.07255099265940479,sell,none,Hold,Uptrend,1.0,Hold,"MACD below signal, trend up",,
2021-08-05,143.34703063964844,147.05999755859375,147.83999633789062,146.1699981689453,146.97999572753906,46397700,146.26578082256836,143.83633320821306,2.429447614355297,3.0031115108454753,-0.5736638964901783,2.429447614355297,146.38799896240235,137.41299987792968,146.26578082256836,143.83633320821306,60.5010862337247,149.59402859040432,146.38799896240235,143.18196933440038,0.04380180958447822,2.573299827699011,24.501871003298227,84973020.0,0.5460286100223342,464101400,508208330.9802384,0.0007485580989179397,0.009750056130845008,0.001771079710020551,0.1100006103515625,0.013074647008355188,0.004590530651108926,0.07020440343514767,sell,none,Hold,Uptrend,1.0,Hold,"MACD below signal, trend up",,
2021-08-06,142.66366577148438,146.13999938964844,147.11000061035156,145.6300048828125,146.35000610351562,54126800,146.24642983288837,144.00697514757866,2.2394546853097097,2.850380145738322,-0.6109254604286125,2.2394546853097097,146.4394989013672,137.79879989624024,146.24642983288837,144.00697514757866,57.271334098471094,149.59444134154282,146.4394989013672,143.28455646119156,0.04308868118021368,2.4952066776875865,18.739516637272168,82684820.0,0.6546159258736972,409974600,491384842.2789919,-0.006255937605185613,0.001919640601434347,-0.01628970253577744,-0.9199981689453125,0.012880078564869975,-0.002045209891905375,0.06053172814051333,sell,none,Hold,Uptrend,1.0,Hold,"MACD below signal, trend up",,
2021-08-09,142.61485290527344,146.08999633789062,146.6999969482422,145.52000427246094,146.1999969482422,48908700,146.22236314135026,144.1612730135277,2.0610901278225526,2.6925221421551684,-0.6314320143326158,2.0610901278225526,146.5189987182617,138.21499984741212,146.22236314135026,144.1612730135277,57.092939108329176,149.5522280416019,146.5189987182617,143.48576939492153,0.04140390461134276,2.4012628204085624,11.619938282616177,81315270.0,0.6014700559931733,361065900,489726555.7818109,-0.0003421585600564825,0.003916932715054555,-0.019464454314732538,-0.0500030517578125,0.01283579034555688,-0.0029279641829658143,0.05697642440525574,sell,none,Hold,Uptrend,1.0,Hold,"MACD below signal, trend up",,
2021-08-10,142.1365203857422,145.60000610351562,147.7100067138672,145.3000030517578,146.44000244140625,69023100,146.1266159047603,144.26784583500827,1.8587700697520404,2.525771727674543,-0.6670016579225027,1.8587700697520404,146.5169990539551,138.6347999572754,146.1266159047603,144.26784583500827,55.275930384562464,149.55259547881008,146.5169990539551,143.4814026291001,0.04143678132169666,2.401887166244335,1.3824651562801111,79725070.0,0.8657640564003267,292042800,437887778.74973583,-0.00335403002709167,-0.011943502304195164,-0.00797164362531022,-0.489990234375,0.012746818670634033,-0.006258611330838049,0.05024139789134319,sell,none,Hold,Uptrend,-1.0,Hold,"MACD below signal, trend up",,
2021-08-11,142.39035034179688,145.86000061035156,146.72000122070312,145.52999877929688,146.0500030517578,48493500,146.08559816715896,144.38578322577445,1.699814941384517,2.360580370416538,-0.6607654290320211,1.699814941384517,146.35249938964844,139.06639999389648,146.08559816715896,144.38578322577445,56.07475282552729,149.1464933265042,146.35249938964844,143.55850545279267,0.03818170442606585,2.315323971613043,2.443546557208703,75797205.0,0.6397795274904926,340536300,416289927.4264553,0.00178567648308392,-0.007417464175072719,0.006069836589499555,0.2599945068359375,0.011441913768943449,-0.003365154550491467,0.04885148833041808,sell,none,Hold,Uptrend,-1.0,Hold,"MACD below signal, trend up",,
2021-08-12,145.34825134277344,148.88999938964844,149.0500030517578,145.83999633789062,146.19000244140625,72282600,146.51704450908042,144.7194288675429,1.7976156415375328,2.247987424640737,-0.45037178310320414,1.7976156415375328,146.3729995727539,139.5430000305176,146.51704450908042,144.7194288675429,64.11825921420987,149.23433740768527,146.3729995727539,143.51166173782255,0.0390965252236858,2.379229881774054,24.245477915179002,74070320.0,0.9758645568157395,412818900,481366635.51549804,0.020773335846824503,0.012443913106455318,0.022315298088575686,3.029998779296875,0.012397039202738939,0.017195793105568402,0.06698293255187782,sell,none,Hold,Uptrend,1.0,Hold,"MACD below signal, trend up",,
2021-08-13,145.5532684326172,149.10000610351562,149.44000244140625,148.27000427246094,148.97000122070312,59375000,146.9144232159166,145.04391607020753,1.8705071457090696,2.172491368854404,-0.30198422314533424,1.8705071457090696,146.50849990844728,140.05420013427735,146.9144232159166,145.04391607020753,64.60207980997299,149.6070589230097,146.50849990844728,143.40994089388485,0.042298692792550684,2.2928561880005724,57.57881124851233,72376500.0,0.8203629631164812,472193900,506233406.1898854,0.0014104823341263284,0.020254596457024876,0.022213118604183846,0.2100067138671875,0.011932661593809839,0.01768843580193491,0.0645878949761276,sell,none,Hold,Uptrend,1.0,Hold,"MACD below signal, trend up",,
2021-08-16,147.5251922607422,151.1199951171875,151.19000244140625,146.47000122070312,148.5399932861328,103296000,147.5614342776506,145.49399599961347,2.067438278037116,2.1514807506909466,-0.08404247265383047,2.067438278037116,146.94199981689454,140.55880004882812,147.5614342776506,145.49399599961347,68.94027391905367,150.07381520747538,146.94199981689454,143.8101844263137,0.04262655189780209,2.466223690336469,88.90327330631675,71469570.0,1.4453144184301094,575489900,606465221.9982454,0.013547880154139325,0.03443082281734755,0.038482618748701736,2.019989013671875,0.010267355968258795,0.02843295521701883,0.07513720282679248,sell,none,Hold,Uptrend,1.0,Hold,"MACD below signal, trend up",,
2021-08-17,146.61732482910156,150.19000244140625,151.67999267578125,149.08999633789062,150.22999572753906,92229700,147.96582937976686,145.84184832863514,2.1239810511317216,2.145980810779102,-0.021999759647380213,2.1239810511317216,147.1440002441406,141.04460006713867,147.96582937976686,145.84184832863514,64.99115086679745,150.55420558758001,147.1440002441406,143.7337949007012,0.046351945546963584,2.4750645937331943,90.3663549776152,71263555.0,1.2942057128640299,483260200,592577897.5770786,-0.006154001494375949,0.03152469880136777,0.01920468118439933,-0.92999267578125,0.008908502388475126,0.020700824989206,0.0648404998838259,sell,none,Hold,Uptrend,1.0,Hold,"MACD below signal, trend up",,
2021-08-18,142.87844848632812,146.36000061035156,150.72000122070312,146.14999389648438,149.8000030517578,86326000,147.7187787998568,145.88022997913265,1.8385488207241565,2.084494412768113,-0.24594559204395638,1.8385488207241565,147.19200057983397,141.43700012207032,147.7187787998568,145.88022997913265,51.82470308724873,150.5289009098617,147.19200057983397,143.85510024980624,0.045340783695889286,2.6247033601964485,57.03302164428187,71830180.0,1.2018068171345249,396934200,514185819.03283817,-0.025501043803157875,0.003427944590070897,-0.004014946241192696,-3.8300018310546875,0.010682502975672829,-0.00565248088350534,0.03480701997378577,sell,none,Hold,Uptrend,1.0,Hold,"MACD below signal, trend up",,
2021-08-19,143.21034240722656,146.6999969482422,148.0,144.5,145.02999877929688,86960300,147.56204313037762,145.94095345832596,1.621089672051653,1.9918134646248211,-0.3707237925731681,1.621089672051653,147.1870002746582,141.8284001159668,147.56204313037762,145.94095345832596,52.74001251733495,150.52653391015704,147.1870002746582,143.84746663915936,0.04537810580101645,2.687224548753845,25.48229402337453,72311285.0,1.202582695080028,483894500,536546887.38610965,0.002323014050784167,-0.014708861914056182,-0.002447984607154119,0.339996337890625,0.010472571544119857,-0.0033087387167837212,0.03434852842090952,sell,none,Hold,Uptrend,-1.0,Hold,"MACD below signal, trend up",,
2021-08-20,144.6649169921875,148.19000244140625,148.5,146.77999877929688,147.44000244140625,60549600,147.65865225515125,146.1075496792949,1.551102575856362,1.9036712868711294,-0.3525687110147675,1.551102575856362,147.16850051879882,142.2700001525879,147.65865225515125,146.1075496792949,56.62903895971347,150.48139869105253,147.16850051879882,143.8556023465451,0.045021837697266365,2.6238515846827,11.139262913982497,71766395.0,0.843704076260205,544444100,575270656.1623912,0.010156820205591055,-0.006103310696564224,0.014027665665249822,1.4900054931640625,0.01036985089770719,0.006941036424278568,0.041611037340753665,sell,none,Hold,Uptrend,-1.0,Hold,"MACD below signal, trend up",,
2021-08-23,146.1487274169922,149.7100067138672,150.19000244140625,147.88999938964844,148.30999755859375,60131800,147.97424524879986,146.37439834852248,1.5998469002773845,1.8429064095523806,-0.2430595092749961,1.5998469002773845,147.204500579834,142.7172003173828,147.97424524879986,146.37439834852248,60.22487946866129,150.61014074810348,147.204500579834,143.7988604115645,0.04627087018202261,2.600719546616637,27.498978995440854,71151280.0,0.8451260469242436,604575900,610304222.4298973,0.010257131030562805,-0.009330257073042691,0.02477931731618277,1.5200042724609375,0.010608696268515589,0.017020581056720996,0.048997642757378834,sell,none,Hold,Uptrend,-1.0,Hold,"MACD below signal, trend up",,
2021-08-24,146.0608673095703,149.6199951171875,150.86000061035156,149.14999389648438,149.4499969482422,48606400,148.2274375362441,146.61481292397914,1.6126246122649661,1.7968500500948976,-0.1842254378299315,1.6126246122649661,147.3470001220703,143.10000030517577,148.2274375362441,146.61481292397914,59.90812304683092,150.9031674186627,147.3470001220703,143.79083282547793,0.048269286699372964,2.5370972014202477,41.459192183648526,68340670.0,0.7112368081846432,555969500,588417094.5224848,-0.0006012396810035625,-0.0037952414605034734,0.02760981349694336,-0.0900115966796875,0.009994829270129768,0.015426136896130371,0.045562507324298895,sell,none,Hold,Uptrend,-1.0,Hold,"MACD below signal, trend up",,
2021-08-25,144.8308563232422,148.36000061035156,150.32000732421875,147.8000030517578,149.80999755859375,58991300,148.24783185533755,146.74408608593268,1.5037457694048726,1.7382291939568928,-0.2344834245520202,1.5037457694048726,147.51600036621093,143.47440032958986,148.24783185533755,146.74408608593268,55.507107008108704,150.92433919155977,147.51600036621093,144.1076615408621,0.04620975103565141,2.5358762779231543,39.27417994609787,65343675.0,0.9027851586247636,496978200,555643991.3241996,-0.008421297606974743,0.01366493571781624,0.017139722950354708,-1.2599945068359375,0.009765343461900852,0.00572141491123257,0.03405206970399233,sell,none,Hold,Uptrend,1.0,Hold,"MACD below signal, trend up",,
2021-08-26,144.03036499023438,147.5399932861328,149.1199951171875,147.50999450683594,148.35000610351562,48597200,148.13893361392144,146.80304217483638,1.33589143908506,1.6577616429825262,-0.3218702038974661,1.33589143908506,147.61100006103516,143.82220031738282,148.13893361392144,146.80304217483638,52.78913162357223,150.90901658305899,147.61100006103516,144.31298353901133,0.044685240539799116,2.469742301668041,24.79273121507529,64938560.0,0.7483566004543372,448381000,508857792.72118384,-0.005527145597501004,0.005725946526004222,-0.00906713754483024,-0.82000732421875,0.009842923742717414,-0.00048103986066749815,0.02584992414624221,sell,none,Hold,Uptrend,1.0,Hold,"MACD below signal, trend up",,
2021-08-27,145.065185546875,148.60000610351562,148.75,146.8300018310547,147.47999572753906,55802400,148.20986784308977,146.9361506139978,1.2737172290919716,1.5809527602044153,-0.3072355311124437,1.2737172290919716,147.74800033569335,144.15840057373046,148.20986784308977,146.9361506139978,55.80198346163691,150.97046266342818,147.74800033569335,144.52553800795852,0.04362106181353631,2.4304748636164173,16.79584225054677,64206650.0,0.8691062374380224,504183400,555941414.1884131,0.007184579541948732,0.002766743068726818,-0.0033534539204033154,1.0600128173828125,0.00994888672945322,0.00576661454562144,0.03081059107279338,sell,none,Hold,Uptrend,1.0,Hold,"MACD below signal, trend up",,
2021-08-30,149.47763061523438,153.1199951171875,153.49000549316406,148.61000061035156,149.0,90956700,148.9652720391048,147.39421316978965,1.5710588693151522,1.5789739820265627,-0.007915112711410544,1.5710588693151522,148.12799987792968,144.61160034179687,148.9652720391048,147.39421316978965,65.81887702346737,151.94710149220955,148.12799987792968,144.3088982636498,0.051564884659580146,2.606155186904419,36.878471720309776,65610485.0,1.3863134832793875,595140100,633105126.8563222,0.03041715227469921,0.02277729109876825,0.013234516044346556,4.519989013671875,0.011882569499659925,0.03370055116771753,0.05883618433984972,sell,none,Hold,Uptrend,1.0,Hold,"MACD below signal, trend up",,
2021-08-31,148.21836853027344,151.8300018310547,152.8000030517578,151.2899932861328,152.66000366210938,86453100,149.4059996994048,147.72279010766115,1.6832095917436334,1.599821103969977,0.08338848777365637,1.6832095917436334,148.35149993896485,145.0022003173828,149.4059996994048,147.72279010766115,61.53269168506109,152.47566375096994,148.35149993896485,144.22733612695976,0.05559989368091145,2.550715661486581,53.906942749043395,66693810.0,1.2962687241889466,508687000,608486610.7083836,-0.008424721311841354,0.014770797928019164,0.01091949772281442,-1.2899932861328125,0.01188060771991604,0.023447702878103494,0.04708757176599465,buy,bullish,Buy,Uptrend,5.0,Strong Buy,"bullish MACD crossover, trend up",151.8300018310547,
2021-09-01,148.8821258544922,152.50999450683594,154.97999572753906,152.33999633789062,152.8300018310547,80313700,149.88353736208649,148.07739784093337,1.8061395211531135,1.6410847874066046,0.16505473374650892,1.8061395211531135,148.62949981689454,145.37280029296875,149.88353736208649,148.07739784093337,62.90404238682707,153.07532535410792,148.62949981689454,144.18367427968116,0.059824268300579034,2.5935212497007094,67.7385175082344,67891080.0,1.1829786770220772,589000700,538516232.752137,0.004478644981759983,0.02797245807098503,0.04201963563021072,0.67999267578125,0.011851770877833146,0.02610850937883802,0.049095801962152796,buy,none,Hold,Uptrend,3.0,Buy,"MACD above signal, trend up",152.50999450683594,
2021-09-02,149.99502563476562,153.64999389648438,154.72000122070312,152.39999389648438,153.8699951171875,71115500,150.46299221353232,148.49018273393716,1.9728094795951563,1.7074297258443152,0.2653797537508411,1.9728094795951563,148.95899963378906,145.77180023193358,150.46299221353232,148.49018273393716,65.14729553395766,153.84566402607973,148.95899963378906,144.0723352414984,0.06561086479238418,2.573984540737712,66.43058277030998,69126970.0,1.0287663411256127,660116200,544033572.7195148,0.007474915944589711,0.04141250432689181,0.04737557663817982,1.1399993896484375,0.01191191177330306,0.03149184859073961,0.05404470310455123,buy,none,Hold,Uptrend,3.0,Buy,"MACD above signal, trend up",153.64999389648438,
2021-09-03,150.62960815429688,154.3000030517578,154.6300048828125,153.08999633789062,153.75999450683594,57808700,151.05330157325932,148.92053979451646,2.1327617787428608,1.7924961364240244,0.3402656423188364,2.1327617787428608,149.36699981689452,146.18960021972657,151.05330157325932,148.92053979451646,66.39512024824157,154.5947663870546,149.36699981689452,144.13923324673445,0.06999894992292363,2.5001291124651526,80.85717772447393,69311065.0,0.8340472044398684,717924900,577067115.5766577,0.0042304535053308,0.03835798596314688,0.04123085572366758,0.6500091552734375,0.011746921325143244,0.03302605823850335,0.05547865798826401,buy,none,Hold,Uptrend,3.0,Buy,"MACD above signal, trend up",154.3000030517578,
2021-09-07,152.9627227783203,156.69000244140625,157.25999450683594,154.38999938964844,154.97000122070312,82278300,151.920486322205,149.49605554613794,2.424430776067055,1.9188830643526305,0.5055477117144247,2.424430776067055,149.89700012207032,146.66120025634766,151.920486322205,149.49605554613794,70.5676970914867,155.7947509768944,149.89700012207032,143.99924926724626,0.07869071228938761,2.5329764226517932,92.6130063625111,70979545.0,1.1591832548377141,800203200,626663842.0950959,0.01548930228372547,0.023315095598628544,0.04662344141684227,2.3899993896484375,0.012054434860408433,0.045317800314909285,0.06838074533366245,buy,none,Hold,Uptrend,1.0,Hold,"MACD above signal, RSI overbought, trend up",,
2021-09-08,151.42030334472656,155.11000061035156,157.0399932861328,153.97999572753906,156.97999572753906,74420200,152.4111808280737,149.91190332867228,2.4992774994014155,2.0349619513623876,0.46431554803902797,2.4992774994014155,150.37249984741212,147.06780029296874,152.4111808280737,149.91190332867228,64.83624900713087,156.3408587918325,150.37249984741212,144.40414090299174,0.07938098988148315,2.5706207895047903,89.28361848203622,71249400.0,1.0445028309010322,725783000,607207862.0133166,-0.010083616098260806,0.021603100439573364,0.03669299339880405,-1.5800018310546875,0.01234843152489602,0.03150510078469626,0.05468362416084438,buy,none,Hold,Uptrend,3.0,Buy,"MACD above signal, trend up",155.11000061035156,
2021-09-09,150.40504455566406,154.07000732421875,156.11000061035156,153.9499969482422,155.49000549316406,57305700,152.6663849044037,150.2199110320461,2.4464738723576147,2.117264335561433,0.3292095367961818,2.4464738723576147,150.78300018310546,147.42260040283202,152.6663849044037,150.2199110320461,61.30666334334479,156.5803313641179,150.78300018310546,144.985669002093,0.07689635003909435,2.541290994690832,71.91994954625024,71690010.0,0.7993540522591641,668477300,556270001.7751104,-0.006704875778740793,0.010228921864611884,0.038487508023566264,-1.0399932861328125,0.01254546750616988,0.021799587069641024,0.04509082666580766,buy,none,Hold,Uptrend,3.0,Buy,"MACD above signal, trend up",154.07000732421875,
2021-09-10,145.4263458251953,148.97000122070312,155.47999572753906,148.6999969482422,155.0,140893200,152.0977104915267,150.12732512009475,1.970385371431945,2.087888542735535,-0.11750317130359011,1.970385371431945,150.7870002746582,147.66280029296874,152.0977104915267,150.12732512009475,47.617001200745946,156.57920947893754,150.7870002746582,144.99479107037885,0.07682637354319469,2.844055836448406,38.58661621291691,75120540.0,1.8755615974006576,527584100,426598563.6659402,-0.03310187486902216,-0.030458788556374516,0.009692341057634613,-5.100006103515625,0.014166153773838999,-0.012050104124662009,0.008852608274669382,sell,bearish,Sell,Uptrend,-4.0,Sell,"bearish MACD crossover, trend up, volume spike",,148.97000122070312
2021-09-13,145.9925537109375,149.5500030517578,151.4199981689453,148.75,150.6300048828125,102404300,151.70575550079303,150.08456052244017,1.621194978352861,1.9945498298590005,-0.37335485150613956,1.621194978352861,150.80950012207032,147.9084002685547,151.70575550079303,150.08456052244017,49.011445284630774,156.5787726111111,150.80950012207032,145.04022763302953,0.07651073021753858,2.8316231459124706,17.994939347122187,77272005.0,1.3252445047854007,629988400,385560412.5015281,0.003893413615506436,-0.030784186040532235,0.006392980546584992,0.5800018310546875,0.014188896412505763,-0.008351576454354803,0.011098779922049662,sell,none,Hold,Uptrend,-1.0,Hold,"MACD below signal, trend up",,
2021-09-14,144.59654235839844,148.1199951171875,151.07000732421875,146.91000366210938,150.35000610351562,109296300,151.1541000571614,149.93903715908812,1.2150628980732847,1.8386524435018574,-0.6235895454285727,1.2150628980732847,150.6595001220703,148.0716000366211,151.1541000571614,149.93903715908812,45.77594229170011,156.54353879110218,150.6595001220703,144.77546145303845,0.07811042336214291,2.9265074684979635,2.0252749495748414,77572020.0,1.4089655007050224,520692100,339844628.1997271,-0.009562072252685905,-0.05469402763857556,-0.032654128523014525,-1.4300079345703125,0.01398825973111692,-0.016855923475288304,0.0003268356697330166,sell,none,Hold,Uptrend,-1.0,Hold,"MACD below signal, trend up",,
2021-09-15,145.4849395751953,149.02999877929688,149.44000244140625,146.3699951171875,148.55999755859375,83281300,150.82731524518223,149.87170098280728,0.9556142623749508,1.6620448072764762,-0.7064305449015253,0.9556142623749508,150.60149993896485,148.2117999267578,150.82731524518223,149.87170098280728,48.1229211940951,156.52563905654904,150.60149993896485,144.67736082138066,0.07867304269858003,2.936757458192305,5.180865617182862,77124600.0,1.079827966692858,603973400,400881265.96986175,0.006143692223250508,-0.03919800017490893,-0.01844169807014462,0.910003662109375,0.014015820397901968,-0.01043483073080187,0.005520470387265997,sell,none,Hold,Uptrend,-1.0,Hold,"MACD below signal, trend up",,
2021-09-16,145.25059509277344,148.7899932861328,148.97000122070312,147.22000122070312,148.44000244140625,68034100,150.51388109763616,149.79157448675733,0.7223066108788316,1.4740971679969472,-0.7517905571181156,0.7223066108788316,150.7229995727539,148.2961996459961,150.51388109763616,149.79157448675733,47.53850077907058,156.38821127225583,150.7229995727539,145.05778787325198,0.07517381840277575,2.8562746082209793,5.525408780665563,76210005.0,0.8927187447369935,535939300,454919162.74546164,-0.0016104508832446296,-0.03427022643657629,-0.024391852040466677,-0.2400054931640625,0.012711822566610333,-0.012824892631519313,0.003329779463772331,sell,none,Hold,Uptrend,-1.0,Hold,"MACD below signal, trend up",,
2021-09-17,142.58554077148438,146.05999755859375,148.82000732421875,145.75999450683594,148.82000732421875,129868800,149.8286682454758,149.51516138096744,0.31350686450835497,1.2419791072992288,-0.9284722427908738,0.31350686450835497,150.69099960327148,148.3525994873047,149.8286682454758,149.51516138096744,41.382291187166544,156.45314635091967,150.69099960327148,144.9288528556233,0.07647632257823436,2.870827337446825,5.525408780665563,78355430.0,1.657432037575443,406070500,350514985.708347,-0.018347979371765355,-0.01953415881227072,-0.04939796055575563,-2.7299957275390625,0.013411185263827938,-0.03073177599770327,-0.01545373614371448,sell,none,Hold,Mixed,-3.0,Sell,"MACD below signal, volume spike",,146.05999755859375
2021-09-20,139.53981018066406,142.94000244140625,144.83999633789062,141.27000427246094,143.8000030517578,123478900,148.76887350638816,149.02811257062956,-0.25923906424139886,0.9417354729911033,-1.200974537232502,-0.25923906424139886,150.4284996032715,148.30919952392577,148.76887350638816,149.02811257062956,35.69334533504676,157.0384394049149,150.4284996032715,143.81855980162808,0.08788148281842804,3.0079106194958243,2.3698181130575433,81501895.0,1.5150433005269386,282591600,342559892.5538739,-0.02136105141269684,-0.044199267639358775,-0.07362281520202563,-3.1199951171875,0.013978218943020494,-0.049781106516483375,-0.03620272444160377,sell,none,Hold,Downtrend,-4.0,Sell,"MACD below signal, trend down, volume spike",,142.94000244140625
2021-09-21,140.01812744140625,143.42999267578125,144.60000610351562,142.77999877929688,143.92999267578125,75834000,147.94750722475632,148.61343702286302,-0.6659297981067027,0.620202418771542,-1.2861322168782447,-0.6659297981067027,150.1144989013672,148.28779937744142,147.94750722475632,148.61343702286302,37.15454425125182,157.3938870524802,150.1144989013672,142.8351107502542,0.09698447790703996,2.9230603841188905,1.3966318536996007,82287005.0,0.9215792943247844,358425600,320892308.7985501,0.003427943374884501,-0.03166353359447305,-0.08462575505149761,0.489990234375,0.013752112791863119,-0.04452938439995735,-0.03275931480576799,sell,none,Hold,Downtrend,-3.0,Sell,"MACD below signal, trend down",,143.42999267578125
2021-09-22,142.38058471679688,145.85000610351562,146.42999267578125,143.6999969482422,144.4499969482422,76404300,147.62481474456544,148.4087384362447,-0.7839236916792629,0.33937719668138105,-1.123300888360644,-0.7839236916792629,149.9259994506836,148.29199951171876,147.62481474456544,148.4087384362447,43.93084217066801,157.43836503344144,149.9259994506836,142.41363386792577,0.10021431386527381,2.928556070967541,9.270132407106638,83676900.0,0.9130871244035093,434829900,364832478.824764,0.016872436389261614,-0.02133793666931849,-0.05969953239893133,2.420013427734375,0.014389315525032812,-0.02718670118659927,-0.016467465650499613,sell,none,Hold,Downtrend,-3.0,Sell,"MACD below signal, trend down",,145.85000610351562
2021-09-23,143.3372802734375,146.8300018310547,147.0800018310547,145.63999938964844,146.64999389648438,64838200,147.50253583479457,148.2917949840084,-0.7892591492138195,0.11364992750234093,-0.9029090767161604,-0.7892591492138195,149.84949951171876,148.24559967041014,147.50253583479457,148.2917949840084,46.44896865517154,157.454681788622,149.84949951171876,142.24431723481553,0.10150427331001508,2.822230811713163,19.55048915298616,83969245.0,0.7721660472235995,499668100,407157453.1052709,0.0067192025130498045,-0.013172871453182577,-0.04699166060223836,0.9799957275390625,0.014386383868323298,-0.02015020197266615,-0.009549004101994996,sell,none,Hold,Downtrend,-3.0,Sell,"MACD below signal, trend down",,146.8300018310547
2021-09-24,143.42514038085938,146.9199981689453,147.47000122070312,145.55999755859375,145.66000366210938,53477900,147.41291465543316,148.19018040511483,-0.7772657496816748,-0.06453320793446221,-0.7127325417472126,-0.7772657496816748,149.81849975585936,148.2143997192383,147.41291465543316,148.19018040511483,46.685768818337046,157.46602127251612,149.81849975585936,142.1709782392026,0.10209048320626585,2.7570717295986067,28.660550546767887,84213280.0,0.6350292970419867,553146000,429836450.68943375,0.0006129288072487249,0.005887995513669475,-0.013761180338051293,0.089996337890625,0.014337082714747604,-0.019346753516003568,-0.008733304947056153,sell,none,Hold,Downtrend,-1.0,Hold,"MACD below signal, trend down",,
2021-09-27,141.91200256347656,145.3699951171875,145.9600067138672,143.82000732421875,145.47000122070312,74150700,147.0986193418569,147.9812777911943,-0.8826584493373844,-0.22815825621504665,-0.6545001931223378,-0.8826584493373844,149.65699920654296,148.19399963378908,147.0986193418569,147.9812777911943,43.14696257379334,157.53361961036507,149.65699920654296,141.78037880272086,0.10526230574691008,2.7815659521077465,29.312415576482632,85130695.0,0.8710219034391766,478995300,463099500.80173564,-0.010549980064493591,0.017000088388674506,-0.02795057070726803,-1.5500030517578125,0.014410250845871251,-0.028645530192937585,-0.019056132661107283,sell,none,Hold,Downtrend,-1.0,Hold,"MACD below signal, trend down",,
2021-09-28,138.53428649902344,141.91000366210938,144.75,141.69000244140625,143.25,108972300,146.3003707757419,147.53155378163245,-1.231183005890557,-0.42876320615014873,-0.8024197997404083,-1.231183005890557,149.09649963378905,148.1831997680664,146.3003707757419,147.53155378163245,36.49651567032343,157.48632858075476,149.09649963378905,140.70667068682334,0.11254226581539892,2.845739289512997,20.077309762190694,86031475.0,1.2666561860063426,370023000,369796519.8542937,-0.0238012765446467,-0.010597427952937055,-0.04192540953140722,-3.459991455078125,0.013241488054795122,-0.048200299734273755,-0.042334057543471304,sell,none,Hold,Downtrend,-3.0,Sell,"MACD below signal, trend down",,141.91000366210938
2021-09-29,139.4324493408203,142.8300018310547,144.4499969482422,142.02999877929688,142.47000122070312,74602000,145.76646786117465,147.18329067418225,-1.4168228130075988,-0.6263751275216387,-0.7904476854859601,-1.4168228130075988,148.64649963378906,148.1167999267578,145.76646786117465,147.18329067418225,39.18085570172882,157.3607765314546,148.64649963378906,139.93222273612352,0.11724832968330035,2.8239002892715557,18.29936505963222,85438920.0,0.8731617862210805,444625000,344518381.69279003,0.006482969101571312,-0.02070623343215716,-0.04160234180384015,0.9199981689453125,0.013380989213248642,-0.03912973273547715,-0.035693439895524204,sell,none,Hold,Downtrend,-3.0,Sell,"MACD below signal, trend down",,142.8300018310547
2021-09-30,138.13406372070312,141.5,144.3800048828125,141.27999877929688,143.66000366210938,89056700,145.1100881902247,146.76230617979837,-1.6522179895736713,-0.8315436999320454,-0.8206742896416259,-1.6522179895736713,148.09599990844725,148.03880004882814,145.1100881902247,146.76230617979837,36.76158659743924,157.1489328550187,148.09599990844725,139.0430669618758,0.12225762953986544,2.8436221331461318,12.447657296660797,85876070.0,1.0370374424446764,355568300,268102032.7485977,-0.009311781936598096,-0.03630049557029558,-0.048995185261643814,-1.3300018310546875,0.013332460051190539,-0.04453867702385539,-0.04416950182432866,sell,none,Hold,Downtrend,-3.0,Sell,"MACD below signal, trend down",,141.5
2021-10-01,139.2566680908203,142.64999389648438,142.9199981689453,139.11000061035156,141.89999389648438,94639600,144.73161214503386,146.45769045510846,-1.7260783100745982,-1.010450621960556,-0.7156276881140422,-1.7260783100745982,147.54599990844727,147.95579986572267,144.73161214503386,146.45769045510846,40.199860265621595,156.51862613423845,147.54599990844727,138.5733736826561,0.12162479811528222,2.912648949249533,23.48786817454769,87052275.0,1.0871582620902212,450207900,349327925.2850026,0.00812716534617941,-0.029063465325876225,-0.023346595365657308,1.149993896484375,0.013361881460235429,-0.033182912549312604,-0.03586075012979262,sell,none,Hold,Downtrend,-5.0,Strong Sell,"MACD below signal, trend down",,142.64999389648438
2021-10-04,135.8301544189453,139.13999938964844,142.2100067138672,138.27000427246094,141.75999450683594,98322000,143.87136402882072,145.9156392650744,-2.044275236253668,-1.2172155448191786,-0.8270596914344894,-2.044275236253668,146.7879997253418,147.76739990234375,143.87136402882072,145.9156392650744,34.10488854044546,155.91042382915558,146.7879997253418,137.665575621528,0.1242938676306367,3.017458997447669,14.75911962962483,89077940.0,1.1037749638125893,351885900,294427045.5427753,-0.02460564077824645,-0.04285613219231976,-0.026584601838911426,-3.5099945068359375,0.014010046957125055,-0.05210235407529018,-0.05838500588355067,sell,none,Hold,Downtrend,-3.0,Sell,"MACD below signal, trend down",,139.13999938964844
2021-10-05,137.75335693359375,141.11000061035156,142.24000549316406,139.36000061035156,139.49000549316406,80861100,143.44653888751776,145.55966603139123,-2.11312714387347,-1.3963978646300368,-0.7167292792434332,-2.11312714387347,146.00899963378907,147.6097998046875,143.44653888751776,145.55966603139123,39.6366708080625,154.23270075867575,146.00899963378907,137.7852985089024,0.11264649638738519,3.0233552193096656,25.81168369071385,89007080.0,0.908479415345386,432747000,311834476.8529096,0.014158410445197056,-0.00563739716096856,-0.01617508320365013,1.970001220703125,0.013910091545104458,-0.03355271959759254,-0.04403365632184486,sell,none,Hold,Downtrend,-3.0,Sell,"MACD below signal, trend down",,141.11000061035156
2021-10-06,138.6221160888672,142.0,142.14999389648438,138.3699951171875,139.47000122070312,83221100,143.22399444328425,145.29598706610298,-2.071992622818726,-1.5315168162677746,-0.5404758065509516,-2.071992622818726,145.35349960327147,147.51439971923827,143.22399444328425,145.29598706610298,42.005357675055635,152.60327966125215,145.35349960327147,138.1037195452908,0.09975377376902869,3.0774011878801804,34.658697617174674,89447125.0,0.9303943530884866,515968100,388450994.26569635,0.00630713192402288,-0.005811116855101939,-0.026397023945155862,0.8899993896484375,0.014084637260771186,-0.023071337204983222,-0.037382111371728755,sell,none,Hold,Downtrend,-3.0,Sell,"MACD below signal, trend down",,142.0
2021-10-07,139.88150024414062,143.2899932861328,144.22000122070312,142.72000122070312,143.05999755859375,61732700,143.2341481114148,145.14739493425333,-1.9132468228385164,-1.6078628175819232,-0.30538400525659326,-1.9132468228385164,144.8144989013672,147.48059967041016,143.2341481114148,145.14739493425333,45.35259449565058,150.90164389362656,144.8144989013672,138.72735390910782,0.08406817050004514,3.0161583330818194,64.45975474185177,89668475.0,0.6884548889673879,577700800,373634493.169098,0.009084459761498742,0.012650129230620477,-0.02410957229977473,1.2899932861328125,0.014382724566247904,-0.010527299592237083,-0.028414628050350443,sell,none,Hold,Downtrend,-1.0,Hold,"MACD below signal, trend down",,
2021-10-08,139.50070190429688,142.89999389648438,144.17999267578125,142.55999755859375,144.02999877929688,58773200,143.1827397706563,144.98092078330748,-1.7981810126511846,-1.6459264565957754,-0.15225455605540916,-1.7981810126511846,144.51099853515626,147.42579956054686,143.1827397706563,144.98092078330748,44.516074007122505,150.33888925523422,144.51099853515626,138.6831078150783,0.08065670819733718,2.916432389089368,78.31820959946944,85562475.0,0.6869039260493575,518927600,339531333.9045362,-0.00272174895611621,0.0017525412597032552,-0.027361858988306564,-0.3899993896484375,0.012586255552978475,-0.011147972507296489,-0.030698871415676288,sell,none,Hold,Downtrend,-1.0,Hold,"MACD below signal, trend down",,
2021-10-11,139.41290283203125,142.80999755859375,144.80999755859375,141.80999755859375,142.27000427246094,64452200,143.12539481495438,144.8201116555509,-1.6947168405965272,-1.6556845333959258,-0.03903230720060136,-1.6947168405965272,144.17399826049805,147.36479949951172,143.12539481495438,144.8201116555509,44.312954913405534,149.56012869574366,144.17399826049805,138.78786782525245,0.07471708491449029,2.9224015041544136,84.43224186477669,83664870.0,0.7703615627443156,454475400,318047267.2378695,-0.0006297854565047167,0.026376298584476876,-0.017610219746723166,-0.089996337890625,0.012515182031880808,-0.009460795416381451,-0.03090834416622712,sell,none,Hold,Downtrend,-1.0,Hold,"MACD below signal, trend down",,
2021-10-12,138.1438446044922,141.50999450683594,143.25,141.0399932861328,143.22999572753906,73035900,142.87687169062846,144.57491779268312,-1.6980461020546613,-1.6641568471276729,-0.033889254926988466,-1.6980461020546613,143.84349822998047,147.28459930419922,142.87687169062846,144.57491779268312,41.37606733801181,149.02796396389127,143.84349822998047,138.65903249606967,0.07208481158629428,2.8715161619910403,73.89634117048601,81851850.0,0.8922938210926203,381439500,276076396.9862038,-0.009103025516294383,0.0028346247236501476,-0.0028187523426880245,-1.3000030517578125,0.01250143763846036,-0.016222517888251464,-0.03920711890206874,sell,none,Hold,Downtrend,-1.0,Hold,"MACD below signal, trend down",,
2021-10-13,137.55807495117188,140.91000366210938,141.39999389648438,139.1999969482422,141.24000549316406,78762700,142.57427660931785,144.3034426718999,-1.7291660625820384,-1.677158690218546,-0.0520073723634924,-1.7291660625820384,143.4374984741211,147.15559936523437,142.57427660931785,144.3034426718999,40.05655003959338,148.18728396668786,143.4374984741211,138.68771298155434,0.06622794657038322,2.831407690319805,62.08072925508915,81625920.0,0.964922661821147,302676800,319754544.83367115,-0.004239918507647045,-0.007676030548525503,-0.013442541093126703,-0.5999908447265625,0.01235116775775482,-0.017620879051148064,-0.042442120653687576,sell,none,Hold,Downtrend,-3.0,Sell,"MACD below signal, trend down",,140.91000366210938
2021-10-14,140.34030151367188,143.75999450683594,143.8800048828125,141.50999450683594,142.11000061035156,69907100,142.75669474739755,144.26318725226554,-1.5064925048679925,-1.6430254531484354,0.13653294828044293,-1.5064925048679925,143.18599853515624,147.09179931640625,142.75669474739755,144.26318725226554,48.46393041479168,147.26011364691993,143.18599853515624,139.11188342339256,0.05690661312479345,2.841307228204328,68.36755458717995,81719570.0,0.8554511483601785,372583900,382581863.7158571,0.02022561046524851,0.0032800700867128274,0.015971692627815726,2.8499908447265625,0.013377320404354442,0.004008743714831509,-0.02265119350673883,buy,bullish,Buy,Downtrend,3.0,Buy,"bullish MACD crossover, trend down",143.75999450683594,
2021-10-15,141.39459228515625,144.83999633789062,144.89999389648438,143.50999450683594,143.77000427246094,67940300,143.0772026843965,144.30591385120073,-1.2287111668042314,-1.5601625958795948,0.3314514290753634,-1.2287111668042314,143.1249984741211,147.04739929199218,143.0772026843965,144.30591385120073,51.25405239083997,147.0592960712866,143.1249984741211,139.1907008769556,0.05497708491332329,2.737642382593193,82.43573149012686,78623145.0,0.8641259517156176,440524200,444657050.161875,0.007512533892058082,0.01357594488640479,0.015352278549660925,1.0800018310546875,0.012918565942125097,0.011982517953211591,-0.01501150625396852,buy,none,Hold,Downtrend,1.0,Hold,"MACD above signal, trend down",,
2021-10-18,143.06393432617188,146.5500030517578,146.83999633789062,143.16000366210938,143.4499969482422,85589200,143.61147966399054,144.47214268087163,-0.8606630168810909,-1.4202626800798943,0.5595996631988034,-0.8606630168810909,143.30549850463868,147.05559936523437,143.61147966399054,144.47214268087163,55.373706210898526,147.51116885595454,143.30549850463868,139.09982815332282,0.05869517073944969,2.804953117820911,100.0,76728660.0,1.1154788836400897,526113400,516756933.44185776,0.01180617755525204,0.026188681164493133,0.053255740222898584,1.7100067138671875,0.012186095427032721,0.022640474936236332,-0.0034381303102973826,buy,none,Hold,Downtrend,1.0,Hold,"MACD above signal, trend down",,
2021-10-19,145.22134399414062,148.75999450683594,149.1699981689453,146.5500030517578,147.00999450683594,76378900,144.40355887058215,144.78976133464676,-0.3862024640646098,-1.2134506368768374,0.8272481728122276,-0.3862024640646098,143.5719985961914,147.1089993286133,144.40355887058215,144.78976133464676,60.07042304361881,148.40426302155294,143.5719985961914,138.73973417082988,0.06731485906179642,2.791741832061382,100.0,76755905.0,0.9950882606361034,602492300,569230728.8083023,0.01508011879261173,0.05123313038959787,0.05421298181132017,2.209991455078125,0.012564898501333905,0.036135151431834656,0.011222937996707039,buy,none,Hold,Mixed,2.0,Buy,MACD above signal,148.75999450683594,
2021-10-20,145.70945739746094,149.25999450683594,149.75,148.1199951171875,148.6999969482422,58418800,145.15070281462118,145.12088971777186,0.029813096849323983,-0.9647978901316052,0.9946109869809292,0.029813096849323983,143.74249801635742,147.18219909667968,145.15070281462118,145.12088971777186,61.06873476062692,149.09668283971973,143.74249801635742,138.3883131929951,0.07449689406055861,2.708760621400748,100.0,75856630.0,0.7701212141905065,660911100,592526280.7666637,0.003361118704377386,0.05925761569596677,0.05112672187912626,0.5,0.012071116365679976,0.03838458748539808,0.014117165138913368,buy,none,Hold,Uptrend,3.0,Buy,"MACD above signal, trend up",149.25999450683594,
2021-10-21,145.92422485351562,149.47999572753906,149.63999938964844,147.8699951171875,148.80999755859375,61421000,145.816747878147,145.4437864592361,0.3729614189109043,-0.6972460283231033,1.0702074472340075,0.3729614189109043,143.87499771118163,147.25459899902344,145.816747878147,145.4437864592361,61.52455632319953,149.6433866094979,143.87499771118163,138.10660881286537,0.08018611975787304,2.641706596476476,100.0,75685770.0,0.8115263939311181,722332100,642842691.8305521,0.0014739463272126496,0.03978854646124197,0.043199125768996094,0.220001220703125,0.012002264979034595,0.03895741515568285,0.015112578782890074,buy,none,Hold,Uptrend,3.0,Buy,"MACD above signal, trend up",149.47999572753906,
2021-10-22,145.1530303955078,148.69000244140625,150.17999267578125,148.63999938964844,149.69000244140625,58883400,146.25878704172533,145.6842469023598,0.5745401393655243,-0.4428887947853779,1.0174289341509022,0.5745401393655243,143.9634979248047,147.2505990600586,146.25878704172533,145.6842469023598,58.85956154038721,149.96561670768745,143.9634979248047,137.96137914192195,0.08338389757683973,2.5630127885947855,95.94144626872966,75956045.0,0.7752299372617413,663448700,587783139.2776663,-0.005284943194491021,0.026581097768976214,0.04051790617371265,-0.7899932861328125,0.012083510903634386,0.032831270320135664,0.009775195418801452,buy,none,Hold,Uptrend,3.0,Buy,"MACD above signal, trend up",148.69000244140625,
2021-10-25,145.10421752929688,148.63999938964844,149.3699951171875,147.6199951171875,148.67999267578125,50720600,146.62512740294426,145.90319153104784,0.7219358718964202,-0.20992386144901834,0.9318597333454385,0.7219358718964202,144.12699813842772,147.24139892578125,146.62512740294426,145.90319153104784,58.686283998937725,150.44338847818,144.12699813842772,137.81060779867545,0.08765034200858962,2.504940446552301,91.53446612229467,74784540.0,0.6782230658903565,612728100,596188514.936846,-0.0003362906109138919,0.014261318965326009,0.0408234852651872,-0.0500030517578125,0.011796857837021398,0.03131267083552358,0.009498690409564636,buy,none,Hold,Uptrend,3.0,Buy,"MACD above signal, trend up",148.63999938964844,
2021-10-26,145.76805114746094,149.32000732421875,150.83999633789062,149.00999450683594,149.3300018310547,60893400,147.03972431390957,146.15628899720863,0.8834353167009397,0.008747974180973256,0.8746873425199664,0.8834353167009397,144.49749832153321,147.20539916992186,147.03972431390957,146.15628899720863,60.393897254271195,151.1124935112917,144.49749832153321,137.88250313177474,0.09155861197041497,2.4831587681015783,89.77889389387937,72380595.0,0.8412945486286759,673621500,555926498.1121719,0.004574865025313457,0.0037645391103928727,0.0551905386230902,0.6800079345703125,0.010237685314004178,0.03337434252290361,0.014365017629930588,buy,none,Hold,Uptrend,3.0,Buy,"MACD above signal, trend up",149.32000732421875,
2021-10-27,145.3092498779297,148.85000610351562,149.72999572753906,148.49000549316406,149.36000061035156,56094900,147.3182292046182,146.35582359767582,0.962405606942383,0.1994795007332552,0.7629261062091277,0.962405606942383,144.79849853515626,147.17859924316406,147.3182292046182,146.35582359767582,58.59130251476736,151.62700589294795,144.79849853515626,137.96999117736456,0.09431737796830497,2.3943610156925366,89.28298990531923,71455240.0,0.7850354991460389,617526600,532403142.1095139,-0.0031476104851951847,-0.0027468070374445652,0.0563480394227065,-0.470001220703125,0.010271772215862172,0.02798031477775087,0.01135631721558994,buy,none,Hold,Uptrend,1.0,Hold,"MACD above signal, trend up",,
2021-10-28,148.94070434570312,152.57000732421875,153.1699981689453,149.72000122070312,149.82000732421875,100077900,148.12619506917213,146.81613350334567,1.3100615658264587,0.421595913751896,0.8884656520745627,1.3100615658264587,145.35199890136718,147.3027993774414,148.12619506917213,146.81613350334567,66.98949757926883,152.78882035735512,145.35199890136718,137.91517744537924,0.1023284373410566,2.5319060906737616,93.6899700517542,72006300.0,1.3898492215264497,717604500,597671838.1245339,0.02499160946030532,0.020671739931755972,0.06128278487770733,3.720001220703125,0.01109410212397433,0.049658817748695405,0.03575769075020041,buy,none,Hold,Uptrend,3.0,Buy,"MACD above signal, trend up",152.57000732421875,
2021-10-29,146.236572265625,149.8000030517578,149.94000244140625,146.41000366210938,147.22000122070312,124953200,148.38370398956994,147.0371608773021,1.346543112267824,0.6065853534550816,0.7399577588127424,1.346543112267824,145.70949935913086,147.36479949951172,148.38370398956994,147.0371608773021,57.61863826446515,153.27863861231768,145.70949935913086,138.14036010594404,0.10389355925973127,2.7910559172048766,83.84777799165352,73521980.0,1.6995352954313798,592651300,712713775.9239824,-0.0181556278395828,0.007465200027748864,0.03424473100852765,-2.7700042724609375,0.012072054992336607,0.028073006294154323,0.016525001632117453,buy,none,Hold,Uptrend,2.0,Buy,"MACD above signal, trend up, volume spike",149.8000030517578,
2021-11-01,145.41659545898438,148.9600067138672,149.6999969482422,147.8000030517578,148.99000549316406,74588300,148.47236594715412,147.17959390223288,1.2927720449212359,0.7438226917483125,0.5489493531729234,1.2927720449212359,146.20049972534179,147.38019958496093,148.47236594715412,147.17959390223288,55.10144077920032,153.2580515132134,146.20049972534179,139.14294793747018,0.09654620608178778,2.734551923118814,73.68908337572377,72335295.0,1.0311466898697241,518063000,729202296.0238876,-0.005607452074619768,0.002152901813325947,0.016444923998113037,-0.839996337890625,0.01046612732428787,0.018874812286616915,0.01071926305809856,buy,none,Hold,Uptrend,3.0,Buy,"MACD above signal, trend up",148.9600067138672,
2021-11-02,146.45138549804688,150.02000427246094,151.57000732421875,148.64999389648438,148.66000366210938,69122000,148.7104641510475,147.3899946703979,1.3204694806495922,0.8591520495285685,0.46131743112102375,1.3204694806495922,146.64599990844727,147.3863995361328,148.7104641510475,147.3899946703979,57.617675917460865,153.48341479530703,146.64599990844727,139.8085850215875,0.09325061564759266,2.7477991734484966,56.82622284249184,71748340.0,0.9633951113015298,587185000,724941543.7899485,0.007115987586049588,0.0046878978965108065,0.008470084781880605,1.05999755859375,0.010202663263613576,0.023007817234156347,0.01786870935592999,buy,none,Hold,Uptrend,3.0,Buy,"MACD above signal, trend up",150.02000427246094,
2021-11-03,147.8864288330078,151.49000549316406,151.97000122070312,149.82000732421875,150.38999938964844,54511500,149.1380858959885,147.693699175788,1.444386720200498,0.9761989836629545,0.46818773653754353,1.444386720200498,147.12050018310546,147.42379974365235,149.1380858959885,147.693699175788,60.8910280801213,153.91943063454735,147.12050018310546,140.32156973166357,0.09242669027062815,2.705098796522488,55.50523496327536,70312860.0,0.7752706972806966,641696500,755113172.7377278,0.009798701365408391,0.01773597098687718,0.014940446659509998,1.470001220703125,0.010289653775930071,0.02970017981600348,0.027581745665097746,buy,none,Hold,Uptrend,3.0,Buy,"MACD above signal, trend up",151.49000549316406,
2021-11-04,147.36903381347656,150.9600067138672,152.42999267578125,150.63999938964844,151.5800018310547,60394600,149.41838140643137,147.93564788231237,1.4827335241189985,1.0775058917541633,0.40522763236483517,1.4827335241189985,147.50400085449218,147.47579986572265,149.41838140643137,147.93564788231237,59.11818255781157,154.26055098648476,147.50400085449218,140.7474507224996,0.09161175416058981,2.6397341172089397,48.14773506423164,70245955.0,0.8597591135318753,581301900,716312747.9706596,-0.003498572579567205,-0.01055253675730794,0.00990106387898071,-0.529998779296875,0.010301387841167504,0.023429912675956732,0.0236256175678784,buy,none,Hold,Uptrend,3.0,Buy,"MACD above signal, trend up",150.9600067138672,
2021-11-05,147.89695739746094,151.27999877929688,152.1999969482422,150.05999755859375,151.88999938964844,65463900,149.70478407917992,148.1833775783853,1.521406500794626,1.166286013562256,0.3551204872323701,1.521406500794626,147.92300109863282,147.55059997558592,149.70478407917992,148.1833775783853,59.877725198023526,154.5230754102992,147.92300109863282,141.32292678696643,0.08923661989882913,2.6040387795260465,45.069651222645525,70580490.0,0.9275070207078472,646765800,725490026.1862364,0.0021197141706292832,0.00987981106400726,0.017418765857585283,0.3199920654296875,0.010224846770566884,0.0226942237226897,0.0252753889467614,buy,none,Hold,Uptrend,3.0,Buy,"MACD above signal, trend up",151.27999877929688,
2021-11-08,147.07571411132812,150.44000244140625,151.57000732421875,150.16000366210938,151.41000366210938,55020900,149.8178945964455,148.3505349756461,1.4673596207994137,1.2265007350096875,0.24085888578972625,1.4673596207994137,148.30450134277345,147.58739990234375,149.8178945964455,148.3505349756461,56.88973778419445,154.5508850394587,148.30450134277345,142.0581176460882,0.08423727722529616,2.518750556853427,29.669337835957677,70108925.0,0.7847916652551725,591744900,692321246.503099,-0.005552593499925207,0.009935524038891419,0.012109816059937106,-0.839996337890625,0.010372549108197536,0.01439943548103817,0.019328225451156644,buy,none,Hold,Uptrend,3.0,Buy,"MACD above signal, trend up",150.44000244140625,
2021-11-09,147.4374542236328,150.80999755859375,151.42999267578125,150.05999755859375,150.1999969482422,56787900,149.9705258213914,148.53271738919776,1.4378084321936342,1.2687622744464768,0.16904615774715737,1.4378084321936342,148.76950149536134,147.54119995117188,149.9705258213914,148.53271738919776,57.88660431542501,154.26266509636267,148.76950149536134,143.27633789436,0.07384798020812895,2.43669659687729,26.216073036674796,69296525.0,0.8194913092683941,648532800,697710100.9537807,0.0024594197765426262,0.005265919634944494,0.009978503625035273,0.3699951171875,0.009998075050719772,0.013715822414690493,0.0221551512967475,buy,none,Hold,Uptrend,3.0,Buy,"MACD above signal, trend up",150.80999755859375,
2021-11-10,144.61209106445312,147.9199981689453,150.1300048828125,147.85000610351562,150.02000427246094,65187100,149.65506002870737,148.48733078029016,1.1677292484172028,1.2485556692406221,-0.08082642082341929,1.1677292484172028,149.12000122070313,147.4629998779297,149.65506002870737,148.48733078029016,48.460528316466075,153.30012514944582,149.12000122070313,144.93987729196044,0.056063893435139525,2.4740748010344924,12.823684078159495,68617745.0,0.9500035304278799,583345700,636525266.0512897,-0.01916318172822462,-0.023565959434728834,-0.006247953620663993,-2.8899993896484375,0.0110832561113046,-0.008047230699668284,0.0030990708950306978,sell,bearish,Sell,Uptrend,-3.0,Sell,"bearish MACD crossover, trend up",,147.9199981689453
2021-11-11,144.56317138671875,147.8699951171875,149.42999267578125,147.67999267578125,148.9600067138672,41000000,149.3804346577043,148.44160221265292,0.9388324450513892,1.1866110244027757,-0.24777857935138647,0.9388324450513892,149.32550125122071,147.37019989013672,149.3804346577043,148.44160221265292,48.31393683526628,152.77094515102542,149.32550125122071,145.880057351416,0.04614675820184511,2.4223551723891714,7.809416299246492,67172390.0,0.6103698260550205,542345700,604428237.5914682,-0.0003380411869712274,-0.02046907431937628,-0.03080561041754093,-0.0500030517578125,0.010275625412536777,-0.009747204073231375,0.003391426675293685,sell,none,Hold,Uptrend,-1.0,Hold,"MACD below signal, trend up",,
2021-11-12,146.63575744628906,149.99000549316406,150.39999389648438,147.47999572753906,148.42999267578125,63804000,149.4742147862366,148.55629875195004,0.9179160342865487,1.1328720263795302,-0.21495599209298155,0.9179160342865487,149.58300170898437,147.2970001220703,149.4742147862366,148.55629875195004,54.58633094721639,152.35251791867117,149.58300170898437,146.81348549929757,0.037029825288236,2.45790110071461,11.195369531210137,66965575.0,0.9527880556539685,606149700,650315171.503103,0.014336988205730705,-0.008527189955988779,0.0012683740823462575,2.1200103759765625,0.010595503844031677,0.002720922695290673,0.018282825643848533,sell,none,Hold,Uptrend,-1.0,Hold,"MACD below signal, trend up",,
2021-11-15,146.6455841064453,150.0,151.8800048828125,149.42999267578125,150.3699951171875,59222800,149.55510481912327,148.66323958513894,0.8918652339843334,1.084670667900491,-0.19280543391615756,0.8918652339843334,149.7555015563965,147.21100006103515,149.55510481912327,148.66323958513894,54.61429415853743,152.15261577776425,149.7555015563965,147.35838733502874,0.032013704958478974,2.4573376083086558,22.44064958756122,65647255.0,0.9021367306218668,665372500,618649319.7206362,6.663448543164918e-05,-0.0029247702357464433,0.006981694678159567,0.0099945068359375,0.010334051434358739,0.0016326508279325136,0.018945594675727317,sell,none,Hold,Uptrend,-1.0,Hold,"MACD below signal, trend up",,
2021-11-16,147.62319946289062,151.0,151.49000549316406,149.33999633789062,149.94000244140625,59256200,149.777396385412,148.83633294920273,0.9410634362092765,1.0559492215622481,-0.11488578535297167,0.9410634362092765,149.86750183105468,147.09720001220703,149.777396385412,148.83633294920273,57.43816062611825,152.27738331408884,149.86750183105468,147.45762034802053,0.03216016085663201,2.4353855759489975,38.72614683165711,64791120.0,0.9145728612192535,724628700,650895529.1512375,0.006666666666666599,0.0012598796133023171,0.006532433673040128,1.0,0.009902140174223325,0.00755666275282274,0.026532116093773928,sell,none,Hold,Uptrend,1.0,Hold,"MACD below signal, trend up",,
2021-11-17,150.05752563476562,153.49000549316406,155.0,150.99000549316406,151.0,88807000,150.34856701737385,149.18104943394061,1.1675175834332379,1.0782628939364463,0.0892546894967916,1.1675175834332379,150.0790023803711,147.06480010986328,150.34856701737385,149.18104943394061,63.52396123688842,152.9389485965489,150.0790023803711,147.2190561641933,0.038112543004908156,2.547857642440922,60.864110633780314,66310530.0,1.3392593906277028,813435700,672820601.0388778,0.016490102603735624,0.03765553943461408,0.013202191085076143,2.4900054931640625,0.010498502376280687,0.022728050284795076,0.04368962102760743,buy,bullish,Buy,Uptrend,5.0,Strong Buy,"bullish MACD crossover, trend up",153.49000549316406,
2021-11-18,154.33953857421875,157.8699951171875,158.6699981689453,153.0500030517578,153.7100067138672,137827700,151.50570980196056,149.82467504010705,1.6810347618535104,1.1988172675198592,0.48221749433365124,1.6810347618535104,150.4985023498535,147.14079986572267,151.50570980196056,149.82467504010705,71.29828522113189,154.9193080719866,150.4985023498535,146.07769662772043,0.05874883341837302,2.7672960334942487,82.95216391076255,70130865.0,1.9652930275421527,951263400,771408914.4139512,0.02853599235957094,0.06762697186859956,0.04577363603605056,4.3799896240234375,0.012120355318589881,0.04898050580063562,0.07291788043327241,buy,none,Hold,Uptrend,2.0,Buy,"MACD above signal, RSI overbought, trend up, volume spike",157.8699951171875,
2021-11-19,156.9596405029297,160.5500030517578,161.02000427246094,156.52999877929688,157.64999389648438,117305600,152.8971395326986,150.61914378171082,2.2779957509877704,1.4146529642134416,0.8633427867743289,2.2779957509877704,151.09150238037108,147.37239990234374,152.8971395326986,150.61914378171082,74.83285528332812,157.23066567648686,151.09150238037108,144.9523390842553,0.08126417699733385,2.8903467091849495,100.0,73051975.0,1.6057827320890365,1068569000,864156069.9847617,0.016976043690765552,0.07040467479064816,0.061277130798929935,2.6800079345703125,0.012358275471375317,0.06260114250221083,0.08941703574174142,buy,none,Hold,Uptrend,2.0,Buy,"MACD above signal, RSI overbought, trend up, volume spike",160.5500030517578,
2021-11-22,157.41912841796875,161.02000427246094,165.6999969482422,161.0,161.67999267578125,117467900,154.14681103112358,151.38957789213677,2.7572331389868054,1.6831689991681145,1.074064139818691,2.7572331389868054,151.71050262451172,147.60179992675782,154.14681103112358,151.38957789213677,75.40489350404103,159.10440128144046,151.71050262451172,144.31660396758298,0.09747378762865051,3.0517500797063373,100.0,76389340.0,1.5377525188723977,1186036900,747688111.0072311,0.002927444483147079,0.07346669514973958,0.07032705171070042,0.470001220703125,0.01232065187374794,0.06136359373213951,0.0909081349438925,buy,none,Hold,Uptrend,2.0,Buy,"MACD above signal, RSI overbought, trend up, volume spike",161.02000427246094,
2021-11-23,157.8004150390625,161.41000366210938,161.8000030517578,159.05999755859375,161.1199951171875,96041900,155.26422528204446,152.1318316528755,3.1323936291689733,1.9730139251682863,1.159379704000687,3.1323936291689733,152.31500244140625,147.86760009765624,155.26422528204446,152.1318316528755,75.89451071604385,160.73410142846882,152.31500244140625,143.89590345434368,0.11054851921499059,3.029482609239032,100.0,78146765.0,1.228993932122462,1282078800,816389713.7164961,0.0024220555167078217,0.06894042160337333,0.07028715784838635,0.3899993896484375,0.012325502705669714,0.05971178856266546,0.09158465786628933,buy,none,Hold,Uptrend,1.0,Hold,"MACD above signal, RSI overbought, trend up",,
2021-11-24,158.3185577392578,161.94000244140625,162.13999938964844,159.63999938964844,160.75,69463600,156.2912679219463,152.8583628223963,3.4329050995499983,2.264992160044629,1.1679129395053693,3.4329050995499983,152.9695022583008,148.12580017089843,156.2912679219463,152.8583628223963,76.57692407607374,162.20501159933767,152.9695022583008,143.73399291726392,0.12074968153380018,2.9916624228648154,100.0,78815200.0,0.8813477603304947,1351542400,874739307.3053633,0.003283555958565998,0.05505242456075443,0.094780992739387,0.529998779296875,0.012213359112658835,0.05864240943896171,0.09325993347931183,buy,none,Hold,Uptrend,1.0,Hold,"MACD above signal, RSI overbought, trend up",,
2021-11-26,153.30325317382812,156.80999755859375,160.4499969482422,156.36000061035156,159.57000732421875,76959800,156.37107248143053,153.15107650655906,3.219995974871466,2.4559929230099966,0.7640030518614696,3.219995974871466,153.18150177001954,148.28620025634766,156.37107248143053,153.15107650655906,59.12850571154642,162.56408239617707,153.18150177001954,143.798921143862,0.12250278940657153,3.176543809164092,79.42135625902692,77659295.0,0.9909927716959058,1274582600,814714326.9366151,-0.031678429081589354,-0.006714369996698277,0.06045852936101914,-5.1300048828125,0.0136481747945629,0.02368755852793436,0.057482067026538575,buy,none,Hold,Uptrend,1.0,Hold,"MACD above signal, trend up",,
2021-11-29,156.6565399169922,160.24000549316406,161.19000244140625,158.7899932861328,159.3699951171875,88748200,156.96629294477415,153.6761823574187,3.290110587355457,2.6228164558790885,0.6672941314763685,3.290110587355457,153.70350189208983,148.56980041503905,156.96629294477415,153.6761823574187,64.88904131909322,163.4308073227931,153.70350189208983,143.97619646138656,0.1265723332384774,3.2625053144246925,65.63668132074466,75849045.0,1.1700635123355871,1363330800,833204028.9831924,0.02187365594013646,-0.0019308474163891587,0.06833788668983787,3.4300079345703125,0.013554930144431931,0.042526705771891216,0.0785503180695104,buy,none,Hold,Uptrend,1.0,Hold,"MACD above signal, trend up",,
2021-11-30,161.6034393310547,165.3000030517578,165.52000427246094,159.9199981689453,159.99000549316406,174048100,158.24840219200243,154.5372061125549,3.711196079447518,2.8404923805927744,0.8707036988547436,3.711196079447518,154.52050170898437,149.0170004272461,158.24840219200243,154.5372061125549,71.31257230751578,165.2137769166576,154.52050170898437,143.82722650131115,0.13840590846400908,3.429469656502616,59.427911144041566,80822035.0,2.153473368989039,1537378900,993576860.1519599,0.031577617231232535,0.026580540713778023,0.10200002034505218,5.05999755859375,0.014743602949951874,0.06976097814563786,0.10926942951359098,buy,none,Hold,Uptrend,2.0,Buy,"MACD above signal, RSI overbought, trend up, volume spike",165.3000030517578,
2021-12-01,161.08526611328125,164.77000427246094,170.3000030517578,164.52999877929688,167.47999572753906,152052500,159.25172558899604,155.29519116143683,3.9565344275592054,3.063700789986061,0.8928336375731445,3.9565344275592054,155.25800170898438,149.4438006591797,159.25172558899604,155.29519116143683,69.87067178201016,166.6215431812346,155.25800170898438,143.89446023673415,0.14638268362554424,3.5966507004996386,72.09720895385658,84968560.0,1.7895148511402335,1385326400,854173721.7559034,-0.003206284147078464,0.02081655742592803,0.09119208127457568,-0.529998779296875,0.014857689157767324,0.06126577991970983,0.1025549641114527,buy,none,Hold,Uptrend,2.0,Buy,"MACD above signal, trend up, volume spike",164.77000427246094,
2021-12-02,160.0978546142578,163.75999450683594,164.1999969482422,157.8000030517578,158.74000549316406,136739200,159.94530542250988,155.92221363146638,4.023091791043498,3.2555789901975487,0.7675128008459495,4.023091791043498,155.87150115966796,149.8020004272461,159.94530542250988,155.92221363146638,67.08684657324147,167.6715759771448,155.87150115966796,144.0714263421911,0.1514077266169314,3.837604309085602,71.49682774983951,89079945.0,1.5350166639640381,1248587200,972111159.5014151,-0.006129815739731703,0.011238681227562664,0.06690982243875987,-1.010009765625,0.01500212419425028,0.05060895217200323,0.09317628629644892,buy,none,Hold,Uptrend,2.0,Buy,"MACD above signal, trend up, volume spike",163.75999450683594,
2021-12-03,158.2207489013672,161.83999633789062,164.9600067138672,159.72000122070312,164.02000427246094,118023100,160.23679633256845,156.3605679060163,3.8762284265521316,3.379708877468466,0.4965195490836658,3.8762284265521316,156.41550064086914,150.10220031738282,160.23679633256845,156.3605679060163,62.027534289698735,168.26278114553057,156.41550064086914,144.5682201362077,0.15148473720469494,3.9377758222340633,55.62355850927789,91961370.0,1.2833986705504714,1130564100,949587347.0658063,-0.011724464053185835,0.032077028618136216,0.025147281582901027,-1.9199981689453125,0.015327987450577302,0.03468003922115215,0.07819869392779633,buy,none,Hold,Uptrend,3.0,Buy,"MACD above signal, trend up",161.83999633789062,
2021-12-06,161.62295532226562,165.32000732421875,167.8800048828125,164.27999877929688,164.2899932861328,107497000,161.01882879282235,157.02423008514242,3.994598707679927,3.502686843510758,0.4919118641691691,3.994598707679927,157.11750106811525,150.4702005004883,161.01882879282235,157.02423008514242,66.89997843310995,169.3228363333768,157.11750106811525,144.91216580285368,0.1553656999670607,4.087935302426049,46.67889735638844,94063025.0,1.142818870645506,1238061100,904200129.8488351,0.021502787105003085,0.03170245667066829,0.029710396647723458,3.480010986328125,0.015834074642392476,0.05220619091025047,0.09868935360182673,buy,none,Hold,Uptrend,3.0,Buy,"MACD above signal, trend up",165.32000732421875,
2021-12-07,167.3519287109375,171.17999267578125,171.5800018310547,168.33999633789062,169.0800018310547,120405400,162.58208477481602,158.0728050918564,4.5092796829596296,3.7040054114005327,0.8052742715590968,4.5092796829596296,158.15450057983398,150.98640045166016,162.58208477481602,158.0728050918564,73.14814924803697,171.39465441011157,158.15450057983398,144.9143467495564,0.16743315911638143,4.243082388455327,54.51364665252406,97332250.0,1.2370555494196425,1358466500,994875171.399766,0.035446316791349686,0.03557162441299133,0.06309767813773415,5.8599853515625,0.01706146433705278,0.08235928821622251,0.1337444442924267,buy,none,Hold,Uptrend,1.0,Hold,"MACD above signal, RSI overbought, trend up",,
2021-12-08,171.16473388671875,175.0800018310547,175.9600067138672,170.6999969482422,172.1300048828125,116998900,164.5048412450066,159.33259744290814,5.17224380209845,3.9976530895401163,1.1745907125583335,5.17224380209845,159.36800079345704,151.64980041503907,164.5048412450066,159.33259744290814,76.34810737516132,174.06213281854704,159.36800079345704,144.67386876836704,0.1844050493440497,4.31572005825316,76.15855628504829,100342800.0,1.1659919794942935,1475465400,1072726005.9507059,0.02278308985945654,0.06257205371886321,0.08469114589428828,3.9000091552734375,0.017402680532430916,0.09858943426140221,0.1545020260619614,buy,none,Hold,Uptrend,1.0,Hold,"MACD above signal, RSI overbought, trend up",,
2021-12-09,170.65634155273438,174.55999755859375,176.75,173.9199981689453,174.91000366210938,108923700,166.05178837017385,160.46055300703298,5.591235363140868,4.316369544260267,1.2748658188806008,5.591235363140868,160.70000076293945,152.28440032958986,166.05178837017385,160.46055300703298,75.06363249154573,175.82509979138194,160.70000076293945,145.57490173449696,0.18824018614355395,4.209597327738984,90.12158197675649,102529630.0,1.06236314322016,1366541700,1013068070.2009499,-0.0029700951966102895,0.0659501918297083,0.07793006624014165,-0.5200042724609375,0.01644049912179973,0.08624764610984803,0.14627629081371896,buy,none,Hold,Uptrend,1.0,Hold,"MACD above signal, RSI overbought, trend up",,
2021-12-10,175.43701171875,179.4499969482422,179.6300048828125,174.69000244140625,175.2100067138672,115402700,168.1130512283382,161.8671784841596,6.245872744178598,4.702270184243933,1.5436025599346648,6.245872744178598,162.27900085449218,153.04340026855468,168.1130512283382,161.8671784841596,78.69375180223916,178.28482222921292,162.27900085449218,146.27317947977144,0.1972630012563658,4.271055184630396,96.67188882292022,106249765.0,1.0861454611217258,1481944400,1120060490.2801473,0.028013287454401015,0.10881117776093663,0.14437854564208363,4.8899993896484375,0.016860513399067578,0.10581157145000186,0.17254319123431805,buy,none,Hold,Uptrend,1.0,Hold,"MACD above signal, RSI overbought, trend up",,
2021-12-13,171.8099365234375,175.74000549316406,182.1300048828125,175.52999877929688,181.1199951171875,153237000,169.2864288075422,162.89479529964143,6.391633507900764,5.0401428489753,1.3514906589254636,6.391633507900764,163.56650085449218,153.70520050048827,169.2864288075422,162.89479529964143,70.32869221865053,179.55373140445886,163.56650085449218,147.5792703045255,0.19548294383565534,4.4374088216936265,82.85745651841113,110721415.0,1.3839870091978141,1328707400,976575238.4779935,-0.020674235264256824,0.0630292626863369,0.09672990182630281,-3.709991455078125,0.018140162128095355,0.0744254145871921,0.14335757619733758,buy,none,Hold,Uptrend,1.0,Hold,"MACD above signal, RSI overbought, trend up",,
2021-12-14,170.4314727783203,174.3300018310547,177.74000549316406,172.2100067138672,175.25,139380400,170.0623631188518,163.74184763530167,6.320515483550139,5.296217375890269,1.0242981076598703,6.320515483550139,164.78300094604492,154.4090005493164,170.0623631188518,163.74184763530167,67.396463062788,180.14635514798607,164.78300094604492,149.41964674410377,0.18646770739381777,4.51545096152243,66.50123347644605,114729295.0,1.2148632134451798,1189327000,944061324.068506,-0.008023236702153325,0.018401736710198513,0.05462794078999167,-1.410003662109375,0.018417015636914977,0.05793680677132307,0.12901450829205885,buy,none,Hold,Uptrend,3.0,Buy,"MACD above signal, trend up",174.3300018310547,
2021-12-15,175.2903594970703,179.3000030517578,179.5,172.30999755859375,175.11000061035156,131063300,171.48353849314503,164.8943035920762,6.589234901068835,5.554820880925982,1.0344140201428527,6.589234901068835,166.1980010986328,155.17280059814453,171.48353849314503,164.8943035920762,71.85141366680729,181.43539581094265,166.1980010986328,150.96060638632295,0.18336435590783046,4.706490352942702,54.84393375271669,118319650.0,1.107705271271509,1320390300,1067833316.3839363,0.02850915601733095,0.024103273798084857,0.08818351885984232,4.970001220703125,0.018990912288839465,0.0788336915397041,0.15548602822537294,buy,none,Hold,Uptrend,1.0,Hold,"MACD above signal, RSI overbought, trend up",,
2021-12-16,168.4077606201172,172.25999450683594,181.13999938964844,170.75,179.27999877929688,150185800,171.6029932644821,165.43991032650285,6.163082937979254,5.676473292336637,0.4866096456426172,6.163082937979254,167.1365005493164,155.77800048828124,171.6029932644821,165.43991032650285,59.45802593335978,181.40906146519595,167.1365005493164,152.86393963343684,0.17078927546012843,5.11245528413597,35.762162508632905,121388590.0,1.23723160471672,1170204500,961300980.5469278,-0.039263850669816525,-0.013176003001408088,0.051905228902808576,-7.040008544921875,0.021700892779465897,0.03065454847194049,0.10580437524485098,buy,none,Hold,Uptrend,1.0,Hold,"MACD above signal, trend up",,
2021-12-17,167.31280517578125,171.13999938964844,173.47000122070312,169.69000244140625,169.92999267578125,195432700,171.53176343758463,165.86213914599512,5.669624291589514,5.675103492187214,-0.005479200597699574,5.669624291589514,167.80000076293945,156.33500061035156,171.53176343758463,165.86213914599512,57.75137510543521,181.51047270856387,167.80000076293945,154.08952881731503,0.1634144443776729,5.017279819504606,21.67603360960399,124268840.0,1.5726605317954203,974771800,915803153.61556,-0.006501771466984829,-0.04630815101652275,0.05746418229237471,-1.1199951171875,0.021194984569337445,0.019904640116346517,0.09470047475930721,sell,bearish,Sell,Uptrend,-4.0,Sell,"bearish MACD crossover, trend up, volume spike",,171.13999938964844
2021-12-20,165.95388793945312,169.75,170.5800018310547,167.4600067138672,168.27999877929688,107499100,171.25764598564854,166.15012883888437,5.107517146764167,5.561586223102604,-0.4540690763384374,5.107517146764167,168.26000061035157,156.87200073242187,171.25764598564854,166.15012883888437,55.617690118950144,181.5783581508202,168.26000061035157,154.94164306988293,0.1583068761697042,4.921759309238652,0.0,123778515.0,0.8684794772339933,867272700,966107003.9530146,-0.00812200183829448,-0.03408447311899654,0.02679647035759758,-1.3899993896484375,0.021145233584691166,0.008855339262115569,0.08209240149581731,sell,none,Hold,Uptrend,-1.0,Hold,"MACD below signal, trend up",,
2021-12-21,169.12144470214844,172.99000549316406,173.1999969482422,169.1199951171875,171.55999755859375,91185900,171.5241628329586,166.656786368831,4.867376464127602,5.422744271307605,-0.5553678071800023,4.867376464127602,168.8585006713867,157.4756008911133,171.5241628329586,166.656786368831,59.38451504220354,181.89448617794793,168.8585006713867,155.8225151648255,0.1544012940388518,4.861633775082654,5.441172436544512,122464415.0,0.7445909899622678,958458600,1047906506.2911986,0.01908692484927288,-0.007686550357460686,0.010573740476850002,3.2400054931640625,0.0214487789426535,0.024467259897194227,0.09851941833692845,sell,none,Hold,Uptrend,-1.0,Hold,"MACD below signal, trend up",,
2021-12-22,171.71217346191406,175.63999938964844,175.86000061035156,172.14999389648438,173.0399932861328,92135300,172.15736845706473,167.3222095555582,4.8351589015065315,5.30522719734739,-0.47006829584085885,4.8351589015065315,169.57000045776368,158.15820098876952,172.15736845706473,167.3222095555582,62.20959588725488,182.45463137125634,169.57000045776368,156.68536954427103,0.15196828305372267,4.779374699281549,14.963169530006368,122269085.0,0.7535453463154648,1050593900,1129114667.860918,0.01531876878626437,-0.020412736195285275,0.0031985238333165356,2.649993896484375,0.021598191756193003,0.035796419859046136,0.11053361944930229,sell,none,Hold,Uptrend,-1.0,Hold,"MACD below signal, trend up",,
2021-12-23,172.33787536621094,176.27999877929688,176.85000610351562,175.27000427246094,175.85000610351562,68356600,172.7916192758697,167.98574949805737,4.805869777812319,5.205355713440376,-0.3994859356280571,4.805869777812319,170.2870002746582,158.86560089111327,172.7916192758697,167.98574949805737,62.88110763548836,182.98813409712838,170.2870002746582,157.58586645218801,0.14917326398356132,4.550848065836773,25.455164244740214,122213735.0,0.5593201124243523,1118950500,1148150106.4636781,0.0036438134358485197,0.023336841986845602,0.009853352685375683,0.6399993896484375,0.02159731351919348,0.03519351738519383,0.10961717193969167,sell,none,Hold,Uptrend,1.0,Hold,"MACD below signal, trend up",,
2021-12-27,176.29730224609375,180.3300018310547,180.4199981689453,177.07000732421875,177.08999633789062,74919600,173.95137043820586,168.90013855976088,5.05123187844498,5.174530946441297,-0.1232990679963164,5.05123187844498,171.46300048828124,159.59700103759766,173.95137043820586,168.90013855976088,66.8905544854013,183.27965610554983,171.46300048828124,159.64634487101264,0.13783330028773422,4.52150173182332,36.297625935438795,122111725.0,0.6135332213184279,1193870100,1219044328.5156493,0.022974830268908786,0.05369874064614555,0.00490390023838394,4.0500030517578125,0.02019441206453529,0.05171378849969144,0.12990846105292908,sell,none,Hold,Uptrend,1.0,Hold,"MACD below signal, trend up",,
2021-12-28,175.28053283691406,179.2899932861328,181.3300018310547,178.52999877929688,180.16000366210938,79144300,174.77269703019462,169.66975742838102,5.102939601813603,5.160212677515759,-0.05727307570215601,5.102939601813603,172.41549987792968,160.2860009765625,174.77269703019462,169.66975742838102,64.95039474770492,183.50899209397429,172.41549987792968,161.32200766188507,0.12868323583319147,4.398537540390069,40.25670540354238,121631530.0,0.6506890113114585,1114725800,1182863719.7227817,-0.00576725189575622,0.056200254999309696,0.02020022579950842,-1.040008544921875,0.020083274287327948,0.03987166706630374,0.11856301981324702,sell,none,Hold,Uptrend,1.0,Hold,"MACD below signal, trend up",,
2021-12-29,175.36856079101562,179.3800048828125,180.6300048828125,178.13999938964844,179.3300018310547,62348900,175.48151362290506,170.38903501759816,5.092478605306894,5.146665863073986,-0.05418725776709188,5.092478605306894,173.11949996948243,160.9426010131836,175.48151362290506,170.38903501759816,65.04489425701152,184.10393950947596,173.11949996948243,162.1350604294889,0.12690008395275948,4.262213822731068,43.3822916369017,116046570.0,0.5372748199278962,1177074700,1182613460.6334045,0.0005020447322792165,0.03693854666014773,0.02896806630365223,0.0900115966796875,0.019167118400023473,0.036162910096399825,0.11455887846697954,sell,none,Hold,Uptrend,1.0,Hold,"MACD below signal, trend up",,
2021-12-30,174.2149658203125,178.1999969482422,180.57000732421875,178.08999633789062,179.47000122070312,59773000,175.89974182680308,170.96762479023846,4.93211703656462,5.103756097772113,-0.17163906120749317,4.93211703656462,173.79099960327147,161.53140106201172,175.89974182680308,170.96762479023846,62.65979457497803,184.28260287476337,173.79099960327147,163.29939633177958,0.12073816590550758,4.134913620130858,37.2709658707044,111432595.0,0.5364049899403311,1117301700,1128142910.1135006,-0.006578257901939555,0.0145752537433943,-0.006135003261534155,-1.1800079345703125,0.019250988794455044,0.025369537864650793,0.1031910562072782,sell,none,Hold,Uptrend,1.0,Hold,"MACD below signal, trend up",,
2021-12-31,173.5990447998047,177.57000732421875,179.22999572753906,177.25999450683594,178.08999633789062,64062300,176.15670574948243,171.45669016312587,4.700015586356557,5.023007995489002,-0.3229924091324454,4.700015586356557,174.48150024414062,162.09760131835938,176.15670574948243,171.45669016312587,61.36603219513235,184.01557292522867,174.48150024414062,164.94742756305257,0.10928462522098492,3.980277020171734,35.59318274175995,107798750.0,0.5942768353065319,1053239400,1084243170.3213918,-0.0035352953693170708,0.007317951859853178,0.030825571732919554,-0.6299896240234375,0.01918705168441835,0.017701057566312572,0.09545117188669305,sell,none,Hold,Uptrend,1.0,Hold,"MACD below signal, trend up",,
2022-01-03,177.93972778320312,182.00999450683594,182.8800048828125,177.7100067138672,177.8300018310547,104487900,177.0572117121522,172.2384164108081,4.818795301344096,4.982165456660022,-0.1633701553159259,4.818795301344096,175.4900001525879,162.7482012939453,177.0572117121522,172.2384164108081,66.60014560465285,183.62660722170818,175.4900001525879,167.3533930834676,0.09273015057320119,4.0752570586304495,44.52630302029612,107121990.0,0.9754103709238411,1157727300,1153564498.0351403,0.025004150472947684,0.009316212824947323,0.06351522236738405,4.4399871826171875,0.01933664564706533,0.03715308193389322,0.11835334006611364,sell,none,Hold,Uptrend,1.0,Hold,"MACD below signal, trend up",,
2022-01-04,175.68136596679688,179.6999969482422,182.94000244140625,179.1199951171875,182.6300048828125,99310400,177.46379405616605,172.79112608024766,4.672667975918387,4.920265960511695,-0.24759798459330806,4.672667975918387,176.20899963378906,163.36840118408202,177.46379405616605,172.79112608024766,61.90133120007759,183.0643331311075,176.20899963378906,169.35366613647062,0.07780911884825084,4.057024934743899,47.25643827218817,106712660.0,0.9306337223718348,1058416900,1084411220.2362363,-0.012691597320536152,0.002286818436403326,0.058615593214976114,-2.30999755859375,0.019411610001834518,0.019811685678418067,0.09996789860089206,sell,none,Hold,Uptrend,1.0,Hold,"MACD below signal, trend up",,
2022-01-05,171.0082550048828,174.9199981689453,180.1699981689453,174.63999938964844,179.61000061035156,94537600,177.07244084274748,172.94882030904006,4.123620533707424,4.760936875150841,-0.6373163414434169,4.123620533707424,176.39599990844727,163.89400115966797,177.07244084274748,172.94882030904006,53.49130658151974,182.886750535848,176.39599990844727,169.90524928104654,0.07359294576713243,4.162237352211969,35.45314483956719,105419270.0,0.8967772210906033,963879300,999447008.4607531,-0.02659988236212174,-0.024863455192683626,0.011156671567696508,-4.779998779296875,0.019137713690030204,-0.008367546544524984,0.06727517133794092,sell,none,Hold,Uptrend,-1.0,Hold,"MACD below signal, trend up",,
2022-01-06,168.15354919433594,172.0,175.3000030517578,171.63999938964844,172.6999969482422,96904000,176.29206532847863,172.87853732318524,3.4135280052933865,4.4914551011793495,-1.077927095885963,3.4135280052933865,176.24199981689452,164.3476010131836,176.29206532847863,172.87853732318524,49.1025564195264,182.99133848415545,176.24199981689452,169.4926611496336,0.07659171677889619,4.1263635172046405,12.902443612937855,104414525.0,0.9280701128506785,866975300,921606103.673834,-0.016693335236175,-0.03479235159607197,-0.020724205205519763,-2.9199981689453125,0.01883388353054035,-0.024069176594124664,0.04656227982422778,sell,none,Hold,Uptrend,-1.0,Hold,"MACD below signal, trend up",,
2022-01-07,168.31979370117188,172.1699981689453,174.13999938964844,171.02999877929688,172.88999938964844,86709100,175.6579011500889,172.8260529413897,2.831848208699199,4.159533722683319,-1.32768551398412,2.831848208699199,176.12249984741212,164.81400085449218,175.6579011500889,172.8260529413897,49.36303479205737,183.0684961502727,176.12249984741212,169.17650354455154,0.07887687613880573,4.053766166715135,0.48811633470750027,103303795.0,0.8393602577717498,953684400,898465043.3378463,0.0009883614473564784,-0.030410592625666477,-0.023315184018677604,0.1699981689453125,0.018829774263110322,-0.022441775933745856,0.04463211423978142,sell,none,Hold,Uptrend,-1.0,Hold,"MACD below signal, trend up",,
2022-01-10,168.3393096923828,172.19000244140625,172.5,168.1699981689453,169.0800018310547,106765600,175.12437827183004,172.77893808953908,2.3454401822909574,3.796715014604847,-1.4512748323138895,2.3454401822909574,175.7595001220703,165.20640075683593,175.12437827183004,172.77893808953908,49.395853766297435,182.73074457449067,175.7595001220703,168.78825566964994,0.07932708556383722,4.073497285596531,1.0377328901790717,102871940.0,1.0378495826947562,1060450000,989943317.0811111,0.00011618907285648739,-0.05395303753531444,-0.04513946269059843,0.0200042724609375,0.017597794796658715,-0.020308988579194498,0.04227198009627564,sell,none,Hold,Uptrend,-1.0,Hold,"MACD below signal, trend up",,
2022-01-11,171.16473388671875,175.0800018310547,175.17999267578125,170.82000732421875,172.32000732421875,76138300,175.11755112709537,172.94938725557728,2.1681638715180895,3.4710047859874957,-1.3028409144694062,2.1681638715180895,175.72649993896485,165.71200073242187,175.11755112709537,172.94938725557728,54.03118055696208,182.70404683916186,175.72649993896485,168.74895303876784,0.07941371281645655,4.093960718879814,10.273593532812635,99017005.0,0.768941658051564,1136588300,1062589342.5346766,0.016783781570778755,-0.025709489124355223,-0.023481463621671916,2.8899993896484375,0.017489199504748403,-0.0036790017904795302,0.0565318206118306,sell,none,Hold,Uptrend,-1.0,Hold,"MACD below signal, trend up",,
2022-01-12,171.60462951660156,175.52999877929688,177.17999267578125,174.82000732421875,176.1199951171875,74805200,175.18100461204946,173.14054366474167,2.0404609473077926,3.184896018251555,-1.1444350709437625,2.0404609473077926,175.78649978637696,166.24340057373047,175.18100461204946,173.14054366474167,54.72657955904807,182.73556029595392,175.78649978637696,168.8374392768,0.07906250500489785,3.970105335500006,20.324461815137422,95788245.0,0.7809434236946298,1211393500,1032793788.6837481,0.0025702361408266317,0.0034873120097016486,-0.021462849808878137,0.4499969482421875,0.0173949348408495,-0.0014591621506304664,0.05586145479169091,sell,none,Hold,Uptrend,1.0,Hold,"MACD below signal, trend up",,
2022-01-13,168.3393096923828,172.19000244140625,176.6199951171875,171.7899932861328,175.77999877929688,84505800,174.7208504319505,173.07013320375387,1.6507172281966405,2.8780602602405723,-1.2273430320439318,1.6507172281966405,175.43099975585938,166.68680053710938,174.7208504319505,173.07013320375387,48.822989576195866,182.35212238663811,175.43099975585938,168.50987712508064,0.07890421465317535,4.031526513753912,19.77484525966585,93460370.0,0.9041885881684397,1126887700,962285123.6149888,-0.019028065636177538,0.001104665357013035,-0.033726120144556004,-3.339996337890625,0.01659378834347355,-0.018474484663277835,0.03301522308043636,sell,none,Hold,Uptrend,1.0,Hold,"MACD below signal, trend up",,
2022-01-14,169.1996307373047,173.07000732421875,173.77999877929688,171.08999633789062,171.33999633789062,80440800,174.46687456922254,173.07012387934387,1.3967506898786723,2.5817983461681924,-1.18504765628952,1.3967506898786723,175.47150039672852,167.11840057373047,174.46687456922254,173.07012387934387,50.34291703304806,182.32709515263556,175.47150039672852,168.61590564082147,0.07813912504773754,3.9357033657290788,13.388948271547015,89973120.0,0.8940536907022898,1207328500,1000263299.967858,0.005110661887074208,0.005227444762996969,-0.025342117555830268,0.8800048828125,0.01411501166613529,-0.013685943683619084,0.03561311459453864,sell,none,Hold,Uptrend,1.0,Hold,"MACD below signal, trend up",,
2022-01-18,166.00277709960938,169.8000030517578,172.5399932861328,169.41000366210938,171.50999450683594,90956700,173.74889433576644,172.8278927069301,0.9210016288363363,2.249639002701821,-1.3286373738654849,0.9210016288363363,175.40450057983398,167.4952005004883,173.74889433576644,172.8278927069301,44.995270027277044,182.45162905796602,175.40450057983398,168.35737210170194,0.0803528809675507,3.916010529756243,2.849963654514729,84749320.0,1.0732440095094569,1116371800,931973165.5131055,-0.018894112983626976,-0.013880012519668306,-0.06708418121851845,-3.2700042724609375,0.014690903943108563,-0.031951845645632804,0.013760409518497108,sell,none,Hold,Uptrend,-1.0,Hold,"MACD below signal, trend up",,
2022-01-19,162.5126190185547,166.22999572753906,171.0800018310547,165.94000244140625,170.0,94815000,172.59214070373145,172.3391595973456,0.25298110638584603,1.850307423438626,-1.59732631705278,0.25298110638584603,175.22850036621094,167.79420043945314,172.59214070373145,172.3391595973456,39.999684569933365,182.97303056384112,175.22850036621094,167.48397016858075,0.08839349970404187,4.003438305462828,2.849963654514729,84115115.0,1.1272052591261392,1021556800,847856887.9604493,-0.021024777738847034,-0.05054835510029032,-0.07495827183894055,-3.57000732421875,0.015322642751279708,-0.05135297408735373,-0.009322161956834107,sell,none,Hold,Mixed,-2.0,Sell,MACD below signal,,166.22999572753906
2022-01-20,160.83108520507812,164.50999450683594,169.67999267578125,164.17999267578125,166.97999572753906,91420500,171.34873359651675,171.75922144249304,-0.4104878459762915,1.3981483695556427,-1.8086362155319342,-0.4104878459762915,174.80449981689452,168.0756002807617,171.34873359651675,171.75922144249304,37.820988086901416,183.81747623042645,174.80449981689452,165.7915234033626,0.10312064532632637,4.11033556935834,0.0,84126845.0,1.0866983065869165,930136300,767406908.8316984,-0.010347117036099251,-0.06278131572436785,-0.059512941750976545,-1.720001220703125,0.014699156531468029,-0.058891534948138924,-0.02121429742312153,sell,none,Hold,Downtrend,-3.0,Sell,"MACD below signal, trend down",,164.50999450683594
2022-01-21,158.77804565429688,162.41000366210938,166.3300018310547,162.3000030517578,164.4199981689453,122848900,169.9735443758387,171.06668679209423,-1.0931424162555174,0.8998902123934106,-1.993032628648928,-1.0931424162555174,174.14300003051758,168.30760040283204,169.9735443758387,171.06668679209423,35.29339623162389,184.63435413951407,174.14300003051758,163.6516459215211,0.1204912526734688,4.104597227211093,0.0,85662525.0,1.434103185727948,807287400,651264439.6378019,-0.01276512622240289,-0.056797715550441774,-0.0557557926621548,-2.0999908447265625,0.014251264469196617,-0.06737564166433374,-0.03504058477815142,sell,none,Hold,Downtrend,-3.0,Sell,"MACD below signal, trend down",,162.41000366210938
2022-01-24,158.0056915283203,161.6199951171875,162.3000030517578,154.6999969482422,160.02000427246094,162294600,168.6883829514308,170.36693185321226,-1.678548901781454,0.38420238955843766,-2.0627512913398918,-1.678548901781454,173.4099998474121,168.58160034179687,168.6883829514308,170.36693185321226,34.36300776623641,185.17312577753916,173.4099998474121,161.64687391728506,0.13566836907303756,4.362126476257957,0.0,90359425.0,1.7961004067920971,644992800,784516532.5043237,-0.00486428500159064,-0.06615826961618776,-0.06127666355322492,-0.790008544921875,0.014143584881399269,-0.06798918597888781,-0.041295166320018395,sell,none,Hold,Downtrend,-4.0,Sell,"MACD below signal, trend down, volume spike",,161.6199951171875
2022-01-25,156.20684814453125,159.77999877929688,162.75999450683594,157.02000427246094,158.97999572753906,115798400,167.31786230956405,169.58271458847778,-2.264852278913736,-0.14560854413599705,-2.119243734777739,-2.264852278913736,172.38249969482422,168.81980041503905,167.31786230956405,169.58271458847778,32.23180235491225,185.0996615529746,172.38249969482422,159.66533783667384,0.14754585738881948,4.46054531612346,0.0,92403365.0,1.253183799096494,529194400,780078234.1248418,-0.011384707297859231,-0.05901062480786101,-0.07207156911640278,-1.839996337890625,0.012674798760970501,-0.07310777450053263,-0.05354704610192684,sell,none,Hold,Downtrend,-3.0,Sell,"MACD below signal, trend down",,159.77999877929688
2022-01-26,156.11886596679688,159.69000244140625,164.38999938964844,157.82000732421875,163.5,108275300,166.14434540677055,168.84992109610212,-2.7055756893315674,-0.6576019731751112,-2.047973716156456,-2.7055756893315674,171.4025001525879,169.0138003540039,166.14434540677055,168.84992109610212,32.12684935923701,184.83982924277805,171.4025001525879,157.96517106239773,0.15679268480013803,4.611220083931046,0.0,93859915.0,1.1535840406418438,420919100,733439015.3546506,-0.0005632515870458432,-0.03934303948880713,-0.08790266865829244,-0.089996337890625,0.012732140701587779,-0.06833329560977708,-0.055165897063249925,sell,none,Hold,Downtrend,-3.0,Sell,"MACD below signal, trend down",,159.69000244140625
2022-01-27,155.65940856933594,159.22000122070312,163.83999633789062,158.27999877929688,162.4499969482422,121954600,165.0790616858371,168.1365936979244,-3.0575320120873073,-1.1375879809575504,-1.9199440311297569,-3.0575320120873073,170.3944999694824,169.19820037841797,165.0790616858371,168.1365936979244,31.549078337354416,184.30320570734426,170.3944999694824,156.48579423162056,0.16325298927316192,4.6789899035498115,0.0,96840200.0,1.2593385804655504,298964500,652720988.0446994,-0.0029432100539642514,-0.0321560601955585,-0.09291857615233723,-0.470001220703125,0.012667027565505723,-0.06558016104264297,-0.05897343550580458,sell,none,Hold,Downtrend,-3.0,Sell,"MACD below signal, trend down",,159.22000122070312
2022-01-28,166.5209197998047,170.3300018310547,170.35000610351562,162.8000030517578,165.7100067138672,179935700,165.88689863125518,168.29906837445256,-2.4121697431973814,-1.3925043334055167,-1.0196654097918647,-2.4121697431973814,170.00100021362306,169.58480041503907,165.88689863125518,168.29906837445256,53.04544727885309,183.44155088894405,170.00100021362306,156.56044953830207,0.15812319525687038,5.13977668778286,30.915568703006578,102848335.0,1.749524676310997,478900200,831703183.0610394,0.06977766942076213,0.04876545773265728,-0.010802024414771072,11.110000610351562,0.021124585529014715,0.0019352922454467514,0.004394270089016272,sell,none,Hold,Mixed,1.0,Hold,"MACD below signal, volume spike",,
2022-01-31,170.8714141845703,174.77999877929688,175.0,169.50999450683594,170.16000366210938,115541600,167.25506788480007,168.7791372933299,-1.52406940852984,-1.4188173484303814,-0.10525206009945864,-1.52406940852984,169.86149978637695,170.0106002807617,167.25506788480007,168.7791372933299,58.647167148703,183.0402839757154,169.86149978637695,156.6827155970385,0.1551709387461254,5.164793031024375,64.24890203633991,105422300.0,1.095988230194181,594441800,937984576.2821416,0.026125737688043937,0.081425591261572,0.00988034542504379,4.4499969482421875,0.022036265686909282,0.028955937626275352,0.028053536018688208,sell,none,Hold,Mixed,-2.0,Sell,MACD below signal,,174.77999877929688
2022-02-01,170.70523071289062,174.61000061035156,174.83999633789062,172.30999755859375,174.00999450683594,86213900,168.38659599642338,169.21105309459077,-0.824457098167386,-1.2999452983777824,0.4754882002103964,-0.824457098167386,169.49150009155272,170.345400390625,168.38659599642338,169.21105309459077,58.36072719981622,181.66217060853452,169.49150009155272,157.32082957457092,0.14361393356490063,4.976593441615267,97.22988586035187,104508600.0,0.824945506876946,508227900,1008523505.3558784,-0.0009726408635577499,0.09281513296003507,0.028327429164577644,-0.1699981689453125,0.021199465256956745,0.030199157574474444,0.025035018321288627,buy,bullish,Buy,Mixed,4.0,Buy,bullish MACD crossover,174.61000061035156,
2022-02-02,171.90771484375,175.83999633789062,175.8800048828125,173.3300018310547,174.75,84914300,169.53327297203373,169.7020859274278,-0.16881295539405983,-1.0737188297810378,0.904905874386978,-0.16881295539405983,169.29850006103516,170.65120025634766,169.53327297203373,169.7020859274278,59.88728295585156,180.92580516966441,169.29850006103516,157.6711949524059,0.13735863110940033,4.8032655566254485,99.64765049067861,103788795.0,0.8181451571915832,593142200,1090773261.4183974,0.007044245594408194,0.10113340628453038,0.05781147119863328,1.2299957275390625,0.021128195737535705,0.03863883185318917,0.030405857525458213,buy,none,Hold,Mixed,2.0,Buy,MACD above signal,175.83999633789062,
2022-02-03,169.03341674804688,172.89999389648438,176.24000549316406,172.1199951171875,174.47999572753906,89418100,170.05123003733382,169.93896799920975,0.1122620381240722,-0.8365226562000159,0.9487846943240881,0.1122620381240722,169.1974998474121,170.88880004882813,170.05123003733382,169.93896799920975,54.72301983204071,180.6616754955107,169.1974998474121,157.7333241993135,0.1355123528236218,4.754461615150528,93.57309120068513,103532820.0,0.8636691244380285,503724100,1035212361.9991188,-0.016719759455390393,0.08591880775593452,0.050999937206245516,-2.94000244140625,0.020604140235449653,0.021882675881211622,0.0117690208315675,buy,none,Hold,Uptrend,3.0,Buy,"MACD above signal, trend up",172.89999389648438,
2022-02-04,168.7495574951172,172.38999938964844,174.10000610351562,170.67999267578125,171.67999267578125,82465400,170.4110407069207,170.12052587998298,0.29051482693770936,-0.6111151595724709,0.9016299865101802,0.29051482693770936,169.21699981689454,171.1083999633789,170.4110407069207,170.12052587998298,53.855447130116474,180.70148550584042,169.21699981689454,157.73251412794866,0.1357367841454813,4.659143887477946,86.83038310498338,102810890.0,0.8021076366521095,421258700,1035212361.9991188,-0.0029496502304173777,0.012094155676913632,0.06144939044704567,-0.5099945068359375,0.020257850748883626,0.01875106860532516,0.007489985450999548,buy,none,Hold,Uptrend,3.0,Buy,"MACD above signal, trend up",172.38999938964844,
2022-02-07,168.03497314453125,171.66000366210938,173.9499969482422,170.9499969482422,172.86000061035156,77251200,170.60318885387278,170.23456127125158,0.3686275826212011,-0.41516661113373654,0.7837941937549376,0.3686275826212011,169.19150009155274,171.30279998779298,170.60318885387278,170.23456127125158,52.57069587039258,180.65188508943726,169.19150009155274,157.73111509366822,0.13547234928094007,4.54063360980095,78.22411324896102,102337995.0,0.754863333017224,344007500,994527075.76865,-0.004234559603942367,-0.017850984889451027,0.062121079372896126,-0.7299957275390625,0.020282200775023296,0.01458999754255319,0.0020852179552339756,buy,none,Hold,Uptrend,1.0,Hold,"MACD above signal, trend up",,
2022-02-08,171.1380615234375,174.8300018310547,175.35000610351562,171.42999267578125,171.72999572753906,74829200,171.25346777343924,170.57496427568142,0.6785034977578164,-0.19643258935542596,0.8749360871132423,0.6785034977578164,169.32350006103516,171.6632000732422,171.25346777343924,170.57496427568142,57.33090688749978,180.97815859043106,169.32350006103516,157.66884153163926,0.13766144126709887,4.496303596796195,81.29168826599512,100741175.0,0.7427866510391605,418836700,1049503535.7603979,0.018466725511581794,0.001259957734002004,0.09419203383864261,3.1699981689453125,0.020696578189594392,0.03252059972794452,0.018447761409908114,buy,none,Hold,Uptrend,3.0,Buy,"MACD above signal, trend up",174.8300018310547,
2022-02-09,172.55746459960938,176.27999877929688,176.64999389648438,174.89999389648438,176.0500030517578,71285000,172.02678023587887,170.99755942409737,1.0292208117814994,0.04869809087195909,0.9805227209095403,1.0292208117814994,169.38349990844728,171.98399993896484,172.02678023587887,170.99755942409737,59.34105614506014,181.16771722941735,169.38349990844728,157.5992825874772,0.1391424469011386,4.305138487412873,87.74423655877234,100498510.0,0.7093139987846586,490121700,1090645562.1275854,0.008293753549481586,0.0025022887316303866,0.10388875999909808,1.4499969482421875,0.020440409039958404,0.04071529325215972,0.02497906108624437,buy,none,Hold,Uptrend,3.0,Buy,"MACD above signal, trend up",176.27999877929688,
2022-02-10,168.48529052734375,172.1199951171875,175.47999572753906,171.5500030517578,174.13999938964844,90865900,172.04112098684942,171.08070280877072,0.9604181780786973,0.23104210831330677,0.7293760697653906,0.9604181780786973,169.2129997253418,172.12039978027343,172.04112098684942,171.08070280877072,51.80115510903167,180.73225699956376,169.2129997253418,157.69374245111985,0.1361509729502987,4.3354854331361725,86.83905011321724,101301545.0,0.8969843451054966,399255800,1026137391.6660159,-0.02359884099680365,-0.004511271294571961,0.08101993341026947,-4.160003662109375,0.02112923807620064,0.01717950391851808,-2.3510466303777733e-06,buy,none,Hold,Mixed,0.0,Hold,MACD above signal,,
2022-02-11,165.0787811279297,168.63999938964844,173.0800018310547,168.0399932861328,172.3300018310547,98670700,171.51787151035697,170.89990996290982,0.6179615474471518,0.3084259961400758,0.309535551307076,0.6179615474471518,169.0354995727539,172.1977996826172,171.51787151035697,170.89990996290982,46.480656777829054,180.4749234994947,169.0354995727539,157.5960756460131,0.13534936691587915,4.385808512549437,74.0762442641969,102009790.0,0.9672669652589228,300585100,950959914.6280324,-0.020218427993619836,-0.021753001991281273,-0.009921930506890497,-3.4799957275390625,0.0211849678407465,-0.002339746290602407,-0.020661125168418115,buy,none,Hold,Mixed,0.0,Hold,MACD above signal,,
2022-02-14,165.31370544433594,168.8800048828125,169.5800018310547,166.55999755859375,167.3699951171875,86185500,171.11204587535013,170.75028736438406,0.3617585109660695,0.31909249910527454,0.04266601186079494,0.3617585109660695,168.82599945068358,172.30019989013672,171.11204587535013,170.75028736438406,46.885838967897335,180.1146771292912,168.82599945068358,157.53732177207596,0.13373150717707086,4.288251066828829,59.42556644269401,102297025.0,0.8425025067933305,386770600,997192102.2881358,0.0014231824835904128,-0.0161947962250365,-0.033756688051786665,0.2400054931640625,0.02114652781793808,0.00031988812330241423,-0.019850209166936694,buy,none,Hold,Mixed,0.0,Hold,MACD above signal,,
2022-02-15,169.14112854003906,172.7899932861328,172.9499969482422,170.25,170.97000122070312,62527400,171.37019163085517,170.901376691921,0.46881493893417314,0.34903698707105424,0.1197779518631189,0.46881493893417314,168.97549896240236,172.51919982910155,171.37019163085517,170.901376691921,53.11351761572225,180.3903032155638,168.97549896240236,157.56069470924092,0.13510602807216765,4.272661138157462,60.96925692974528,100875560.0,0.6198468687559207,449298000,1052308669.4805719,0.023152465006342826,-0.011668526703404236,-0.010423270819866493,3.9099884033203125,0.021364692657742993,0.022574245066021126,0.0015696424357376504,buy,none,Hold,Uptrend,1.0,Hold,"MACD above signal, trend up",,
2022-02-16,168.90614318847656,172.5500030517578,173.33999633789062,170.0500030517578,171.85000610351562,61177400,171.55170108022483,171.02349716302,0.5282039172048201,0.3848703730978074,0.14333354410701266,0.5282039172048201,169.29149932861327,172.66379974365233,171.55170108022483,171.02349716302,52.705037631830024,180.7346715071067,169.29149932861327,157.84832715011984,0.13518897551118006,4.202470577298558,58.88159549841426,99193680.0,0.6167469540398138,388120600,1084106231.2500384,-0.0013889128057177347,-0.021159494856867078,-0.01871015329078385,-0.239990234375,0.02073714747685288,0.01924788743715622,-0.0006590651431479522,buy,none,Hold,Mixed,0.0,Hold,MACD above signal,,
2022-02-17,165.31370544433594,168.8800048828125,171.91000366210938,168.47000122070312,171.02999877929688,69589300,171.14067089600755,170.8647199570787,0.2759509389288439,0.36308648626401474,-0.08713554733517082,0.2759509389288439,169.5099998474121,172.61779998779298,171.14067089600755,170.8647199570787,46.780099525718555,180.7446127674656,169.5099998474121,158.2753869273586,0.13255398419168868,4.19372280970971,41.58596360072115,98102120.0,0.7093557203452892,318531300,1031105214.7350724,-0.021269186346200564,-0.018824020022595644,-0.023250371055991148,-3.6699981689453125,0.021219469469734766,-0.003716565188877974,-0.021653590216332286,sell,bearish,Sell,Mixed,-4.0,Sell,bearish MACD crossover,,168.8800048828125
2022-02-18,163.76705932617188,167.3000030517578,170.5399932861328,166.19000244140625,169.82000732421875,82772700,170.54979891996913,170.60066685298085,-0.050867933011716104,0.2802956024088686,-0.3311635354205847,-0.050867933011716104,169.75449981689454,172.46220001220703,170.54979891996913,170.60066685298085,44.46268461151351,180.56524606885253,169.75449981689454,158.94375356493654,0.12736918624977825,4.204884812210914,16.220396081914032,96098310.0,0.8613335655954824,235758600,990575246.1798197,-0.009355766137921773,-0.00794589861681938,-0.029526053459666413,-1.5800018310546875,0.02111208714965424,-0.014459096918103875,-0.029932338565110683,sell,none,Hold,Downtrend,-3.0,Sell,"MACD below signal, trend down",,167.3000030517578
2022-02-22,160.8500213623047,164.32000732421875,166.69000244140625,162.14999389648438,164.97999572753906,91162800,169.59136944369985,170.13543281381328,-0.5440633701134345,0.11542380790440798,-0.6594871780178425,-0.5440633701134345,169.8895004272461,172.25740020751954,169.59136944369985,170.13543281381328,40.39784351032147,180.3523892374037,169.8895004272461,159.4266116170885,0.12317287158823875,4.272393693858238,0.7445143018914465,92541720.0,0.9850994772952134,144595800,986559639.0330734,-0.017812287347162448,-0.02700140589028277,-0.0427589198491366,-2.9799957275390625,0.021518301784708472,-0.03278303302453023,-0.04607867571284929,sell,none,Hold,Downtrend,-3.0,Sell,"MACD below signal, trend down",,164.32000732421875
2022-02-23,156.6897430419922,160.07000732421875,166.14999389648438,159.75,165.5399932861328,90009200,168.12654450224122,169.38984574051,-1.263301238268781,-0.1603212013302298,-1.1029800369385512,-1.263301238268781,169.90400085449218,171.86980041503907,168.12654450224122,169.38984574051,35.42388605643636,180.31146382345167,169.90400085449218,159.4965378855327,0.12250992226925331,4.424365136902962,0.0,91252260.0,0.9863777620411812,54586600,905551573.6319338,-0.02586416632525068,-0.0736152928766558,-0.08442483756934993,-4.25,0.02219150156156603,-0.05787970548554289,-0.0686554185920134,sell,none,Hold,Downtrend,-3.0,Sell,"MACD below signal, trend down",,160.07000732421875
2022-02-24,159.3033447265625,162.74000549316406,162.85000610351562,152.0,152.5800018310547,141147500,167.29784619315242,168.89726498144734,-1.599418788294912,-0.4481407187231663,-1.1512780695717457,-1.599418788294912,170.05650100708007,171.60980041503908,167.29784619315242,168.89726498144734,40.389504360570946,179.93686909005288,170.05650100708007,160.17613292410726,0.11620100407171675,4.883339491661009,6.920576703869726,92895870.0,1.5194163098962312,195734100,1043837082.4032714,0.01668019020913314,-0.056853070907516345,-0.07680958350291867,2.6699981689453125,0.02248837457558499,-0.043023909527642235,-0.05168582971615476,sell,none,Hold,Downtrend,-2.0,Sell,"MACD below signal, trend down, volume spike",,162.74000549316406
2022-02-25,161.36878967285156,164.85000610351562,165.1199951171875,160.8699951171875,163.83999633789062,91974200,166.92125541013138,168.59746802752645,-1.6762126173950662,-0.6937550984575463,-0.9824575189375199,-1.6762126173950662,170.3380012512207,171.42020050048828,166.92125541013138,168.59746802752645,44.05093301542338,179.23970199980587,170.3380012512207,161.43630050263553,0.1045180838473808,4.838100956542365,18.944082448933443,91396850.0,1.0063169573130804,287708300,1124125624.266208,0.012965469700934706,-0.023863090139613186,-0.04223791087561979,2.1100006103515625,0.022615780233841802,-0.03221826666623373,-0.038328005554712496,sell,none,Hold,Downtrend,-3.0,Sell,"MACD below signal, trend down",,164.85000610351562
2022-02-28,161.63308715820312,165.1199951171875,165.4199981689453,162.42999267578125,163.05999755859375,95056600,166.64413844198617,168.33987744157542,-1.6957389995892527,-0.8941518786838876,-0.8015871209053651,-1.6957389995892527,170.07750091552734,171.13660034179688,166.64413844198617,168.33987744157542,44.52051181782634,179.26522856291618,170.07750091552734,160.8897732681385,0.10804165863128626,4.70609413772963,31.622039648277294,87152895.0,1.09068780790357,382764900,1200107162.2605228,0.0016377858882354879,-0.013030531349696894,-0.020872890685488255,0.269989013671875,0.01604117172277599,-0.029148510365295754,-0.035156741530408486,sell,none,Hold,Downtrend,-3.0,Sell,"MACD below signal, trend down",,165.1199951171875
2022-03-01,159.75363159179688,163.1999969482422,166.60000610351562,161.97000122070312,164.6999969482422,83474400,166.1142705198717,167.95914555318035,-1.8448750333086537,-1.0842965096088408,-0.7605785236998128,-1.8448750333086537,169.4985008239746,170.955400390625,166.1142705198717,167.95914555318035,41.83169914553052,178.88523027734513,169.4985008239746,160.1117713706041,0.11075884928467544,4.700659190949835,33.63202491495056,85549535.0,0.9757434683893957,299290500,1160983970.5022376,-0.011627896231359958,-0.00681603168241518,-0.03363339513468,-1.9199981689453125,0.014801309340136997,-0.03715964356683876,-0.045365068460323954,sell,none,Hold,Downtrend,-3.0,Sell,"MACD below signal, trend down",,163.1999969482422
2022-03-02,163.04269409179688,166.55999755859375,167.36000061035156,162.9499969482422,164.38999938964844,79724800,166.18284391044432,167.85550496098875,-1.6726610505444341,-1.2019694177959594,-0.4706916327484747,-1.6726610505444341,169.09600067138672,170.8638003540039,166.18284391044432,167.85550496098875,47.77591365852013,178.25919545346707,169.09600067138672,159.93280588930637,0.10837861032429358,4.679898081746946,44.883975870207955,85225080.0,0.9354617208924885,379015300,1211783586.6758485,0.02058823941900667,0.04054469880312839,-0.036055303950515594,3.3600006103515625,0.015736707212740404,-0.014997416276694264,-0.025188499767026862,sell,none,Hold,Downtrend,-1.0,Hold,"MACD below signal, trend down",,
2022-03-03,162.7196502685547,166.22999572753906,168.91000366210938,165.5500030517578,168.47000122070312,76678400,166.1900980361512,167.7350968696221,-1.5449988334709133,-1.2705753009309502,-0.2744235325399631,-1.5449988334709133,168.61550064086913,170.79340026855468,166.1900980361512,167.7350968696221,47.26504431517016,177.3095859207995,168.61550064086913,159.92141536093877,0.10312320334590977,4.585619690932989,54.51882230209249,84813285.0,0.9040847786994691,302336900,1166141341.9848616,-0.001981279033932526,0.021445189360778327,-0.036627106418091526,-0.3300018310546875,0.015585153554959975,-0.014147601520994812,-0.02671885760128989,sell,none,Hold,Downtrend,-1.0,Hold,"MACD below signal, trend down",,
2022-03-04,159.72427368164062,163.1699981689453,165.5500030517578,162.10000610351562,164.49000549316406,83737200,165.72546728735028,167.39694141031273,-1.6714741229624508,-1.3507550653372504,-0.32071905762520037,-1.6714741229624508,168.12900085449218,170.5970001220703,165.72546728735028,167.39694141031273,42.705000782548886,176.8982490337254,168.12900085449218,159.35975267525896,0.10431571156272548,4.553074686153736,59.30837786991322,84529240.0,0.9906299879189734,218599700,1134345138.4120903,-0.01840821534766368,-0.010191130557285932,-0.03381102882978604,-3.05999755859375,0.015669492036348338,-0.02949522485914635,-0.0435353608082828,sell,none,Hold,Downtrend,-3.0,Sell,"MACD below signal, trend down",,163.1699981689453
2022-03-07,155.93603515625,159.3000030517578,165.02000427246094,159.0399932861328,163.36000061035156,96418800,164.73693432802835,166.79716819856793,-2.0602338705395766,-1.4926508263777158,-0.5675830441618608,-2.0602338705395766,167.47450103759766,170.2702001953125,164.73693432802835,166.79716819856793,37.745195580374435,176.80966318533464,167.47450103759766,158.13933888986068,0.11148159379368751,4.654998707594764,40.40706451293674,85226910.0,1.1313187348925358,122180900,1046310881.3994393,-0.02371756548762427,-0.035247046012199634,-0.047818289623850374,-3.8699951171875,0.016354814203812632,-0.04881040358498934,-0.06442816846970911,sell,none,Hold,Downtrend,-3.0,Sell,"MACD below signal, trend down",,159.3000030517578
2022-03-08,154.11524963378906,157.44000244140625,162.8800048828125,155.8000030517578,158.82000732421875,131148300,163.6143294223942,166.10404480914855,-2.489715386754341,-1.6920637384530408,-0.7976516483013001,-2.489715386754341,166.7635009765625,169.8934002685547,163.6143294223942,166.10404480914855,35.60485697845914,176.8510038364782,166.7635009765625,156.6759981166468,0.12097974437863873,4.82821321641333,18.44333276161798,87921765.0,1.491647716580758,-8967400,975920512.5655079,-0.011676086470301161,-0.03529408464794692,-0.0418695507311998,-1.8600006103515625,0.016449274005470547,-0.05590850804017733,-0.07330124541308292,sell,none,Hold,Downtrend,-3.0,Sell,"MACD below signal, trend down",,157.44000244140625
2022-03-09,159.50892639160156,162.9499969482422,163.41000366210938,159.41000366210938,161.47999572753906,91454900,163.5121244263708,165.8704116342666,-2.358287207895785,-1.8253084323415898,-0.532978775554195,-2.358287207895785,166.16950073242188,169.54580017089845,163.5121244263708,165.8704116342666,45.46953217528996,175.6690398884204,166.16950073242188,156.66996157642336,0.11433553226226952,4.909769502434029,31.832519170402477,88753050.0,1.030442334094434,82487500,1046340478.5574818,0.034997423916368176,-0.021673875259764053,0.017992062799060626,5.5099945068359375,0.017990509268141157,-0.01937481770113736,-0.038902781525746,sell,none,Hold,Downtrend,-3.0,Sell,"MACD below signal, trend down",,162.9499969482422
2022-03-10,155.17250061035156,158.52000427246094,160.38999938964844,155.97999572753906,160.1999969482422,105342000,162.7441059411539,165.32593701487357,-2.581831073719684,-1.9766129606172087,-0.6052181131024752,-2.581831073719684,165.28150100708007,169.130400390625,162.7441059411539,165.32593701487357,40.14482452822231,174.1328057241564,165.28150100708007,156.43019629000372,0.107105812364291,5.0569289108818225,40.19835834617489,90455900.0,1.1645674853713246,-22854500,1062345126.152408,-0.027186209013482565,-0.046381469369194184,-0.025930939401869413,-4.42999267578125,0.018522415240836036,-0.04090897464882948,-0.06273500265864795,sell,none,Hold,Downtrend,-3.0,Sell,"MACD below signal, trend down",,158.52000427246094
2022-03-11,151.4625244140625,154.72999572753906,159.27999877929688,154.5,158.92999267578125,96970100,161.51116590829005,164.541052475071,-3.0298865667809594,-2.187267681849959,-0.8426188849310003,-3.0298865667809594,164.41200103759766,168.63740020751953,161.51116590829005,164.541052475071,36.235258842263775,173.80536714357154,164.41200103759766,155.01863493162378,0.11426618551800014,5.037148187197183,42.03886702735613,90761110.0,1.0684102475168054,-119824600,974706705.8154377,-0.02390870831928371,-0.05172521012513287,-0.061389202312930546,-3.790008544921875,0.01853879658338105,-0.05888867752326987,-0.08246927705755946,sell,none,Hold,Downtrend,-3.0,Sell,"MACD below signal, trend down",,154.72999572753906
2022-03-14,147.43927001953125,150.6199951171875,154.1199951171875,150.10000610351562,151.4499969482422,108732100,159.83560117119737,163.50986304115372,-3.6742618699563536,-2.4846665194712383,-1.1895953504851153,-3.6742618699563536,163.5110008239746,168.08580017089844,159.83560117119737,163.50986304115372,32.534969117397594,174.4406308593326,163.5110008239746,152.5813707886166,0.1336867853573245,5.008065432684773,14.929563080207902,91264180.0,1.1913995173133642,-228556700,894103785.8908968,-0.026562403695717718,-0.05448843545690396,-0.08781492507742139,-4.1100006103515625,0.018861674966618648,-0.07883876706659465,-0.1039100568635356,sell,none,Hold,Downtrend,-3.0,Sell,"MACD below signal, trend down",,150.6199951171875
2022-03-15,151.81492614746094,155.08999633789062,155.57000732421875,150.3800048828125,150.89999389648438,92964300,159.10550811991942,162.88616921128238,-3.7806610913629584,-2.7438654338495825,-1.0367956575133759,-3.7806610913629584,162.8215003967285,167.63619995117188,159.10550811991942,162.88616921128238,39.742194623260524,174.0452516300406,162.8215003967285,151.5977491634164,0.13786571436775205,5.021060933307735,17.952438929036653,91603120.0,1.0148595375354028,-135592400,969871991.7309824,0.029677342754030223,-0.014926359673998468,-0.049693632120125564,4.470001220703125,0.02040014774538159,-0.047484540063808645,-0.07484185168200919,sell,none,Hold,Downtrend,-3.0,Sell,"MACD below signal, trend down",,155.08999633789062
2022-03-16,156.2198944091797,159.58999633789062,160.0,154.4600067138672,157.0500030517578,102300200,159.18004476883806,162.64200825769782,-3.461963488859766,-2.887485044851619,-0.5744784440081467,-3.461963488859766,162.1615005493164,167.18779998779297,159.18004476883806,162.64200825769782,45.99678094873301,172.4786971720514,162.1615005493164,151.8443039265814,0.12724594417029758,5.058127529938098,45.205066482657806,93591760.0,1.0930470802130443,-33292200,1057030131.2741547,0.02901541109199557,-0.02061982616310698,-0.041846789882733826,4.5,0.0208488522646924,-0.015857674002244027,-0.04544472533556332,sell,none,Hold,Downtrend,-3.0,Sell,"MACD below signal, trend down",,159.58999633789062
2022-03-17,157.22811889648438,160.6199951171875,161.0,157.6300048828125,158.61000061035156,75615400,159.40157559166107,162.4922295065489,-3.090653914887838,-2.928118818858863,-0.1625350960289751,-3.090653914887838,161.56500015258788,166.80619995117186,159.40157559166107,162.4922295065489,47.34401152277045,170.72536838807903,161.56500015258788,152.40463191709674,0.11339545355540818,4.9375466433130555,77.59379052229035,94313660.0,0.8017438831236111,42323200,1115592556.2895494,0.006454030972694147,0.013247481630880742,-0.03374842540179501,1.029998779296875,0.020969206076170355,-0.005849070247317734,-0.03708618046448642,sell,none,Hold,Downtrend,-1.0,Hold,"MACD below signal, trend down",,
2022-03-18,160.51718139648438,163.97999572753906,164.47999572753906,159.75999450683594,160.50999450683594,123511700,160.10594792025768,162.60243441180742,-2.496486491549746,-2.8417923533970395,0.3453058618472937,-2.496486491549746,161.31999969482422,166.58739990234375,160.10594792025768,162.60243441180742,51.586997795063915,169.93027420829605,161.31999969482422,152.70972518135238,0.10674776258071228,4.922007684555203,95.1642654876779,97009780.0,1.2731881259807,165834900,1212936530.0062919,0.020918943546848645,0.059781556617426235,0.004964132914649477,3.3600006103515625,0.02119437595218195,0.01648894146880031,-0.01565186908693683,buy,bullish,Buy,Downtrend,3.0,Buy,"bullish MACD crossover, trend down",163.97999572753906,
2022-03-21,161.88760375976562,165.3800048828125,166.35000610351562,163.00999450683594,163.50999450683594,95811400,160.91734129911225,162.80818037262262,-1.8908390735103637,-2.6516016974197045,0.7607626239093408,-1.8908390735103637,161.22399978637696,166.455,160.91734129911225,162.80818037262262,53.27641238974945,169.60520516884827,161.22399978637696,152.84279440390566,0.10396969922066775,4.8090079639926655,99.0553907062992,97661715.0,0.9810538346577264,261646300,1253097120.260802,0.008537682593916074,0.09799502220233913,0.03816699130306511,1.4000091552734375,0.0212122270539049,0.02577783147634527,-0.006458172582304633,buy,none,Hold,Downtrend,1.0,Hold,"MACD above signal, trend down",,
2022-03-22,165.25498962402344,168.82000732421875,169.4199981689453,164.91000366210938,165.50999450683594,81532000,162.13313607220556,163.25350088755567,-1.120364815350115,-2.345354321005787,1.2249895056556719,-1.120364815350115,161.44899978637696,166.38800018310548,162.13313607220556,163.25350088755567,57.22612403757997,170.374520344377,161.44899978637696,152.5234792283769,0.11056767858345294,4.787649859910042,100.0,97180175.0,0.838977703014015,343178300,1312935766.3207479,0.0208005946295855,0.08852931401465058,0.07228153395797698,3.44000244140625,0.021297557080179535,0.04565533108037112,0.01461648158783646,buy,none,Hold,Mixed,2.0,Buy,MACD above signal,168.82000732421875,
2022-03-23,166.61563110351562,170.2100067138672,172.63999938964844,167.64999389648438,167.99000549316406,98062700,163.37573155553812,163.7687976154306,-0.393066059892476,-1.9548966687831248,1.5618306088906488,-0.393066059892476,161.95599975585938,166.34840026855468,163.37573155553812,163.7687976154306,58.7437323162191,171.63109385305708,161.95599975585938,152.28090565866168,0.1194780571486382,4.8021038337139,100.0,97582850.0,1.0049173599664285,441241000,1315490899.006934,0.008233617636201895,0.06654558944591638,0.04455360479651316,1.3899993896484375,0.02032883974378871,0.050964502521983146,0.023213968027815612,buy,none,Hold,Mixed,2.0,Buy,MACD above signal,170.2100067138672,
2022-03-24,170.3940887451172,174.07000732421875,174.13999938964844,170.2100067138672,171.05999755859375,90131400,165.02100475071975,164.53185018645195,0.4891545642678068,-1.4660864221729386,1.9552409864407454,0.4891545642678068,162.52249984741212,166.32820037841796,165.02100475071975,164.53185018645195,62.70133190491731,173.54750140064291,162.52249984741212,151.49749829418133,0.13567354136912566,4.739810179575854,100.0,95032045.0,0.9484316579738972,531372400,1402411869.183517,0.02267787120671727,0.08373809373620134,0.09809489422565743,3.8600006103515625,0.02057973380134492,0.0710517466052285,0.04654536589818914,buy,none,Hold,Uptrend,3.0,Buy,"MACD above signal, trend up",174.07000732421875,
2022-03-25,171.0303955078125,174.72000122070312,175.27999877929688,172.75,173.8800048828125,80546200,166.51315805379411,165.28652804084092,1.2266300129531942,-0.927543135147712,2.1541731481009063,1.2266300129531942,163.0159996032715,166.3120004272461,166.51315805379411,165.28652804084092,63.33908388818367,175.2327439358855,163.0159996032715,150.79925527065748,0.14988399129343916,4.581966508127356,100.0,94460645.0,0.8526958502135995,611918600,1447301391.6205819,0.003734094727035453,0.06549582737524351,0.1291928265051081,0.649993896484375,0.020461141430597803,0.07179664355594184,0.050555586920110196,buy,none,Hold,Uptrend,3.0,Buy,"MACD above signal, trend up",174.72000122070312,
2022-03-28,171.89178466796875,175.60000610351562,175.72999572753906,172.0,172.1699981689453,90371900,167.9111346768282,166.05048937881682,1.8606452980113772,-0.36990544851589413,2.230550746527271,1.8606452980113772,163.54000015258788,166.3802005004883,167.9111346768282,166.05048937881682,64.23080319336785,176.91671949182958,163.54000015258788,150.16328081334618,0.1635895722974295,4.521111452371049,100.0,94226410.0,0.9590931035152459,702290500,1531374405.4226427,0.005036657947940837,0.061797078963354624,0.16584790729074728,0.8800048828125,0.020462383016043622,0.07374346300400747,0.05541407917103869,buy,none,Hold,Uptrend,3.0,Buy,"MACD above signal, trend up",175.60000610351562,
2022-03-29,175.18087768554688,178.9600067138672,179.00999450683594,176.33999633789062,176.69000244140625,100589400,169.61096114406496,167.0067499221539,2.604211221911072,0.22491788556949904,2.379293336341573,2.604211221911072,164.32800064086913,166.49800048828126,169.61096114406496,167.0067499221539,67.4829827457117,179.2941304424212,164.32800064086913,149.36187083931708,0.18214947839911722,4.441745520295997,100.0,95082160.0,1.0579208549742665,802879900,1628197329.3549554,0.019134399166084615,0.06006396724159946,0.15391070307314725,3.3600006103515625,0.020438950181961752,0.08904146594575568,0.07484778309072282,buy,none,Hold,Uptrend,3.0,Buy,"MACD above signal, trend up",178.9600067138672,
2022-03-30,174.01597595214844,177.77000427246094,179.61000061035156,176.6999969482422,178.5500030517578,92633200,170.86619854843354,167.80402802217662,3.0621705262569208,0.7923684137069834,2.2698021125499372,3.0621705262569208,164.8885009765625,166.65740051269532,170.86619854843354,167.80402802217662,65.22121809703478,180.94681748265538,164.8885009765625,148.83018447046965,0.1947778821565661,4.3323353875683805,97.84273418919534,95727580.0,0.9676751464938318,710246700,1603686519.5473943,-0.006649544014093012,0.0444157056600234,0.11391696441974242,-1.19000244140625,0.02023934182322097,0.0781225083593271,0.0666793297242092,buy,none,Hold,Uptrend,3.0,Buy,"MACD above signal, trend up",177.77000427246094,
2022-03-31,170.92271423339844,174.61000061035156,178.02999877929688,174.39999389648438,177.83999633789062,103049300,171.44216809642094,168.30817413981922,3.133993956601728,1.2606935222859326,1.8733004343157953,3.133993956601728,165.30750122070313,166.82500061035157,171.44216809642094,168.30817413981922,59.51673069263247,181.91198475931608,165.30750122070313,148.70301768209018,0.2008920758707035,4.282168922942961,90.24454168741879,97046125.0,1.0618589871568802,607197400,1512560644.2027059,-0.017775797863323284,0.00310216156380716,0.08710002439582332,-3.160003662109375,0.020764028632239057,0.056273909658997256,0.04666566744503231,buy,none,Hold,Uptrend,3.0,Buy,"MACD above signal, trend up",174.61000061035156,
2022-04-01,170.6290283203125,174.30999755859375,174.8800048828125,171.94000244140625,174.02999877929688,78751300,171.8833726290629,168.75275365232102,3.1306189767418857,1.6346786131771232,1.4959403635647626,3.1306189767418857,165.86450119018554,167.02100067138673,171.8833726290629,168.75275365232102,58.989229779693126,182.88692998056524,165.86450119018554,148.84207239980583,0.20525704618206697,4.186299888547482,80.03844741145456,96796830.0,0.8135731304423915,528446100,1560775358.8179147,-0.0017181321270783867,-0.002346632665091719,0.06299550006220578,-0.3000030517578125,0.02020018282294163,0.05091804640418118,0.0436411999563342,buy,none,Hold,Uptrend,1.0,Hold,"MACD above signal, trend up",,
2022-04-04,174.67184448242188,178.44000244140625,178.49000549316406,174.44000244140625,174.57000732421875,76468400,172.89208490788496,169.4703276366977,3.4217572711872606,1.9920943447791508,1.4296629264081098,3.4217572711872606,166.82150115966797,167.34160064697267,172.89208490788496,169.4703276366977,63.752175875698704,184.40302001724103,166.82150115966797,149.23998230209492,0.21078240796724948,4.185850463263399,76.40780197691663,95799310.0,0.7982145174114511,604914500,1635355536.3577476,0.023693448113463633,0.01617309931194688,0.07896962857056389,4.1300048828125,0.01961119122049603,0.06964630578775322,0.06632183361175681,buy,none,Hold,Uptrend,3.0,Buy,"MACD above signal, trend up",178.44000244140625,
2022-04-05,171.3632049560547,175.05999755859375,178.3000030517578,174.4199981689453,177.5,73401800,173.22560993107092,169.88437726054187,3.3412326705290525,2.2619220099291315,1.079310660599921,3.3412326705290525,167.70250091552734,167.6104006958008,173.22560993107092,169.88437726054187,57.83246012355312,185.07999279447162,167.70250091552734,150.32500903658305,0.2072418930436514,4.174004306777508,68.03278095928357,92911985.0,0.790014334533914,531512700,1586168709.5951238,-0.018941968373500706,-0.02179262968797846,0.03696238575793398,-3.3800048828125,0.020016482339223717,0.04387231319091911,0.04444591046777213,buy,none,Hold,Uptrend,3.0,Buy,"MACD above signal, trend up",175.05999755859375,
2022-04-06,168.2013702392578,171.8300018310547,173.6300048828125,170.1300048828125,172.36000061035156,89058800,173.01090099260688,170.02849759909836,2.9824033935085197,2.406018286645009,0.5763851068635106,2.9824033935085197,168.14650115966796,167.85140075683594,173.01090099260688,170.02849759909836,52.78804601282254,185.4692801834075,168.14650115966796,150.82372213592842,0.20604388321217865,4.228003475992061,47.424098676864304,92792180.0,0.9597662216794561,442453900,1583624017.1460445,-0.018450792714411857,-0.03341397479128283,0.009517625599479551,-3.2299957275390625,0.019431581138384717,0.021906496097048977,0.023703115114198425,buy,none,Hold,Uptrend,1.0,Hold,"MACD above signal, trend up",,
2022-04-07,168.50485229492188,172.13999938964844,173.36000061035156,169.85000610351562,171.16000366210938,77594700,172.8769161306133,170.18490513913912,2.692010991474177,2.463216827610843,0.22879416386333418,2.692010991474177,168.82750091552734,168.10040069580077,172.8769161306133,170.18490513913912,53.209872939082246,185.6465183539534,168.82750091552734,152.00848347710127,0.19924499678333152,4.176717121052338,20.83552980965129,91404815.0,0.848912609253681,520048600,1607278103.54353,0.0018040944846089424,-0.014145817605344502,-0.011087538653201334,0.30999755859375,0.018110550741232603,0.019620609534334754,0.024030868915998926,buy,none,Hold,Uptrend,1.0,Hold,"MACD above signal, trend up",,
2022-04-08,166.4981689453125,170.08999633789062,171.77999877929688,169.1999969482422,171.77999877929688,76575500,172.4481592394252,170.17787485756517,2.270284381860023,2.424630338460679,-0.1543459566006562,2.270284381860023,169.59550094604492,168.31780059814454,172.4481592394252,170.17787485756517,50.026666494266685,185.12260305299995,169.59550094604492,154.0683988390899,0.18310747655852988,4.0883803582204745,3.4754099957275533,90385085.0,0.8472138959652469,443473100,1583533688.732461,-0.01190892912179875,-0.024209748607704418,-0.026499569885899632,-2.0500030517578125,0.017308340431797554,0.002915734138507764,0.010528867020887178,sell,bearish,Sell,Uptrend,-3.0,Sell,"bearish MACD crossover, trend up",,170.08999633789062
2022-04-11,162.24978637695312,165.75,169.02999877929688,165.5,168.7100067138672,72246700,171.41767320259055,169.84988412737516,1.5677890752153871,2.253262085811621,-0.6854730105962337,1.5677890752153871,170.35200119018555,168.22620056152343,171.41767320259055,169.84988412737516,44.022328485220775,183.38063659744424,170.35200119018555,157.32336578292686,0.1529613425874953,4.124210071054057,0.9568532207777435,88560815.0,0.8157863045862891,371226400,1521520235.8972645,-0.025515882364234077,-0.07111635433637264,-0.05609342688581165,-4.339996337890625,0.01720956419985305,-0.02701465881253573,-0.014719470292131054,sell,none,Hold,Mixed,-2.0,Sell,MACD below signal,,165.75
2022-04-12,164.11947631835938,167.66000366210938,169.8699951171875,166.63999938964844,168.02000427246094,79265200,170.83957019636267,169.6876707595777,1.1518994367849587,2.0329895560062883,-0.8810901192213296,1.1518994367849587,170.9805015563965,168.0838006591797,170.83957019636267,169.6876707595777,47.03519877399916,182.07234096426322,170.9805015563965,159.88866214852976,0.12974391005875227,4.1239090029207315,4.280742067584809,87875860.0,0.902013362941768,450491600,1492317543.3910878,0.01152340067637625,-0.04227118701979615,-0.0631426163825809,1.910003662109375,0.016290232547663562,-0.019420330763223803,-0.0025213434929975964,sell,none,Hold,Mixed,-2.0,Sell,MACD below signal,,167.66000366210938
2022-04-13,166.80157470703125,170.39999389648438,171.0399932861328,166.77000427246094,167.38999938964844,70618900,170.77194307330447,169.7404354363856,1.0315076369188603,1.8326931721888027,-0.8011855352699424,1.0315076369188603,171.52100143432617,167.99960052490235,170.77194307330447,169.7404354363856,51.1011636967571,181.31788956167657,171.52100143432617,161.72411330697577,0.1142354352577814,4.134343289402956,14.338482618974693,86291795.0,0.8183732879817832,521110500,1541767277.4972491,0.016342539511671417,-0.008322224985927162,-0.04145812116132286,2.739990234375,0.015494249674194896,-0.006535686758283199,0.014288089757845679,sell,none,Hold,Uptrend,-1.0,Hold,"MACD below signal, trend up",,
2022-04-14,161.7995147705078,165.2899932861328,171.27000427246094,165.0399932861328,170.6199951171875,75329400,169.92856618297037,169.41077305488542,0.5177931280849464,1.5697131633680317,-1.0519200352830853,0.5177931280849464,171.75450134277344,167.7886004638672,169.92856618297037,169.41077305488542,44.27479882370588,180.68532621588292,171.75450134277344,162.82367646966395,0.10399523509763607,4.2840338391833255,14.697197165298151,86277495.0,0.8731060168123796,445781100,1472483565.0702977,-0.02998826756681583,-0.03979322718603162,-0.05337613705767452,-5.1100006103515625,0.017168142218838573,-0.037638070653760014,-0.014891400076207484,sell,none,Hold,Mixed,-2.0,Sell,MACD below signal,,165.2899932861328
2022-04-18,161.5841827392578,165.07000732421875,166.60000610351562,163.57000732421875,163.9199981689453,69023900,169.18109558931627,169.0892348526138,0.09186073670247197,1.2741426780349197,-1.1822819413324477,0.09186073670247197,171.80900192260742,167.6320007324219,169.18109558931627,169.0892348526138,44.00228244375158,180.56089635786535,171.80900192260742,163.0571074873495,0.10187934668522522,4.194459906334293,10.41645509771334,83553105.0,0.8261081380518414,376757200,1471800187.6523075,-0.0013309091345490298,-0.029513722862921754,-0.05300895165963737,-0.2199859619140625,0.01655872128859596,-0.039223757329224784,-0.015283438705075425,sell,none,Hold,Mixed,-2.0,Sell,MACD below signal,,165.07000732421875
2022-04-19,163.86492919921875,167.39999389648438,167.82000732421875,163.91000366210938,165.02000427246094,67723800,168.9070799442652,168.96410589290053,-0.05702594863532795,1.0079089527008702,-1.0649349013361982,-0.05702594863532795,171.910001373291,167.5322006225586,168.9070799442652,168.96410589290053,47.67579704179224,180.40566629235946,171.910001373291,163.41433645422256,0.09883851842477367,4.174141603175371,6.12952645707113,82148725.0,0.8244047609990295,444481000,1524974177.5573206,0.014115141872437453,0.009954714307597978,-0.061869583018791086,2.329986572265625,0.016747774417933396,-0.02623470095270053,-0.000789142180326774,sell,none,Hold,Downtrend,-1.0,Hold,"MACD below signal, trend down",,
2022-04-20,163.69851684570312,167.22999572753906,168.8800048828125,166.10000610351562,168.75999450683594,67929800,168.6490669878458,168.83565328805895,-0.18658630021315048,0.7690099021180661,-0.9555962023312166,-0.18658630021315048,171.83050079345702,167.4436004638672,168.6490669878458,168.83565328805895,47.431312113184305,180.46889873361397,171.83050079345702,163.19210285330007,0.10054557136559172,4.074559972898335,11.558234985962816,81468615.0,0.8338155742551902,376551200,1512267401.2029653,-0.0010155207595194948,-0.002564761572097507,-0.04472753307581834,-0.1699981689453125,0.016069196383838677,-0.02677350670966061,-0.0012756816966214002,sell,none,Hold,Downtrend,-3.0,Sell,"MACD below signal, trend down",,167.22999572753906
2022-04-21,162.90562438964844,166.4199981689453,171.52999877929688,165.91000366210938,168.91000366210938,87227800,168.30613332339956,168.6567158718283,-0.35058254842874703,0.5450914120087035,-0.8956739604374505,-0.35058254842874703,171.64100036621093,167.275400390625,168.30613332339956,168.6567158718283,46.21522864291979,180.57452066015858,171.64100036621093,162.70748007226328,0.10409541164275683,4.184948197490418,15.293185433152875,80926870.0,1.0778595539404898,289323400,1440870824.5103786,-0.004843614060203949,-0.023356783275220394,-0.03148462785578365,-0.80999755859375,0.01596727760168754,-0.030418152924570285,-0.005113735909058614,sell,none,Hold,Downtrend,-3.0,Sell,"MACD below signal, trend down",,166.4199981689453
2022-04-22,158.37342834472656,161.7899932861328,167.8699951171875,161.5,166.4600067138672,84882400,167.30365024074314,168.1480697543694,-0.8444195136262636,0.2671892268817101,-1.1116087405079735,-0.8444195136262636,171.02699966430663,166.98560028076173,167.30365024074314,168.1480697543694,39.915494990123314,180.85187882552572,171.02699966430663,161.20212050308754,0.11489272665138779,4.341022977468781,9.522373522405204,80664420.0,1.0522904646187254,204441000,1363716947.2668319,-0.02782120498590701,-0.02117490557302626,-0.06012551493094764,-4.6300048828125,0.01601801668692533,-0.0540090535196448,-0.03111410196983011,sell,none,Hold,Downtrend,-3.0,Sell,"MACD below signal, trend down",,161.7899932861328
2022-04-25,159.44039916992188,162.8800048828125,163.1699981689453,158.4600067138672,161.1199951171875,96046400,166.6230894164461,167.75784272684666,-1.134753310400555,-0.0131992805747429,-1.121554029825812,-1.134753310400555,170.43499984741212,166.80080047607422,166.6230894164461,167.75784272684666,41.92263799697171,180.7147589931593,170.43499984741212,160.15524070166492,0.12062967295391798,4.367377868726591,7.4691077889440125,81439430.0,1.1793599243020243,300487400,1447936229.7771826,0.006737200333224225,-0.013267113008026965,-0.0423892739744387,1.0900115966796875,0.016103531388048563,-0.04432772007723462,-0.023505855979534807,sell,none,Hold,Downtrend,-3.0,Sell,"MACD below signal, trend down",,162.8800048828125
2022-04-26,153.4888153076172,156.8000030517578,162.33999633789062,156.72000122070312,162.25,95623200,165.11184536034023,166.9461508990623,-1.8343055387220772,-0.3774205322042098,-1.4568850065178673,-1.8343055387220772,169.49499969482423,166.5640005493164,165.11184536034023,166.9461508990623,34.916162467610874,181.0702412277467,169.49499969482423,157.91975816190177,0.1365850503408795,4.495422568253933,3.734157341753953,81701995.0,1.1703900253598458,204864200,1355035463.1358566,-0.03732810442527357,-0.06332133351976887,-0.05399696499693629,-6.0800018310546875,0.017650342547094234,-0.07489894490057969,-0.05862009477052432,sell,none,Hold,Downtrend,-3.0,Sell,"MACD below signal, trend down",,156.8000030517578
2022-04-27,153.263671875,156.57000732421875,159.7899932861328,155.3800048828125,155.91000366210938,88063200,163.79771643170614,166.1775476712961,-2.3798312395899757,-0.777902673681363,-1.6019285659086127,-2.3798312395899757,168.3754997253418,166.31780059814454,163.79771643170614,166.1775476712961,34.680043226608035,180.3949385558672,168.3754997253418,156.35606089481638,0.14276945102027097,4.489320127901531,3.734157341753953,81075685.0,1.086185087427877,116801000,1314498657.0461652,-0.001466809458308127,-0.06374447572604258,-0.0661457479163644,-0.2299957275390625,0.0167134937236053,-0.07011407491220789,-0.0586094407145169,sell,none,Hold,Downtrend,-3.0,Sell,"MACD below signal, trend down",,156.57000732421875
2022-04-28,160.18438720703125,163.63999938964844,164.52000427246094,158.92999267578125,159.25,130216800,163.77345227138957,165.9895811319148,-2.216128860525231,-1.0655479110501367,-1.1505809494750943,-2.216128860525231,167.66899948120118,166.13480072021486,163.77345227138957,165.9895811319148,46.62819216944779,179.04019066636553,167.66899948120118,156.29780829603683,0.13563856431837623,4.736511329354435,24.25362094821637,82954865.0,1.5697307204345399,247017800,1403716823.0210469,0.04515546870218534,-0.01670471583874611,-0.03967133068644679,7.0699920654296875,0.02031896878934972,-0.02402948728756782,-0.015016729305065146,sell,none,Hold,Downtrend,-2.0,Sell,"MACD below signal, trend down, volume spike",,163.63999938964844
2022-04-29,154.3208770751953,157.64999389648438,166.1999969482422,157.25,161.83999633789062,131747600,162.8313817521734,165.37183392929035,-2.540452177116947,-1.3605287642634987,-1.1799234128534484,-2.540452177116947,166.8209991455078,165.83680053710938,162.8313817521734,165.37183392929035,39.95914349023134,178.5200660287493,166.8209991455078,155.1219322622663,0.1402589235547872,5.037474587846418,34.969699008013116,84389780.0,1.5611795646344853,115270200,1283745369.1317592,-0.036604775821961866,-0.025588723415833625,-0.046221790186795286,-5.9900054931640625,0.021401308598229286,-0.054975124810421105,-0.049366646088863986,sell,none,Hold,Downtrend,-4.0,Sell,"MACD below signal, trend down, volume spike",,157.64999389648438
2022-05-02,154.62429809570312,157.9600067138672,158.22999572753906,153.27000427246094,156.7100067138672,123055300,162.08193943858782,164.82280969111085,-2.740870252523024,-1.6365970619154036,-1.1042731906076204,-2.740870252523024,166.00349960327148,165.61840057373047,162.08193943858782,164.82280969111085,40.43398748600581,177.77980470550145,166.00349960327148,154.2271945010415,0.14188020289179362,5.031940078362969,46.64966581226279,86604980.0,1.4208801849501034,238325500,1393404041.5871363,0.0019664626031408172,-0.03020627468967174,-0.043072637637839306,0.3100128173828125,0.021445756062619465,-0.04845375494268056,-0.046241201661972875,sell,none,Hold,Downtrend,-3.0,Sell,"MACD below signal, trend down",,157.9600067138672
2022-05-03,156.1122283935547,159.47999572753906,160.7100067138672,156.32000732421875,158.14999389648438,88966500,161.6816404061188,164.42704569380925,-2.7454052876904598,-1.8583587070704148,-0.8870465806200449,-2.7454052876904598,165.0554992675781,165.4620004272461,161.6816404061188,164.42704569380925,42.821693443079745,175.6698500866183,165.0554992675781,154.44114844853792,0.12861553678781518,4.986087172026217,38.92283066056969,87229885.0,1.0199084866384955,327292000,1432516424.2160974,0.009622619328101267,0.017091789691461967,-0.04731181874380963,1.519989013671875,0.02068270183885494,-0.03377956847714825,-0.0361533444794615,sell,none,Hold,Downtrend,-3.0,Sell,"MACD below signal, trend down",,159.47999572753906
2022-05-04,162.51414489746094,166.02000427246094,166.47999572753906,159.25999450683594,159.6699981689453,108256500,162.34908100094066,164.54504262556122,-2.1959616246205655,-1.9258792905804452,-0.2700823340401204,-2.1959616246205655,164.60349960327147,165.49600036621095,162.34908100094066,164.54504262556122,51.77836756324101,174.19595941780432,164.60349960327147,155.01103978873863,0.1165523192113492,5.145652461217424,61.54008593410628,88972620.0,1.216739486821901,435548500,1526978725.7292955,0.0410083315784322,0.06035636779829434,-0.007235492949778655,6.540008544921875,0.022847382342151668,0.008605556216019217,0.0031662632637070587,sell,none,Hold,Mixed,0.0,Hold,MACD below signal,,
2022-05-05,153.45945739746094,156.77000427246094,164.0800018310547,154.9499969482422,163.85000610351562,130525300,161.49076150425145,163.96911385866488,-2.478352354413431,-2.0363739033470427,-0.44197845106638844,-2.478352354413431,163.8504997253418,165.43000030517578,161.49076150425145,163.96911385866488,41.804073140897046,173.42000927174556,163.8504997253418,154.28099017893803,0.1168078164234455,5.568820665717519,63.748477961655205,91045945.0,1.433620135416245,305023200,1448492171.6105945,-0.05571617733980727,-0.041982370708943395,-0.05798578297475976,-9.25,0.025581251116165923,-0.043213145304711875,-0.05234840123761941,sell,none,Hold,Downtrend,-3.0,Sell,"MACD below signal, trend down",,156.77000427246094
2022-05-06,154.1848602294922,157.27999877929688,159.44000244140625,154.17999267578125,156.00999450683594,116124600,160.84295185425844,163.47362385278575,-2.630671998527305,-2.1552335223830954,-0.4754384761442094,-2.630671998527305,163.1074996948242,165.32080017089845,160.84295185425844,163.47362385278575,42.462178898000516,172.28673998892276,163.1074996948242,153.92825940072566,0.11255448475726744,5.546762744282339,62.39303394533072,92972440.0,1.2490217531130732,421147800,1469244491.9238923,0.0032531383104996703,-0.0023469402569749054,-0.02787560846769932,0.5099945068359375,0.02560138379602485,-0.035727976496670255,-0.04863756637573424,sell,none,Hold,Downtrend,-3.0,Sell,"MACD below signal, trend down",,157.27999877929688
2022-05-09,149.06761169433594,152.05999755859375,155.8300018310547,151.49000549316406,154.92999267578125,131577900,159.4917281164639,162.62817005321597,-3.136441936752078,-2.351475205256892,-0.784966731495186,-3.136441936752078,162.20599975585938,165.065,159.4917281164639,162.62817005321597,37.755899449415615,171.9869022005678,162.20599975585938,152.42509731115095,0.12059852853075634,5.564136354414516,35.05610930922781,95722560.0,1.3745756486245249,289569900,1372228076.840883,-0.03318922470255159,-0.03735128453090575,-0.06642931606002489,-5.220001220703125,0.026369722462076015,-0.06255010426578955,-0.07878715924881863,sell,none,Hold,Downtrend,-3.0,Sell,"MACD below signal, trend down",,152.05999755859375
2022-05-10,151.46934509277344,154.50999450683594,156.74000549316406,152.92999267578125,155.52000427246094,115366700,158.7253075611365,162.02682371644707,-3.3015161553105656,-2.541483395267627,-0.7600327600429386,-3.3015161553105656,161.64399948120118,164.85279998779296,158.7253075611365,162.02682371644707,41.057925351425595,171.82910562745926,161.64399948120118,151.4588933349431,0.12601898219479013,5.5009843244256444,33.60148764615089,97878560.0,1.1786718153597682,404936600,1352545882.8935156,0.01611204121779708,-0.0311637907815977,-0.014604646048163472,2.4499969482421875,0.026329161356653266,-0.04413405382978608,-0.06273964095073237,sell,none,Hold,Downtrend,-3.0,Sell,"MACD below signal, trend down",,154.50999450683594
2022-05-11,143.6169891357422,146.5,155.4499969482422,145.80999755859375,153.5,142689800,156.84449101326936,160.87668862633987,-4.032197613070508,-2.8396262388282034,-1.1925713742423047,-4.032197613070508,160.58599929809571,164.51880004882813,156.84449101326936,160.87668862633987,34.59603021501404,172.32859749683865,160.58599929809571,148.84340109935277,0.14624684904124374,5.796628257655844,18.430145865952117,101049790.0,1.4120741863986062,262246800,1230282704.5942376,-0.05184127106082803,-0.11757621834791676,-0.0643163240285618,-8.009994506835938,0.028212613813690918,-0.08771623528616512,-0.10952426132138249,sell,none,Hold,Downtrend,-3.0,Sell,"MACD below signal, trend down",,146.5
2022-05-12,139.7545623779297,142.55999755859375,146.1999969482422,138.8000030517578,142.77000427246094,182602000,154.64687663562697,159.51989669539572,-4.8730200597687485,-3.2463050030163125,-1.626715056752436,-4.8730200597687485,159.19399948120116,164.03880004882814,154.64687663562697,159.51989669539572,31.93370463280482,172.4553119442738,159.19399948120116,145.93268701812852,0.1666056824539877,5.932583164126298,12.433737168721686,106648945.0,1.7121782123583127,79644800,1233243700.0619612,-0.026894214617107504,-0.0906423826408187,-0.12881937123979337,-3.94000244140625,0.028038924895201548,-0.10448887506323179,-0.13093732997218321,sell,none,Hold,Downtrend,-4.0,Sell,"MACD below signal, trend down, volume spike",,142.55999755859375
2022-05-13,144.21502685546875,147.11000061035156,148.10000610351562,143.11000061035156,144.58999633789062,113990900,153.48735724712307,158.60064513354058,-5.11328788641751,-3.619701579696552,-1.4935863067209576,-5.11328788641751,158.2849998474121,163.65640014648437,153.48735724712307,158.60064513354058,37.87899725849787,172.22521736919117,158.2849998474121,144.34478232563305,0.1761407276143353,5.9045421198974095,9.986383822750017,108582020.0,1.0498137721143888,193635700,1302003540.7674117,0.03191640803646689,-0.06466173860553215,-0.06685692162508772,4.5500030517578125,0.02894459975300359,-0.07060049434774818,-0.10110450627853584,sell,none,Hold,Downtrend,-3.0,Sell,"MACD below signal, trend down",,147.11000061035156
2022-05-16,142.67588806152344,145.5399932861328,147.52000427246094,144.17999267578125,145.5500030517578,86643800,152.26468586850916,157.63318944114002,-5.368503572630857,-3.9694619782834133,-1.3990415943474437,-5.368503572630857,157.30849914550782,163.30380004882812,152.26468586850916,157.63318944114002,36.688188383903736,171.93023718271058,157.30849914550782,142.68676110830506,0.1858988944224544,5.721361368239001,17.972550796653554,109463015.0,0.7915349307709092,106991900,1285919747.8047042,-0.010672335787539122,-0.042877840175872484,-0.07862758229829847,-1.57000732421875,0.028950711296582495,-0.07481163397591972,-0.10877766933398914,sell,none,Hold,Downtrend,-3.0,Sell,"MACD below signal, trend down",,145.5399932861328
2022-05-17,146.30308532714844,149.24000549316406,149.77000427246094,146.67999267578125,148.86000061035156,78336300,151.79935042614838,157.01147211166034,-5.21212168551196,-4.217993919729123,-0.9941277657828369,-5.21212168551196,156.4004997253418,163.10260009765625,151.79935042614838,157.01147211166034,41.36636456167677,170.65356382195898,156.4004997253418,142.14743562872462,0.18226366439553945,5.614836340959653,33.81670994066345,109993640.0,0.7121893593120475,185328200,1337383563.9478498,0.02542264929033622,-0.03410775484454964,-0.06420861869014183,3.70001220703125,0.029467449823590616,-0.04578306491828632,-0.08499309389422416,sell,none,Hold,Downtrend,-3.0,Sell,"MACD below signal, trend down",,149.24000549316406
2022-05-18,138.0487823486328,140.82000732421875,147.36000061035156,139.89999389648438,146.85000610351562,109742900,150.1102207181592,155.81210434962765,-5.701883631468434,-4.514771862076985,-1.1871117693914481,-5.701883631468434,155.0800003051758,162.7702001953125,150.1102207181592,155.81210434962765,35.0240012569644,169.95513772395648,155.0800003051758,140.2048628863951,0.19183824335192806,5.8809202877967985,29.021136757180955,112084295.0,0.9791104097144029,75585300,1254708988.5408638,-0.056419176219683176,-0.03877128106335326,-0.15178891880333667,-8.419998168945312,0.03157156813965658,-0.09195249518245652,-0.13485387893333733,sell,none,Hold,Downtrend,-3.0,Sell,"MACD below signal, trend down",,140.82000732421875
2022-05-19,134.64710998535156,137.35000610351562,141.66000366210938,136.60000610351562,139.8800048828125,136095600,148.14711077744482,154.4445415165823,-6.297430739137468,-4.871303637489082,-1.4261271016483859,-6.297430739137468,153.6265007019043,162.25820037841797,148.14711077744482,154.4445415165823,32.792579541307845,169.43695602137208,153.6265007019043,137.8160453824365,0.2058297916991064,5.822282949996581,22.47763291729611,114527685.0,1.1883205357726387,-60510300,1158957953.461313,-0.024641393553644142,-0.036545956399422375,-0.12387572647630996,-3.470001220703125,0.031774466092814486,-0.10594848235182719,-0.15350961749120562,sell,none,Hold,Downtrend,-3.0,Sell,"MACD below signal, trend down",,137.35000610351562
2022-05-20,134.88232421875,137.58999633789062,140.6999969482422,132.61000061035156,139.08999633789062,137426100,146.52293932520573,153.19605668853106,-6.673117363325332,-5.231666382656332,-1.441450980669,-6.673117363325332,152.4165008544922,161.83960021972655,146.52293932520573,153.19605668853106,33.10999330921085,169.2158898640601,152.4165008544922,135.6171118449243,0.22044055486624528,5.984262477703298,8.609300860111201,117154870.0,1.1730293414179027,76915800,1190723868.4556735,0.0017472895792529641,-0.0647135084831959,-0.12519075911894073,0.239990234375,0.031543128016193564,-0.09727624262123713,-0.14983727004338054,sell,none,Hold,Downtrend,-3.0,Sell,"MACD below signal, trend down",,137.58999633789062
2022-05-23,140.29373168945312,143.11000061035156,143.25999450683594,137.64999389648438,137.7899932861328,117726300,145.99787183061278,152.4489414234807,-6.451069592867924,-5.475547024698651,-0.9755225681692732,-6.451069592867924,151.42800064086913,161.60720031738282,145.99787183061278,152.4489414234807,40.115701268091875,167.97297409065627,151.42800064086913,134.883027191082,0.21851934093781844,5.961815027077728,17.161894285315764,118238865.0,0.995665004057676,194642100,1302154901.2419388,0.04011922682885327,-0.016696391286784462,-0.05885832626554832,5.5200042724609375,0.033181874925881434,-0.05493039593281546,-0.11445776964580989,sell,none,Hold,Downtrend,-3.0,Sell,"MACD below signal, trend down",,143.11000061035156
2022-05-24,137.59786987304688,140.36000061035156,141.97000122070312,137.3300018310547,140.80999755859375,104132700,145.13050702749567,151.55346432621187,-6.422957298716199,-5.665029079502161,-0.7579282192140377,-6.422957298716199,150.60600051879882,161.4020004272461,145.13050702749567,151.55346432621187,37.98147444747848,167.62839320038194,150.60600051879882,133.5836078372157,0.22605198495339313,5.9488281522362385,34.86657596859874,118664340.0,0.8775399585081752,90509400,1334023061.3234286,-0.019215987619813357,-0.059501504663367566,-0.0915797967739772,-2.75,0.03252019757593075,-0.06803181727920826,-0.13037013024122623,sell,none,Hold,Downtrend,-3.0,Sell,"MACD below signal, trend down",,140.36000061035156
2022-05-25,137.7546844482422,140.52000427246094,141.7899932861328,138.33999633789062,138.42999267578125,92482700,144.4211989113365,150.736170988897,-6.314972077560498,-5.795017679113828,-0.5199543984466697,-6.314972077560498,149.80350036621093,161.1106005859375,144.4211989113365,150.736170988897,38.18752994013198,167.1360539936372,149.80350036621093,132.47094673878465,0.2314038535155049,5.770340209093807,52.69046898620402,118885315.0,0.7779152538730288,182992100,1358417577.6428285,0.0011399519906925004,-0.00213040076803217,-0.04081908346443042,0.160003662109375,0.032540392397509416,-0.061971156021424556,-0.12780410623876604,sell,none,Hold,Downtrend,-3.0,Sell,"MACD below signal, trend down",,140.52000427246094
2022-05-26,140.9505157470703,143.77999877929688,144.33999633789062,137.13999938964844,137.38999938964844,90601500,144.32255273717655,150.22089897337105,-5.898346236194499,-5.815683390529963,-0.08266284566453574,-5.898346236194499,148.81050033569335,160.79440063476562,144.32255273717655,150.22089897337105,42.387544295499296,165.10282958088013,148.81050033569335,132.51817109050657,0.21896746813475954,5.872458547604405,72.28039825506526,116904550.0,0.7750040524513374,273593600,1434925566.4456277,0.02319950475175747,0.04681465154748676,0.008557808933755684,3.2599945068359375,0.03110185753115072,-0.03380474862357452,-0.1058146414819251,sell,none,Hold,Downtrend,-1.0,Hold,"MACD below signal, trend down",,
2022-05-27,146.69522094726562,149.63999938964844,149.67999267578125,145.25999450683594,145.38999938964844,90978500,145.14062145294145,150.17786937457677,-5.037247921635327,-5.659996296751036,0.6227483751157088,-5.037247921635327,148.41000061035157,160.57480072021485,145.14062145294145,150.17786937457677,49.08467360874554,164.19951221037965,148.41000061035157,132.6204890103235,0.21278231298554098,5.874425358238689,86.46638677109694,114866095.0,0.7920396353684697,364572100,1524257672.468364,0.04075671623385313,0.08757906368545632,0.01719800672150118,5.8600006103515625,0.03189378882912544,0.008287842963670577,-0.06809786642437865,buy,bullish,Buy,Downtrend,3.0,Buy,"bullish MACD crossover, trend down",149.63999938964844,
2022-05-31,145.91094970703125,148.83999633789062,150.66000366210938,146.83999633789062,149.07000732421875,103718400,145.70975605062594,150.0787676681556,-4.369011617529651,-5.401799360906759,1.0327877433771082,-4.369011617529651,147.95400009155273,160.27200073242187,145.70975605062594,150.0787676681556,48.259895098414226,163.12876159295843,147.95400009155273,132.77923859014703,0.20512810051794042,5.72768121295155,98.3970225210243,113899250.0,0.9106153025590599,260853700,1529144718.6856296,-0.005346184543042365,0.040039100713445075,0.022674200934378108,-0.8000030517578125,0.03188643617227238,0.005988322355527043,-0.07132876823330647,buy,none,Hold,Downtrend,1.0,Hold,"MACD above signal, trend down",,
2022-06-01,145.78355407714844,148.7100067138672,151.74000549316406,147.67999267578125,149.89999389648438,74286600,146.17133307574,149.97737796783792,-3.8060448920979297,-5.082648467144994,1.276603575047064,-3.8060448920979297,147.41550064086914,159.93860076904298,146.17133307574,149.97737796783792,48.11841203867645,161.65130248387888,147.41550064086914,133.1796987978594,0.19313846618736155,5.608562041839497,96.51906920844557,113165255.0,0.656443534722738,186567100,1492550729.1690612,-0.0008733514325567349,0.05948992638362682,-0.0035513184118795005,-0.1299896240234375,0.031762864033947215,0.008781342988833263,-0.07020565392709843,buy,none,Hold,Downtrend,1.0,Hold,"MACD above signal, trend down",,
2022-06-02,148.23434448242188,151.2100067138672,151.27000427246094,146.86000061035156,147.8300018310547,72348100,146.94651363545188,150.06868380087712,-3.1221701654252456,-4.690552806801044,1.5683826413757984,-3.1221701654252456,146.67500076293945,159.58640075683593,146.94651363545188,150.06868380087712,51.0883436202462,158.25596954921133,146.67500076293945,135.09403197666757,0.15791332846132916,5.522950729001631,96.51906920844557,111369835.0,0.6496202495047245,258915200,1562930255.1262813,0.016811242600575316,0.07607459519200477,0.07378212504794779,2.5,0.03043099514653114,0.030918738212637464,-0.05248814437347937,buy,none,Hold,Downtrend,1.0,Hold,"MACD above signal, trend down",,
2022-06-03,142.51904296875,145.3800048828125,147.97000122070312,144.4600067138672,146.89999389648438,88570300,146.70551228889198,149.72137425139084,-3.0158619624988603,-4.355614637940608,1.3397526754417477,-3.0158619624988603,146.10550079345703,159.08980072021484,146.70551228889198,149.72137425139084,44.66690402442828,156.72506297191336,146.10550079345703,135.4859386150007,0.14536841009797086,5.6105971055015145,86.42272734750526,109272085.0,0.8105482749780056,170344900,1520789950.1956415,-0.03855566147871903,0.011128154938794044,0.05846376718210666,-5.8300018310546875,0.029116013767406256,-0.004965561917275929,-0.08617645993229472,buy,none,Hold,Downtrend,1.0,Hold,"MACD above signal, trend down",,
2022-06-06,143.2640838623047,146.13999938964844,148.57000732421875,144.89999389648438,147.02999877929688,71598400,146.61851030439297,149.4560872245951,-2.837576920202139,-4.0520070943929145,1.2144301741907757,-2.837576920202139,145.54850082397462,158.53120056152343,146.61851030439297,149.4560872245951,45.62636082561259,154.85228833130762,145.54850082397462,136.24471331664162,0.12784449794621983,5.471983985661004,78.34941038960407,107045775.0,0.6688577853726595,241943300,1497574157.5348012,0.005227641225136415,-0.023389468152070325,0.062141167812526765,0.7599945068359375,0.029142947280870517,0.00406392757276941,-0.07816253915938876,buy,none,Hold,Downtrend,-1.0,Hold,"MACD above signal, trend down",,
2022-06-07,145.78355407714844,148.7100067138672,149.0,144.10000610351562,144.35000610351562,67808200,146.94027898277363,149.40082200157823,-2.4605430188046,-3.733714279275252,1.2731712604706518,-2.4605430188046,145.3810012817383,158.0110006713867,146.94027898277363,149.40082200157823,48.85592818959641,154.32344745425627,145.3810012817383,136.43855510922032,0.12302083619837141,5.4311275507198165,74.28213845893956,103857290.0,0.6528978370223217,309751500,1557356256.6211412,0.017585926747997416,-0.0008733514325567349,0.03913078107492196,2.57000732421875,0.02860510155531243,0.022898490193209664,-0.05886295206029779,buy,none,Hold,Downtrend,-1.0,Hold,"MACD above signal, trend down",,
2022-06-08,145.04827880859375,147.9600067138672,149.8699951171875,147.4600067138672,148.5800018310547,53950200,147.09716017217264,149.29409494322928,-2.1969347710566467,-3.426358377631531,1.2294236065748843,-2.1969347710566467,145.05350189208986,157.45820068359376,147.09716017217264,149.29409494322928,47.960660951226544,153.06604646235684,145.05350189208986,137.04095732182287,0.11047709246244578,5.215331897334138,80.28308474826846,100786465.0,0.5352921148687971,255801300,1525792139.444474,-0.005043372780172639,-0.005043372780172639,0.05414652372803652,-0.75,0.028339796129848802,0.020037467443837276,-0.06032200246472286,buy,none,Hold,Downtrend,-1.0,Hold,"MACD above signal, trend down",,
2022-06-09,139.83299255371094,142.63999938964844,147.9499969482422,142.52999877929688,147.0800018310547,69473000,146.41144312870736,148.80119897629737,-2.38975584759001,-3.2190378716232266,0.8292820240332168,-2.38975584759001,144.86050186157226,156.73180053710936,146.41144312870736,148.80119897629737,42.07143283567897,152.91024732053035,144.86050186157226,136.81075640261417,0.11113789273835831,5.230665899993864,73.5162642251555,97125625.0,0.7152901203981956,186328300,1459139093.3133667,-0.0359557115626985,-0.05667619167847582,0.01508678517456441,-5.32000732421875,0.027056403266408152,-0.01532855708346037,-0.08991028686692348,buy,none,Hold,Downtrend,-1.0,Hold,"MACD above signal, trend down",,
2022-06-10,134.43138122558594,137.1300048828125,140.75999450683594,137.05999755859375,140.27999877929688,91437900,144.98352955241586,147.93666608048366,-2.9531365280678017,-3.165857602912142,0.21272107484434022,-2.9531365280678017,144.5890022277832,155.9190005493164,144.98352955241586,147.93666608048366,37.00340978487699,153.27215870728668,144.5890022277832,135.90584574827972,0.12010811812400746,5.255618466498208,44.25020282248669,92567420.0,0.9877978666792269,94890400,1371161370.6057954,-0.038628677302390724,-0.0567478313585843,-0.0462511750795892,-5.5099945068359375,0.027765763765749418,-0.051587584325534785,-0.12050484931476346,buy,none,Hold,Downtrend,-1.0,Hold,"MACD above signal, trend down",,
2022-06-13,129.28472900390625,131.8800048828125,135.1999969482422,131.44000244140625,132.8699951171875,122207100,142.9676026801692,146.74728376954505,-3.779681089375856,-3.288622300204885,-0.491058789170971,-3.779681089375856,143.82750244140624,155.06440063476563,142.9676026801692,146.74728376954505,32.9326891876061,154.03094866720886,143.82750244140624,133.62405621560362,0.14188449430885997,5.2866458932773535,16.615242539740454,92978230.0,1.314362512601068,-27316700,1277556132.7943797,-0.03828483784046022,-0.09757762807166137,-0.11868480739959497,-5.25,0.027746850543636233,-0.08306824046715977,-0.14951462525922388,sell,bearish,Sell,Downtrend,-5.0,Strong Sell,"bearish MACD crossover, trend down",,131.8800048828125
2022-06-14,130.14736938476562,132.75999450683594,133.88999938964844,131.47999572753906,133.1300048828125,84784300,141.3972014227333,145.71118826860365,-4.313986845870346,-3.4936952093379774,-0.8202916365323687,-4.313986845870346,143.1885025024414,154.23340057373048,141.3972014227333,145.71118826860365,34.238570555950346,154.43076440085653,143.1885025024414,131.94624060402626,0.1570274386831227,5.081171448193927,2.3975659542490146,92885255.0,0.9127853500536764,57467600,1282832941.173405,0.006672653862921818,-0.1072558098778158,-0.10803548929516571,0.8799896240234375,0.02783383102572597,-0.0728306240609482,-0.1392266914106539,sell,none,Hold,Downtrend,-3.0,Sell,"MACD below signal, trend down",,132.75999450683594
2022-06-15,132.76483154296875,135.42999267578125,137.33999633789062,132.16000366210938,134.2899932861328,91533000,140.4791693078176,144.94961822469088,-4.470448916873266,-3.6890459508450353,-0.7814029660282311,-4.470448916873266,142.49800186157228,153.37320037841798,140.4791693078176,144.94961822469088,38.172210862644334,153.8644456901901,142.49800186157228,131.13155803295444,0.15953127314247686,5.088230107307306,12.017198402600132,93545090.0,0.9784906936323435,149000600,1306864546.4238498,0.020111466401181888,-0.08468514104839919,-0.08930141509332323,2.6699981689453125,0.027560180007829102,-0.04960075996474078,-0.11699050198056382,sell,none,Hold,Downtrend,-3.0,Sell,"MACD below signal, trend down",,135.42999267578125
2022-06-16,127.50051879882812,130.05999755859375,132.38999938964844,129.0399932861328,132.0800018310547,108123900,138.87621980793702,143.84668336053554,-4.970463552598517,-3.945329471195732,-1.025134081402785,-4.970463552598517,141.96000137329102,152.47320037841797,138.87621980793702,143.84668336053554,33.79387561359083,154.5463401690753,141.96000137329102,129.37366257750674,0.1773223256414019,5.18121362747453,13.598315420771783,93464140.0,1.1568490332227954,40876700,1264583415.9874036,-0.039651446559871295,-0.08819406817781883,-0.139871755943344,-5.3699951171875,0.026114111455208467,-0.08382645604099148,-0.14699765443499357,sell,none,Hold,Downtrend,-3.0,Sell,"MACD below signal, trend down",,130.05999755859375
2022-06-17,128.97103881835938,131.55999755859375,133.0800018310547,129.80999755859375,130.07000732421875,134520300,137.7506471541919,142.9365584863176,-5.185911332125698,-4.193445843381726,-0.9924654887439726,-5.185911332125698,141.6705009460449,151.66780029296876,137.7506471541919,142.9365584863176,36.0020325256227,154.9167187792392,141.6705009460449,128.42428311285062,0.18700036697461958,5.044698673544987,16.835988062858828,93385375.0,1.4404857291626232,175397000,1274044900.343199,0.011533138767930717,-0.040618443271979165,-0.09506126606171694,1.5,0.025834305779107558,-0.07136632764009032,-0.13257792817944103,sell,none,Hold,Downtrend,-3.0,Sell,"MACD below signal, trend down",,131.55999755859375
2022-06-21,133.19622802734375,135.8699951171875,137.05999755859375,133.32000732421875,133.4199981689453,81000500,137.46131607157585,142.41310934786353,-4.951793276287674,-4.3451153299629155,-0.6066779463247585,-4.951793276287674,141.58450088500976,150.94240020751954,137.46131607157585,142.41310934786353,41.9890708174643,154.95730062347627,141.58450088500976,128.21170114654325,0.18890202889266045,5.077220196863203,23.84364871385331,90564095.0,0.894399706638707,256397500,1303499387.2711968,0.032760699593918474,0.030254701900568337,-0.0702751082205656,4.30999755859375,0.026966451082381528,-0.04036109695695711,-0.09985534263142837,sell,none,Hold,Downtrend,-1.0,Hold,"MACD below signal, trend down",,
2022-06-22,132.68646240234375,135.35000610351562,137.75999450683594,133.91000366210938,134.7899932861328,73409200,137.13649915341273,141.88991651494888,-4.753417361536151,-4.426775736277563,-0.3266416252585884,-4.753417361536151,141.19650115966797,150.24760040283203,137.13649915341273,141.88991651494888,41.48483114918499,154.81773285329098,141.19650115966797,127.57526946604497,0.1929400740351183,4.989560957424871,37.96405321212984,88348240.0,0.8309073276388981,182988300,1285004306.0236988,-0.003827107031419197,0.019508976377264897,-0.08983928456178158,-0.519989013671875,0.025236103782309886,-0.04140679838476313,-0.09915362547803863,sell,none,Hold,Downtrend,-1.0,Hold,"MACD below signal, trend down",,
2022-06-23,135.54898071289062,138.27000427246094,138.58999633789062,135.6300048828125,136.82000732421875,72433800,137.31088455634324,141.62177486735717,-4.310890311013935,-4.403598651224837,0.09270834021090213,-4.310890311013935,141.09200134277344,149.69800048828125,137.31088455634324,141.62177486735717,45.44665552367381,154.76925260817035,141.09200134277344,127.41475007737655,0.19387706085717707,4.864591620064166,58.525256881724594,86763295.0,0.8348438126975237,255422100,1341777086.9831495,0.021573683319320303,0.020970329692615808,-0.06549068668363389,2.9199981689453125,0.025459551570964464,-0.0200011130571226,-0.07634033974097687,buy,bullish,Buy,Downtrend,3.0,Buy,"bullish MACD crossover, trend down",138.27000427246094,
2022-06-24,138.8722686767578,141.66000366210938,141.91000366210938,139.77000427246094,139.89999389648438,89116800,137.9799798033842,141.62460662993144,-3.6446268265472384,-4.2518042862893175,0.6071774597420792,-3.6446268265472384,141.14900131225585,149.17800048828124,137.9799798033842,141.62460662993144,49.70420911216599,154.82574417698729,141.14900131225585,127.47225844752442,0.19379156405754733,4.7771207464630425,75.23129711571234,86595000.0,1.0291217737744673,344538900,1410072198.8015842,0.024517243689154977,0.0891896534004597,-0.006870413150115162,3.3899993896484375,0.026065317513427815,0.0036203043953748626,-0.05039614957677652,buy,none,Hold,Downtrend,1.0,Hold,"MACD above signal, trend down",,
2022-06-27,138.8722686767578,141.66000366210938,143.49000549316406,140.97000122070312,142.6999969482422,70207900,138.54613732011114,141.627228632315,-3.081091312203853,-4.017661691472225,0.9365703792683719,-3.081091312203853,141.0430015563965,148.60320068359374,138.54613732011114,141.627228632315,49.70420911216599,154.66930504417368,141.0430015563965,127.4166980686193,0.1932219725532241,4.615898141177177,92.86310893259748,85575320.0,0.8204222899779984,414746800,1378311552.9871478,0.0,0.07677110284999289,0.0330343368919741,0.0,0.025523281472211952,0.00437456732276198,-0.04672306511262725,buy,none,Hold,Downtrend,1.0,Hold,"MACD above signal, trend down",,
2022-06-28,134.73533630371094,137.44000244140625,143.4199981689453,137.32000732421875,142.1300048828125,67083400,138.37596272338732,141.3170637292847,-2.9411010058973943,-3.802349554357259,0.8612485484598649,-2.9411010058973943,140.43300170898436,148.04620086669922,138.37596272338732,141.3170637292847,44.670981606116946,153.54797001474753,140.43300170898436,127.3180334032212,0.18677900701632763,4.721904762859276,89.99647909334982,84380565.0,0.7950100831868097,347663400,1313867396.4382408,-0.029789645006425114,0.011555217344820123,0.04215951890155245,-4.220001220703125,0.024380763895277168,-0.021312648958258573,-0.07164113880127732,buy,none,Hold,Downtrend,1.0,Hold,"MACD above signal, trend down",,
2022-06-29,136.4900665283203,139.22999572753906,140.6699981689453,136.6699981689453,137.4600067138672,66242400,138.50735241633373,141.16246609952577,-2.6551136831920417,-3.5729023801242157,0.917788696932174,-2.6551136831920417,139.9525016784668,147.52940063476564,138.50735241633373,141.16246609952577,47.1171790941943,152.49175227346043,139.9525016784668,127.41325108347316,0.17919294681565434,4.670340136940756,84.8547665759226,82506765.0,0.8028723462857864,413905800,1332415187.575936,0.013023815878466127,0.028666342438551595,0.04873456981327284,1.7899932861328125,0.02467003051491152,-0.005162508295762036,-0.05625593862319811,buy,none,Hold,Downtrend,1.0,Hold,"MACD above signal, trend down",,
2022-06-30,134.02947998046875,136.72000122070312,138.3699951171875,133.77000427246094,137.25,98964500,138.23237530931362,140.8333946270204,-2.601019317706772,-3.378525767640727,0.7775064499339552,-2.601019317706772,139.3530014038086,146.91580078125,138.23237530931362,140.8333946270204,44.16831069176139,151.29227425099916,139.3530014038086,127.41372855661805,0.17135293430234283,4.726743802521996,73.85218910072324,83740660.0,1.181797468517683,314941300,1360383537.157148,-0.01802768500939822,-0.011209973268703544,0.00952527958862226,-2.5099945068359375,0.024887995092899306,-0.018894463388526073,-0.06939893126763053,buy,none,Hold,Downtrend,-1.0,Hold,"MACD above signal, trend down",,
2022-07-01,136.19593811035156,138.92999267578125,139.0399932861328,135.66000366210938,136.0399932861328,71051600,138.33970105800094,140.69240188989156,-2.3527008318906155,-3.173360780490705,0.8206599486000896,-2.3527008318906155,138.7390007019043,146.34980072021483,138.33970105800094,140.69240188989156,47.2959904105427,149.3670918270382,138.7390007019043,128.1109095767704,0.15320985550370933,4.630547075486384,79.06938431465996,83675835.0,0.8491292617516156,385992900,1426810436.9445174,0.016164360995803317,-0.019271572185186492,0.06819925637159452,2.209991455078125,0.024860070750529477,0.0013766278617453054,-0.05069913322682584,buy,none,Hold,Downtrend,-1.0,Hold,"MACD above signal, trend down",,
2022-07-05,138.77423095703125,141.55999755859375,141.61000061035156,136.92999267578125,137.77000427246094,73353800,138.83513128886136,140.75666823572135,-1.9215369468599874,-2.922996013764562,1.0014590669045744,-1.9215369468599874,138.54800033569336,145.8526007080078,138.83513128886136,140.75666823572135,50.82639286401428,148.82328202290276,138.54800033569336,128.27271864848396,0.14832811245652075,4.634079993992379,84.21109683208718,82915010.0,0.8846866206733859,459346700,1498596755.0473444,0.018930432746441683,-0.0007059586399147388,0.07601094698672539,2.6300048828125,0.023952620286057377,0.02173973796519979,-0.02943110461230447,buy,none,Hold,Downtrend,-1.0,Hold,"MACD above signal, trend down",,
2022-07-06,140.1074676513672,142.9199981689453,144.1199951171875,141.0800018310547,141.35000610351562,74064300,139.46357234733583,140.91691489744164,-1.4533425501058161,-2.629065321032813,1.1757227709269968,-1.4533425501058161,138.3870002746582,145.47520080566406,139.46357234733583,140.91691489744164,52.59476669680409,148.27501892131477,138.3870002746582,128.49898162800162,0.14290386563812665,4.520216657716696,95.21367430728654,83038305.0,0.89192933309513,533411000,1514189258.823903,0.009607238159132114,0.039871912326800985,0.05188785828451081,1.3600006103515625,0.024032968913039746,0.032755951681085804,-0.017564523867763304,buy,none,Hold,Downtrend,1.0,Hold,"MACD above signal, trend down",,
2022-07-07,143.469970703125,146.35000610351562,146.5500030517578,143.27999877929688,143.2899932861328,66253700,140.5230236944404,141.3193660978916,-0.7963424034511775,-2.262520737516486,1.4661783340653085,-0.7963424034511775,138.2690002441406,145.14460083007813,140.5230236944404,141.3193660978916,56.81304564128023,147.70754974632118,138.2690002441406,128.83045074196005,0.1365244485100056,4.456630102366396,100.0,82960580.0,0.7986166441941461,599664700,1572338664.9418762,0.02399949607133145,0.05113848017283429,0.08127077579580755,3.4300079345703125,0.024332641174968406,0.05844408974612114,0.008304857821398892,buy,none,Hold,Mixed,2.0,Buy,MACD above signal,146.35000610351562,
2022-07-08,144.1463623046875,147.0399932861328,147.5500030517578,145.0,145.25999450683594,64547800,141.52563440085464,141.74311625998354,-0.2174818591288954,-1.8535129618389679,1.6360311027100725,-0.2174818591288954,138.2229995727539,144.94940063476562,141.52563440085464,141.74311625998354,57.629815945348945,147.47938628503636,138.2229995727539,128.96661286047146,0.13393410273100512,4.320442455894354,100.0,83490460.0,0.7731158745562068,664212500,1611066881.450071,0.004714637197412497,0.07548267973440415,0.06342654764362798,0.6899871826171875,0.02433490780575138,0.06378818098747785,0.014422913390548908,buy,none,Hold,Mixed,2.0,Buy,MACD above signal,147.0399932861328,
2022-07-11,142.0190887451172,144.8699951171875,146.63999938964844,143.77999877929688,145.6699981689453,63141600,142.04015143413662,141.97473691607274,0.065414518063875,-1.4697274658583992,1.5351419839222742,0.065414518063875,138.33449935913086,144.715400390625,142.04015143413662,141.97473691607274,54.16058106465841,147.85109006352315,138.33449935913086,128.81790865473857,0.13758810345185432,4.244696173818753,92.83733220255735,83173890.0,0.7591517001308944,601070900,1596054021.3667347,-0.014757877230874183,0.04275536424498583,0.022659828971448137,-2.1699981689453125,0.023118983397983527,0.04724414942284061,0.0010682672759443346,buy,none,Hold,Uptrend,3.0,Buy,"MACD above signal, trend up",144.8699951171875,
2022-07-12,142.98960876464844,145.86000061035156,148.4499969482422,145.0500030517578,145.75999450683594,77588800,142.6278205381697,142.26253422676007,0.3652863114096192,-1.1027247104047955,1.4680110218144147,0.3652863114096192,138.7709991455078,144.35980041503908,142.6278205381697,142.26253422676007,55.47741132987273,148.81290348724633,138.7709991455078,128.72909480376927,0.14472626706692698,4.197218006478463,88.39342461009429,82481435.0,0.9406819849824388,678659700,1555433957.480763,0.006833751132270249,0.030375834458304274,0.02964843173560916,0.9900054931640625,0.02116675970802449,0.05108417110559693,0.010392091087680688,buy,none,Hold,Uptrend,3.0,Buy,"MACD above signal, trend up",145.86000061035156,
2022-07-13,142.6269073486328,145.49000549316406,146.4499969482422,142.1199951171875,142.99000549316406,71185600,143.0681566850919,142.50160617241963,0.5665505126722792,-0.7688696657893805,1.3354201784616597,0.5665505126722792,139.45149917602538,144.11660064697264,143.0681566850919,142.50160617241963,54.843311787384756,149.37719162122838,139.45149917602538,129.52580673082238,0.14235332719763877,4.206702565376765,81.4934925309989,79930360.0,0.8905952631765952,607474100,1595054874.420126,-0.0025366455206311533,0.017982139358697413,0.05857103396945673,-0.3699951171875,0.018852756038373622,0.04330183865227921,0.009529817106606053,buy,none,Hold,Uptrend,3.0,Buy,"MACD above signal, trend up",145.49000549316406,
2022-07-14,145.54823303222656,148.47000122070312,148.9499969482422,143.25,144.0800018310547,78140700,143.89920969057056,142.9437095093295,0.9555001812410637,-0.42399569638329176,1.3794958776243555,0.9555001812410637,140.23699951171875,143.9268005371094,143.89920969057056,142.9437095093295,58.91631689424956,150.40374708828813,140.23699951171875,130.07025193514937,0.14499379781324834,4.313366449867152,88.65616032844156,79598180.0,0.9816895310922938,685614800,1660035145.5681496,0.0204824772494705,0.014485787692335217,0.06636504903186191,2.9799957275390625,0.0191639981723323,0.05870777139877692,0.0315660507052149,buy,none,Hold,Uptrend,3.0,Buy,"MACD above signal, trend up",148.47000122070312,
2022-07-15,147.2147979736328,150.1699981689453,150.86000061035156,148.1999969482422,149.77999877929688,76259900,144.8639463795513,143.47899015078252,1.3849562287687718,-0.062205311352879045,1.4471615401216509,1.3849562287687718,140.97399978637696,143.7406005859375,144.8639463795513,143.47899015078252,61.07335129245623,151.75831748324768,140.97399978637696,130.18968208950625,0.152997257837794,4.195269107884454,93.10006792090462,78834525.0,0.9673414027673789,761874700,1696731553.2835793,0.011450103955445545,0.02128675888009357,0.09837622021762749,1.6999969482421875,0.018919468688081496,0.06523187535647268,0.044729168772075,buy,none,Hold,Uptrend,3.0,Buy,"MACD above signal, trend up",150.1699981689453,
2022-07-18,144.17581176757812,147.07000732421875,151.57000732421875,146.6999969482422,150.74000549316406,81420900,145.2033403710386,143.74499142288892,1.458348948149677,0.24190554054763216,1.2164434076020447,1.458348948149677,141.8245002746582,143.36160064697265,145.2033403710386,143.74499142288892,55.364889596870164,151.67423511979226,141.8245002746582,131.97476542952413,0.13890032859003923,4.243464912748176,88.74406391477612,77499375.0,1.0506007306510536,680453800,1627682938.1435716,-0.020643210245224752,0.015186113627267073,0.05859076569185273,-3.0999908447265625,0.016910646707449753,0.03698590186746342,0.025867503295935235,buy,none,Hold,Uptrend,3.0,Buy,"MACD above signal, trend up",147.07000732421875,
2022-07-19,148.02845764160156,151.0,151.22999572753906,146.91000366210938,147.9199981689453,82982400,146.09513416010958,144.2823994656379,1.8127346944716862,0.556071371332443,1.2566633231392432,1.8127346944716862,142.7965003967285,143.24620056152344,146.09513416010958,144.2823994656379,60.41616678125573,152.23069858261385,142.7965003967285,133.36230221084315,0.13213486548584197,4.248931137939713,87.44822849557875,74922480.0,1.1075767913715617,763436200,1701829397.164111,0.026721917998667744,0.0352392662014267,0.06668552277629769,3.92999267578125,0.017489169551809937,0.057448884114665866,0.054129180446544245,buy,none,Hold,Uptrend,3.0,Buy,"MACD above signal, trend up",151.0,
2022-07-20,150.02830505371094,153.0399932861328,153.72000122070312,150.3699951171875,151.1199951171875,64823400,147.16357402565163,144.93111011900788,2.232463906643744,0.8913498783947034,1.3411140282490408,2.232463906643744,143.65500030517578,143.16140045166014,147.16357402565163,144.93111011900788,62.77134417333906,153.52650177541332,143.65500030517578,133.78349883493823,0.1374334544466516,4.184722206909421,87.44822849557875,74113625.0,0.8746488921571438,828259600,1740336172.6662836,0.013509889312137924,0.05189351507257656,0.07080881085112156,2.0399932861328125,0.016502138549492947,0.06533008221795189,0.06900318663624883,buy,none,Hold,Uptrend,5.0,Strong Buy,"MACD above signal, trend up",153.0399932861328,
2022-07-21,152.29283142089844,155.35000610351562,155.57000732421875,151.94000244140625,154.5,65086600,148.42302511455378,145.70288019193438,2.720144922619397,1.2571088872396423,1.463036035379755,2.720144922619397,144.65500030517578,143.2272006225586,148.42302511455378,145.70288019193438,65.28979399235169,154.9993991598035,144.65500030517578,134.31060145054806,0.14302165611702797,4.145099540902498,98.70416458080263,73697495.0,0.8831589187665062,893346200,1797533454.6550517,0.015094177461599134,0.04633936031687136,0.061496410144555425,2.3100128173828125,0.016445505697957535,0.07393457381892654,0.08464038554313302,buy,none,Hold,Uptrend,3.0,Buy,"MACD above signal, trend up",155.35000610351562,
2022-07-22,151.05763244628906,154.08999633789062,156.27999877929688,153.41000366210938,155.38999938964844,66675400,149.294866841221,146.3241480545978,2.9707187866231948,1.5998308671163528,1.370887919506842,2.9707187866231948,145.44599990844728,143.2188006591797,149.294866841221,146.3241480545978,62.794499798490605,156.13029030762846,145.44599990844728,134.7617095092661,0.14691762449165371,4.054020653494284,94.24917608309019,73409575.0,0.9082657132942127,826670800,1762453079.5965683,-0.008110780277571505,0.026103737209447253,0.047946160049387565,-1.260009765625,0.016404589624968616,0.05943096705914508,0.07590620525151093,buy,none,Hold,Uptrend,3.0,Buy,"MACD above signal, trend up",154.08999633789062,
2022-07-25,149.94009399414062,152.9499969482422,155.0399932861328,152.27999877929688,154.00999450683594,53623900,149.8571945499935,146.81495167634924,3.0422428736442555,1.8883132684219337,1.1539296052223218,3.0422428736442555,146.0104995727539,143.34780059814454,149.8571945499935,146.81495167634924,60.54007975181084,157.022977161799,146.0104995727539,134.9980219837088,0.15084500938314793,3.9615902144472592,81.77785134056242,71634930.0,0.7485719606342883,773046900,1734863952.2910216,-0.0073982699509488326,0.03998088890456697,0.05577415685365805,-1.1399993896484375,0.016010947404334633,0.04752738601534934,0.06698530643672762,buy,none,Hold,Uptrend,3.0,Buy,"MACD above signal, trend up",152.9499969482422,
2022-07-26,148.61663818359375,151.60000610351562,153.08999633789062,150.8000030517578,152.25999450683594,55138700,150.12531940438151,147.16940015243566,2.9559192519458577,2.1018344651267187,0.854084786819139,2.9559192519458577,146.50749969482422,143.52860076904298,150.12531940438151,147.16940015243566,57.889598961328474,157.5867496640978,146.50749969482422,135.42824972555064,0.15124481671384338,3.84219043385337,59.61337580186851,70881470.0,0.7779000633028632,717908200,1718250368.0955753,-0.0088263541788981,0.003973550354408051,0.039352841554538553,-1.3499908447265625,0.01624586183440585,0.034759356478672565,0.0562355188528636,buy,none,Hold,Uptrend,3.0,Buy,"MACD above signal, trend up",151.60000610351562,
2022-07-27,153.7045135498047,156.7899932861328,157.3300018310547,152.16000366210938,152.5800018310547,78620700,151.15065384772788,147.88203668085765,3.2686171668702286,2.335191005475421,0.9334261613948076,3.2686171668702286,147.47499923706056,143.7222006225586,151.15065384772788,147.88203668085765,64.35128304618956,158.5973907077674,147.47499923706056,136.3526077663537,0.15083765422270679,3.9770336691166337,62.55324638284564,71458335.0,1.1002313446010181,796528900,1780447135.8540673,0.034234742570348864,0.02450339887946007,0.07766848145111727,5.1899871826171875,0.015632744884493715,0.06316320798278996,0.09092396725745022,buy,none,Hold,Uptrend,3.0,Buy,"MACD above signal, trend up",156.7899932861328,
2022-07-28,154.2534942626953,157.35000610351562,157.63999938964844,154.41000366210938,156.97999572753906,81378700,152.1044003486183,148.5833677492027,3.521032599415605,2.572359324263458,0.9486732751521472,3.521032599415605,148.38099975585936,143.95840087890625,152.1044003486183,148.5833677492027,64.97579533851106,159.62072305385482,148.38099975585936,137.1412764578639,0.15149814755917376,3.923673816146807,74.08410733312779,72215150.0,1.1268923487661522,877907600,1847213261.3339167,0.0035717382573059453,0.012874154627759316,0.05981009503470158,0.5600128173828125,0.015575014570776362,0.060445787280133834,0.09302413157446798,buy,none,Hold,Uptrend,3.0,Buy,"MACD above signal, trend up",157.35000610351562,
2022-07-29,159.31195068359375,162.50999450683594,163.6300048828125,159.5,161.24000549316406,101786900,153.7052609883441,149.6149697312496,4.090291257094492,2.8759457108296647,1.2143455462648274,4.090291257094492,149.670499420166,144.2238006591797,153.7052609883441,149.6149697312496,70.16253501935341,161.17745659596878,149.670499420166,138.16354224436324,0.15376386422683863,4.091982742086097,96.24858287182171,72356270.0,1.4067460912509724,979694500,1893793260.9193807,0.03279306134837845,0.054643379642127066,0.08217351327398825,5.1599884033203125,0.015551204620740675,0.08578507545849745,0.12679040327656455,buy,none,Hold,Uptrend,1.0,Hold,"MACD above signal, RSI overbought, trend up",,
2022-08-01,158.3316192626953,161.50999450683594,163.58999633789062,160.88999938964844,161.00999450683594,67829400,154.90598922195824,150.49608267758933,4.4099065443689085,3.1827378775375137,1.2271686668313948,4.4099065443689085,150.79949951171875,144.63760040283202,154.90598922195824,150.49608267758933,68.05900965727169,162.30056600031352,150.79949951171875,139.29843302312398,0.15253454455531554,3.992555185382961,94.48244303484024,72195160.0,0.939528356194515,911865100,1857114930.7968016,-0.00615346768692393,0.055965987115975,0.09818444593386033,-1.0,0.01579316799466914,0.07102473834327849,0.11665289009920232,buy,none,Hold,Uptrend,3.0,Buy,"MACD above signal, trend up",161.50999450683594,
2022-08-02,156.8611297607422,160.00999450683594,162.41000366210938,159.6300048828125,160.10000610351562,59907000,155.6912208042471,151.20081688716314,4.490403917083967,3.4442710854468044,1.0461328316371623,4.490403917083967,151.72199935913085,145.09080017089843,155.6912208042471,151.20081688716314,64.91514076669986,163.0693986578175,151.72199935913085,140.3746000604442,0.1495814627623906,3.905944013519669,83.60257076947507,71522820.0,0.8375928130350565,851958100,1813584944.035728,-0.009287350944318873,0.05547485530823648,0.059668837793615426,-1.5,0.01599396515007246,0.054626192527869044,0.10282660457013537,buy,none,Hold,Uptrend,3.0,Buy,"MACD above signal, trend up",160.00999450683594,
2022-08-03,162.86070251464844,166.1300048828125,166.58999633789062,160.75,160.83999633789062,82507500,157.29718758556484,152.30668266461865,4.990504920946194,3.7535178525466826,1.236987068399511,4.990504920946194,152.88249969482422,145.66160034179688,157.29718758556484,152.30668266461865,70.83471655575629,165.10540877453764,152.88249969482422,140.6595906151108,0.1598993881459569,4.096948143343599,83.60257076947507,71944980.0,1.1468138569223314,934465600,1883094920.481264,0.038247675683253046,0.05957020215974307,0.08553327346405326,6.1200103759765625,0.01751847270955896,0.08665154752461679,0.1405202503129599,buy,none,Hold,Uptrend,1.0,Hold,"MACD above signal, RSI overbought, trend up",,
2022-08-04,162.54701232910156,165.80999755859375,167.19000244140625,164.42999267578125,166.00999450683594,55474100,158.60685065833854,153.3069282123205,5.29992244601803,4.062798771240953,1.2371236747770773,5.29992244601803,153.85549926757812,146.11560028076173,158.60685065833854,153.3069282123205,70.16805907955089,166.91313838788165,153.85549926757812,140.7978601472746,0.1697389977279174,4.001452544935128,86.74319565269387,71406000.0,0.7768828949948183,878991500,1883094920.481264,-0.0019262464022948844,0.053765434553034286,0.06733177369885812,-0.32000732421875,0.01720506103068399,0.0776995190157288,0.1347864104858698,buy,none,Hold,Uptrend,1.0,Hold,"MACD above signal, RSI overbought, trend up",,
2022-08-05,162.3212432861328,165.35000610351562,165.85000610351562,163.0,163.2100067138672,56697000,159.64425918836577,154.19900805611275,5.44525113225302,4.339289243443367,1.1059618888096532,5.44525113225302,154.77099990844727,146.615400390625,159.64425918836577,154.19900805611275,69.16045717887876,168.346120048837,154.77099990844727,141.19587976805752,0.17542201250130743,3.9192063705480207,94.25235836724131,71013460.0,0.7983979375177607,822294500,1919898278.874651,-0.0027742082012610636,0.01747591959065775,0.07307424254157224,-0.459991455078125,0.017324762238983573,0.0683526384227422,0.12778061283450648,buy,none,Hold,Uptrend,3.0,Buy,"MACD above signal, trend up",165.35000610351562,
2022-08-08,161.85000610351562,164.8699951171875,167.80999755859375,164.1999969482422,166.3699951171875,60276900,160.44821856203063,154.98945154211827,5.458767019912358,4.563184798737165,0.8955822211751929,5.458767019912358,155.77099990844727,147.10240020751954,160.44821856203063,154.98945154211827,68.06210656350238,169.2274425474191,155.77099990844727,142.31455726947544,0.17277211607912515,3.8971202448197024,87.11296141692607,70870225.0,0.8505250265538172,762017600,1881995564.9143407,-0.0029029995077690662,0.020803669894307042,0.07793395493155186,-0.480010986328125,0.016770156520075272,0.058412639156762536,0.12078385454352181,buy,none,Hold,Uptrend,3.0,Buy,"MACD above signal, trend up",164.8699951171875,
2022-08-09,161.89906311035156,164.9199981689453,165.82000732421875,163.25,164.02000427246094,63135500,161.1361846554021,155.7250475885499,5.411137066852206,4.732775252360174,0.6783618144920318,5.411137066852206,156.72399978637696,147.5252001953125,161.1361846554021,155.7250475885499,68.11890630647834,169.93529290413622,156.72399978637696,143.5127066686177,0.16859310808512978,3.802326464776777,81.55629058301605,70147560.0,0.9000384332683845,825153100,1900911324.7701843,0.0003032877615012364,0.03068560609130966,0.08786274095750701,0.0500030517578125,0.016829226772162,0.05229574534685133,0.11791068882200051,buy,none,Hold,Uptrend,3.0,Buy,"MACD above signal, trend up",164.9199981689453,
2022-08-10,166.1399688720703,169.24000549316406,169.33999633789062,166.89999389648438,167.67999267578125,70170500,162.38292632275008,156.72615558148428,5.656770741265802,4.9175743501413,0.7391963911245023,5.656770741265802,157.91149978637696,147.91720031738282,162.38292632275008,156.72615558148428,72.64523194610825,171.1397723515244,157.91149978637696,144.68322722122952,0.16754033218660688,3.846445872217387,85.8674639260794,70096805.0,1.001051331797505,895323600,1965330676.7788393,0.026194563256017656,0.018720282423065893,0.07940565559123836,4.32000732421875,0.017256730372727836,0.07173958655393897,0.14415365576166494,buy,none,Hold,Uptrend,1.0,Hold,"MACD above signal, RSI overbought, trend up",,
2022-08-11,165.40371704101562,168.49000549316406,170.99000549316406,168.19000244140625,170.05999755859375,57149200,163.32247696435223,157.59755187123835,5.724925093113882,5.079044498735817,0.645880594378065,5.724925093113882,158.9125,148.3102005004883,163.32247696435223,157.59755187123835,70.76676570449904,172.16134021006073,158.9125,145.66365978993926,0.16674383966095474,3.7716999564702745,88.76336000784086,69047230.0,0.8276827325296033,838174400,1920427845.1495838,-0.0044315763156265175,0.016163126313437415,0.0707975783764494,-0.75,0.017186737410190292,0.06026905053513132,0.1360648487061369,buy,none,Hold,Uptrend,1.0,Hold,"MACD above signal, RSI overbought, trend up",,
2022-08-12,168.94760131835938,172.10000610351562,172.1699981689453,169.39999389648438,169.82000732421875,68039400,164.67286606268505,158.67180774029592,6.001058322389127,5.26344726346648,0.7376110589226474,6.001058322389127,160.0090003967285,148.77800048828124,164.67286606268505,158.67180774029592,74.22199082955959,173.80096581955618,160.0090003967285,146.21703497390084,0.1723898704276845,3.7651494364210585,95.7564991314462,68636205.0,0.9913048077177344,906213800,1985028825.8056557,0.021425606817361276,0.04082249622521483,0.059011826477394225,3.6100006103515625,0.017480699250979642,0.07556453497496074,0.15675708464082616,buy,none,Hold,Uptrend,1.0,Hold,"MACD above signal, RSI overbought, trend up",,
2022-08-15,170.01760864257812,173.19000244140625,173.38999938964844,171.35000610351562,171.52000427246094,54091700,165.98319473633444,159.74722957000782,6.235965166326622,5.457950844038509,0.7780143222881133,6.235965166326622,161.31500015258788,149.21760040283203,165.98319473633444,159.74722957000782,75.17604472416876,174.90396712618548,161.31500015258788,147.7260331789903,0.1684774132689928,3.641923997114755,95.7564991314462,67269745.0,0.8041014574977206,960305500,2028514437.05157,0.006333505515595528,0.05046404785967873,0.07231755514718907,1.089996337890625,0.016233165041418546,0.07361375121709579,0.16065398434137568,buy,none,Hold,Uptrend,1.0,Hold,"MACD above signal, RSI overbought, trend up",,
2022-08-16,169.86053466796875,173.02999877929688,173.7100067138672,171.66000366210938,172.77999877929688,56377100,167.06731843525174,160.73113840032553,6.336180034926201,5.633596682216048,0.7025833527101533,6.336180034926201,162.41650009155273,149.77060028076173,167.06731843525174,160.73113840032553,74.73876532134403,176.05377283512397,162.41650009155273,148.7792273479815,0.1679296467524423,3.5282153581606877,98.57946432842812,65939480.0,0.8549824778721337,903928400,2047489763.1418273,-0.0009238620004263787,0.049175361996085076,0.08136994387500396,-0.160003662109375,0.015754709303919624,0.06534741656027188,0.1553001620807608,buy,none,Hold,Uptrend,1.0,Hold,"MACD above signal, RSI overbought, trend up",,
2022-08-17,171.35269165039062,174.5500030517578,176.14999389648438,172.57000732421875,172.77000427246094,79542000,168.21850068394497,161.75475800413534,6.463742679809627,5.799625881734764,0.664116798074863,6.463742679809627,163.49200057983398,150.3388003540039,168.21850068394497,161.75475800413534,76.15759165394864,177.39196480727082,163.49200057983398,149.59203635239714,0.17003846277664716,3.531913302025326,98.57946432842812,66675410.0,1.1929735415200295,983470400,2055932908.8851206,0.00878462857992468,0.03137554588893132,0.05068318739221578,1.5200042724609375,0.015686418956625144,0.06763635182581385,0.1610442722753116,buy,none,Hold,Uptrend,1.0,Hold,"MACD above signal, RSI overbought, trend up",,
2022-08-18,170.9600067138672,174.14999389648438,174.89999389648438,173.1199951171875,173.75,62290100,169.13103810125872,162.67292362579082,6.458114475467909,5.931323600481393,0.5267908749865153,6.458114475467909,164.43199996948243,150.84760009765625,169.13103810125872,162.67292362579082,74.96432066394871,178.54351156856143,164.43199996948243,150.32048837040344,0.1716394813868104,3.4067765504018652,95.04147247366464,66535585.0,0.936192264635533,921180300,2065731315.5835621,-0.0022916594000563784,0.03359242814880159,0.0502985131215834,-0.4000091552734375,0.015679212448595235,0.05910038148782193,0.15447639726281714,buy,none,Hold,Uptrend,1.0,Hold,"MACD above signal, RSI overbought, trend up",,
2022-08-19,168.37820434570312,171.52000427246094,173.74000549316406,171.30999755859375,173.02999877929688,70346300,169.49857135836675,163.32826293295156,6.170308425415186,5.979120565468152,0.1911878599470338,6.170308425415186,165.30350036621093,151.31880004882814,169.49857135836675,163.32826293295156,67.47817930319181,178.895897543368,165.30350036621093,151.71110318905386,0.164453833670124,3.3662922495082053,70.72796243520649,66719130.0,1.054364767646101,850834000,2007543984.3552651,-0.015101864577650947,-0.0033701441631898144,0.0373147743646447,-2.6299896240234375,0.016079495581484454,0.037606607800065195,0.1335009543897665,buy,none,Hold,Uptrend,1.0,Hold,"MACD above signal, trend up",,
2022-08-22,164.50054931640625,167.57000732421875,169.86000061035156,167.13999938964844,169.69000244140625,69026800,169.20186919926707,163.64246622119356,5.559402978073507,5.895177047989224,-0.33577406991571657,5.559402978073507,166.03450088500978,151.81740020751954,169.20186919926707,163.64246622119356,58.0946360987938,178.4087247154663,166.03450088500978,153.66027705455326,0.1490560547897995,3.4387002947442262,37.394629101873164,67489275.0,1.0227817679179396,781807200,1960342227.2795658,-0.023029365962279114,-0.032449881852093965,0.016376613616759794,-3.9499969482421875,0.017087382946091977,0.009248116692761377,0.10376022178727173,sell,bearish,Sell,Uptrend,-3.0,Sell,"bearish MACD crossover, trend up",,167.57000732421875
2022-08-23,164.16677856445312,167.22999572753906,168.7100067138672,166.64999389648438,167.0800018310547,54147100,168.89850404977045,163.90820914758953,4.990294902180921,5.714200618827563,-0.7239057166466427,4.990294902180921,166.81600036621094,152.41940002441407,168.89850404977045,163.90820914758953,57.35527176491677,177.27034698922262,166.81600036621094,156.36165374319927,0.12533985469093206,3.340222617789839,7.599287623303283,67439695.0,0.8028965730049639,727660100,1936685633.8252492,-0.0020290719210975805,-0.03352021668309568,0.014006776523410869,-0.3400115966796875,0.016870153380067757,0.0024817485158454833,0.09717001707625594,sell,none,Hold,Uptrend,-1.0,Hold,"MACD below signal, trend up",,
2022-08-24,164.46127319335938,167.52999877929688,168.11000061035156,166.25,167.32000732421875,53841500,168.6879647773899,164.17648986104933,4.511474916340575,5.4736554783301665,-0.9621805619895918,4.511474916340575,167.35300064086914,153.13239990234376,168.6879647773899,164.17648986104933,57.864818422677715,176.74116772965527,167.35300064086914,157.964833552083,0.11219598158186184,3.234492474401391,0.9033400501785475,66200735.0,0.813306680054232,781501600,1956948468.9442432,0.001793954789346408,-0.040217726437846935,-0.01010403367031476,0.3000030517578125,0.015413241568156665,0.001057633491780452,0.09402059189390877,sell,none,Hold,Uptrend,-1.0,Hold,"MACD below signal, trend up",,
2022-08-25,166.91549682617188,170.02999877929688,170.13999938964844,168.35000610351562,168.77999877929688,51218200,168.89443154691406,164.61008311425286,4.284348432661204,5.235794069196375,-0.9514456365351709,4.284348432661204,167.98700027465821,153.87779998779297,168.89443154691406,164.61008311425286,61.94542310297397,176.2302486033302,167.98700027465821,159.74375194598622,0.09814150279717253,3.1898859126835464,9.040902090656349,64692710.0,0.7917151716167092,832719800,2001871636.1027732,0.014922700520600518,-0.023657739084598783,0.00913996816384044,2.5,0.01562625371740155,0.012161646444655672,0.10496770029715297,sell,none,Hold,Uptrend,-1.0,Hold,"MACD below signal, trend up",,
2022-08-26,160.62290954589844,163.6199951171875,171.0500030517578,163.55999755859375,170.57000732421875,78961000,168.08297978849458,164.5367432626184,3.5462365258761963,4.89788256053234,-1.3516460346561434,3.5462365258761963,168.0425003051758,154.44160003662108,168.08297978849458,164.5367432626184,48.875481318563175,176.15135043127427,168.0425003051758,159.93365017907732,0.09650951528776697,3.4970373112892976,9.040902090656349,63551415.0,1.2424743021064126,753758800,1924175646.4498136,-0.03769925135640162,-0.046058820886712426,-0.04927374018352748,-6.410003662109375,0.01670230642670239,-0.026317777823804955,0.05942955187197008,sell,none,Hold,Uptrend,-1.0,Hold,"MACD below signal, trend up",,
2022-08-29,158.4239501953125,161.3800048828125,162.89999389648438,159.82000732421875,161.14999389648438,73314000,167.0517528799281,164.30291079004016,2.748842089887944,4.468074466403461,-1.7192323765155173,2.748842089887944,168.0360008239746,155.06800018310548,167.0517528799281,164.30291079004016,45.28010475505602,176.16596540225152,168.0360008239746,159.9060362456977,0.09676455686175751,3.518676631409259,8.137562040477787,63825645.0,1.1486605423258942,680444800,1925127983.868689,-0.013690198638440787,-0.03693979931283098,-0.0681909890415835,-2.239990234375,0.016942963134971865,-0.039610535293175486,0.04070475334855517,sell,none,Hold,Uptrend,-1.0,Hold,"MACD below signal, trend up",,
2022-08-30,155.9991455078125,158.91000366210938,162.55999755859375,157.72000122070312,162.1300048828125,77906200,165.79917607718676,163.9034361879712,1.8957398892155481,3.953607550965879,-2.057867661750331,1.8957398892155481,167.9810012817383,155.61500030517578,165.79917607718676,163.9034361879712,41.642420291003816,176.33908919731903,167.9810012817383,159.62291336615755,0.09951230022212484,3.613056610443642,0.0,64725605.0,1.2036380347468363,602538600,1885531138.5576177,-0.015305497248539135,-0.049751792608935475,-0.08160431842340721,-2.470001220703125,0.01717029701463816,-0.05400014019689647,0.021174072875184136,sell,none,Hold,Uptrend,-1.0,Hold,"MACD below signal, trend up",,
2022-08-31,154.3401336669922,157.22000122070312,160.5800018310547,157.13999938964844,160.30999755859375,87991100,164.47930302234312,163.40836693113653,1.0709360912065904,3.3770732590140216,-2.306137167807431,1.0709360912065904,167.5355010986328,156.04200042724608,164.47930302234312,163.40836693113653,39.31512186380668,177.10306812901942,167.5355010986328,157.9679340682462,0.11421539873813276,3.600695598369543,0.0,64999785.0,1.353713708437651,514547500,1801632738.6277015,-0.010634965719336975,-0.0615412023740064,-0.09928388157011936,-1.69000244140625,0.01471172781620217,-0.06157202390111127,0.00754925462523981,sell,none,Hold,Uptrend,-1.0,Hold,"MACD below signal, trend up",,
2022-09-01,155.06655883789062,157.9600067138672,158.4199981689453,154.6699981689453,156.63999938964844,74229900,163.47633435950067,163.0047846928203,0.47154966668037446,2.7959685405472925,-2.324418873866918,0.47154966668037446,167.14300155639648,156.49420043945312,163.47633435950067,163.0047846928203,40.873352234963875,177.56723588643317,167.14300155639648,156.7187672263598,0.12473432010875303,3.611360198486004,1.40981352954258,65937575.0,1.125760236102101,588777400,1857651908.1150062,0.004706815210650195,-0.07098742664285285,-0.09296576370964793,0.7400054931640625,0.014803362371066792,-0.05494094731469101,0.009366521380970827,sell,none,Hold,Uptrend,-1.0,Hold,"MACD below signal, trend up",,
2022-09-02,152.9559783935547,155.80999755859375,160.36000061035156,154.97000122070312,159.75,76957800,162.2968979285919,162.4718374976924,-0.174939569100502,2.2017869186177337,-2.3767264877182357,-0.174939569100502,166.6660011291504,156.84500030517577,162.2968979285919,162.4718374976924,37.83372496495882,178.18984480741918,166.6660011291504,155.14215745088163,0.13828667634905198,3.7384058549976062,1.40981352954258,66950615.0,1.149471143767686,511819600,1804680853.0101056,-0.013611098150736467,-0.047732537536137265,-0.09159285402600448,-2.1500091552734375,0.01501773805037129,-0.0651362815271741,-0.006598888995939967,sell,none,Hold,Downtrend,-3.0,Sell,"MACD below signal, trend down",,155.80999755859375
2022-09-06,151.6993865966797,154.52999877929688,157.08999633789062,153.69000244140625,156.47000122070312,73714800,161.1019903671619,161.88355314818162,-0.7815627810197157,1.605116978690244,-2.38667975970996,-0.7815627810197157,166.14900131225585,157.10240020751954,161.1019903671619,161.88355314818162,36.11191762493666,178.81948673968233,166.14900131225585,153.47851588482936,0.15251954964946102,3.7142335722466613,1.40981352954258,67622510.0,1.0900926333553724,438104800,1767389743.1304708,-0.008215126110989845,-0.04244643633819334,-0.0778182728111465,-1.279998779296875,0.015065451084180798,-0.06993122101963489,-0.01637404282063626,sell,none,Hold,Downtrend,-3.0,Sell,"MACD below signal, trend down",,154.52999877929688
2022-09-07,153.1032257080078,155.9600067138672,156.6699981689453,153.61000061035156,154.82000732421875,87449600,160.31091595896274,161.444771930825,-1.1338559718622605,1.0573223885797431,-2.1911783604420036,-1.1338559718622605,165.70100173950195,157.38840026855468,160.31091595896274,161.444771930825,39.42847515021639,179.124839452236,165.70100173950195,152.2771640267679,0.16202482268438687,3.6675024284143105,2.845433200060179,68838215.0,1.2703641429400805,525554400,1814258612.2239184,0.00925391798269981,-0.01856394739323508,-0.06739215034145907,1.4300079345703125,0.01530370768696029,-0.058786578978855863,-0.009075596119219709,sell,none,Hold,Downtrend,-3.0,Sell,"MACD below signal, trend down",,155.9600067138672
2022-09-08,151.63067626953125,154.4600067138672,156.36000061035156,152.67999267578125,154.63999938964844,84923800,159.41077607510186,160.92738191475405,-1.5166058396521862,0.5425367429333573,-2.0591425825855434,-1.5166058396521862,164.9620018005371,157.7288003540039,159.41077607510186,160.92738191475405,37.244406738251875,179.1317590185787,164.9620018005371,150.79224458249553,0.17179419579516095,3.668395678854025,4.048944077375769,69575880.0,1.220592538678634,440630600,1811489828.6561062,-0.009617850316921195,-0.017554983369841737,-0.0780158309596124,-1.5,0.01376555504167257,-0.06366311618458864,-0.02072413936326334,sell,none,Hold,Downtrend,-3.0,Sell,"MACD below signal, trend down",,154.4600067138672
2022-09-09,154.48739624023438,157.3699951171875,157.82000732421875,154.75,155.47000122070312,68028800,159.09680977388427,160.663871781601,-1.5670620077167143,0.12061699280334298,-1.6876790005200573,-1.5670620077167143,164.40600128173827,158.09160034179686,159.09680977388427,160.663871781601,43.75371423294688,178.84843266968642,164.40600128173827,149.96356989379012,0.17569226518925585,3.6463674596752775,13.909261091530109,70119860.0,0.9701787767402844,508659400,1859574838.8233063,0.01883975318420772,-0.003735196072436553,-0.07445747075810061,2.9099884033203125,0.014719290065441593,-0.04279652877447793,-0.004564475424685632,sell,none,Hold,Downtrend,-3.0,Sell,"MACD below signal, trend down",,157.3699951171875
2022-09-12,160.4363555908203,163.42999267578125,164.25999450683594,159.3000030517578,159.58999633789062,104956000,159.76345329725305,160.86876962561433,-1.1053163283612832,-0.12456967142958225,-0.9807466569317009,-1.1053163283612832,163.97250061035157,158.62580017089843,159.76345329725305,160.86876962561433,54.368534387814734,177.9790387118059,163.97250061035157,149.96596250889723,0.1708400865915697,3.8780554546733605,34.6205957723642,71965690.0,1.45841719852891,613615400,1929404297.5906649,0.038507960517385253,0.04890568793136607,-0.0011612421896857184,6.05999755859375,0.016604698132959134,-0.0033085299824724412,0.030286324795253616,sell,none,Hold,Mixed,0.0,Hold,MACD below signal,,
2022-09-13,151.02207946777344,153.83999633789062,160.5399932861328,153.3699951171875,159.89999389648438,122656600,158.8521522265819,160.34811975244963,-1.4959675258677407,-0.39884924231721397,-1.0971182835505267,-1.4959675258677407,163.00500030517577,158.92400024414061,158.8521522265819,160.34811975244963,41.13764835950498,177.0042839579424,163.00500030517577,149.00571665240915,0.17176508237854485,4.319622747810532,39.90185553375913,75393935.0,1.6268762202158569,490958800,1822828246.1121368,-0.05867953721882391,-0.004465168231779559,-0.04672207409088336,-9.589996337890625,0.0206624976267413,-0.05622529339668447,-0.03199015817900308,sell,none,Hold,Downtrend,-4.0,Sell,"MACD below signal, trend down, volume spike",,153.83999633789062
2022-09-14,152.4651336669922,155.30999755859375,157.10000610351562,153.61000061035156,154.7899932861328,87965400,158.30720535458374,159.9749255158677,-1.6677201612839667,-0.6526234261105646,-1.0150967351734022,-1.6677201612839667,162.11900024414064,159.19900024414062,158.30720535458374,159.9749255158677,43.410952907747756,175.70511274664685,162.11900024414064,148.53288774163443,0.16760666525264048,4.260364372478641,39.4595858032206,76973350.0,1.1428033208896327,578924200,1820559508.6783202,0.009555390377639084,-0.004167793840032186,-0.02265437052767505,1.470001220703125,0.020921259167872033,-0.04200002883864917,-0.024428562237092333,sell,none,Hold,Downtrend,-3.0,Sell,"MACD below signal, trend down",,155.30999755859375
2022-09-15,149.57894897460938,152.3699951171875,155.24000549316406,151.3800048828125,154.64999389648438,90481100,157.39378839498434,159.4115973381877,-2.017808943203363,-0.9256605295291243,-1.0921484136742388,-2.017808943203363,161.0099998474121,159.38800018310548,157.39378839498434,159.4115973381877,40.07720952878158,173.9624351181808,161.0099998474121,148.05756457664341,0.16088982402389426,4.236766394143113,23.142735291002772,77520305.0,1.1671922601439713,488443100,1776490528.4874668,-0.018929898188280392,-0.013531085755754124,-0.030848531140177604,-2.94000244140625,0.02086559998461136,-0.053661292704879626,-0.04403094999533008,sell,none,Hold,Downtrend,-3.0,Sell,"MACD below signal, trend down",,152.3699951171875
2022-09-16,147.93954467773438,150.6999969482422,151.35000610351562,148.3699951171875,151.2100067138672,162278800,156.36397432625478,158.76629360559915,-2.4023192793443684,-1.220992279492173,-1.1813269998521954,-2.4023192793443684,159.8375,159.475,156.36397432625478,158.76629360559915,38.278975783170594,172.0438057109419,159.8375,147.6311942890581,0.15273394179641078,4.219854508847177,20.614627208084624,82519740.0,1.9665452169383957,326164300,1867975827.2616477,-0.010960151095764759,-0.042384179804914046,-0.04596106265540978,-1.6699981689453125,0.0208622422334447,-0.057167454769736836,-0.05502431761566273,sell,none,Hold,Downtrend,-4.0,Sell,"MACD below signal, trend down, volume spike",,150.6999969482422
2022-09-19,151.65032958984375,154.47999572753906,154.55999755859375,149.10000610351562,149.30999755859375,81474200,156.0741314649139,158.44879005907617,-2.3746585941622698,-1.4517255424261926,-0.9229330517360772,-2.3746585941622698,158.9854995727539,159.62380004882812,156.0741314649139,158.44879005907617,44.364032885036615,170.14500983922775,158.9854995727539,147.82598930628004,0.140384001012207,4.308435719292244,26.26347387545051,83076135.0,0.9807172661559183,407638500,1947062446.5347023,0.025082938658552933,-0.05476349109307943,-0.008536049367143694,3.779998779296875,0.021947372234158883,-0.02833908662942597,-0.03222454495955862,sell,none,Hold,Downtrend,-5.0,Strong Sell,"MACD below signal, trend down",,154.47999572753906
2022-09-20,154.02598571777344,156.89999389648438,158.0800018310547,153.0800018310547,153.39999389648438,107689800,156.20118722361704,158.3340644174027,-2.132877193785646,-1.5879558726980834,-0.5449213210875625,-2.132877193785646,158.45199890136718,159.86440002441407,156.20118722361704,158.3340644174027,47.90510492766896,168.91752753781037,158.45199890136718,147.98647026492398,0.13209714877699655,4.357833167914227,40.55581785235529,85009285.0,1.2668004442103,515328300,2003922319.1457863,0.01566544689199456,0.01989078023554325,0.015336796323750512,2.4199981689453125,0.02197867685031564,-0.009794795999063965,-0.018543253704245477,sell,none,Hold,Downtrend,-1.0,Hold,"MACD below signal, trend down",,
2022-09-21,150.90426635742188,153.72000122070312,158.74000549316406,153.60000610351562,157.33999633789062,101696800,155.81946630009182,157.9922819583879,-2.172815658296088,-1.7049278298176844,-0.4678878284784034,-2.172815658296088,157.7764991760254,160.0216000366211,155.81946630009182,157.9922819583879,43.94685939162387,167.61366364950908,157.7764991760254,147.93933470254171,0.12469746159735388,4.413702183752385,50.90436468712629,87386770.0,1.1637551084677922,413631500,1906973815.2090776,-0.02026764053209118,-0.010237565919030911,-0.014362691694888796,-3.17999267578125,0.022309869472313178,-0.0257104066607321,-0.039379676334168945,sell,none,Hold,Downtrend,-3.0,Sell,"MACD below signal, trend down",,153.72000122070312
2022-09-22,149.9422149658203,152.74000549316406,154.47000122070312,150.91000366210938,152.3800048828125,86652500,155.345703099026,157.6032244424454,-2.2575213434193984,-1.8154465325380273,-0.442074810881371,-2.2575213434193984,157.03699951171876,160.1666000366211,155.345703099026,157.6032244424454,42.773901173077654,166.01639084329724,157.03699951171876,148.05760818014028,0.11436019994648973,4.352723281955339,48.00106715467176,89027320.0,0.973324817595318,326979000,1909408024.4303644,-0.006375199842290069,0.002428367709088608,-0.011135576498383704,-0.9799957275390625,0.02227365262017256,-0.02736294014732521,-0.04636793527339034,sell,none,Hold,Downtrend,-1.0,Hold,"MACD below signal, trend down",,
2022-09-23,147.6745147705078,150.42999267578125,151.47000122070312,148.55999755859375,151.19000244140625,96029900,154.58943995698834,157.071873941211,-2.4824339842226664,-1.9488440228749553,-0.5335899613477111,-2.4824339842226664,156.05699920654297,160.20579986572267,154.58943995698834,157.071873941211,40.059727814909834,163.25107789429825,156.05699920654297,148.8629205187877,0.09219809075315931,4.340386471427837,33.67680467921417,91267905.0,1.0521760086418113,230949100,1936797518.324759,-0.015123823060790742,-0.0017916674049679449,-0.04409990885643922,-2.3100128173828125,0.02191411278646175,-0.03605738005582382,-0.061020307617670855,sell,none,Hold,Downtrend,-3.0,Sell,"MACD below signal, trend down",,150.42999267578125
2022-09-26,148.00828552246094,150.77000427246094,153.77000427246094,149.63999938964844,149.66000366210938,93339400,154.00183446706106,156.60506878056287,-2.6032343135018152,-2.0797220810003276,-0.5235122325014876,-2.6032343135018152,155.41449966430665,160.21779998779297,154.00183446706106,156.60506878056287,40.656618817165565,162.06688473856647,155.41449966430665,148.76211459004682,0.08560829380307362,4.32535921509817,26.013708975146226,91986825.0,1.0147040078837377,324288500,1894535044.745709,0.0022602646628622214,-0.024015999208218175,-0.07746429034256697,0.3400115966796875,0.020644729061605437,-0.029884569341198874,-0.05896845241946813,sell,none,Hold,Downtrend,-3.0,Sell,"MACD below signal, trend down",,150.77000427246094
2022-09-27,148.9801483154297,151.75999450683594,154.72000122070312,149.9499969482422,152.74000549316406,84442700,153.65693601164182,156.24617438991643,-2.589238378274615,-2.1816253404551853,-0.4076130378194298,-2.589238378274615,154.93349914550782,160.3115997314453,153.65693601164182,156.24617438991643,42.45349093207571,161.1690754834807,154.93349914550782,148.69792280753495,0.0804935843102162,4.357119576338368,23.989965712791992,92543260.0,0.9124673152858458,408731200,1874176597.9710045,0.0065662280713738586,-0.03275971695091062,-0.013520553045816674,0.989990234375,0.02063483881458048,-0.020483011460881384,-0.05334364599277319,sell,none,Hold,Downtrend,-3.0,Sell,"MACD below signal, trend down",,151.75999450683594
2022-09-28,147.09532165527344,149.83999633789062,150.63999938964844,144.83999633789062,147.63999938964844,146691400,153.0697145233724,155.77164268235896,-2.7019281589865614,-2.285685904161461,-0.4162422548251006,-2.7019281589865614,154.47999877929686,160.28839965820313,153.0697145233724,155.77164268235896,39.92837618823838,160.8113492256237,154.47999877929686,148.14864833297003,0.08196984070892359,4.54018233295315,20.199090634143257,95982520.0,1.528313697119017,262039800,1980401271.7919347,-0.012651543479456517,-0.025240728935734258,-0.03521989122844105,-1.9199981689453125,0.020559014433546827,-0.030036266688707958,-0.06518502488385025,sell,none,Hold,Downtrend,-4.0,Sell,"MACD below signal, trend down, volume spike",,149.83999633789062
2022-09-29,139.87013244628906,142.47999572753906,146.72000122070312,140.67999267578125,146.10000610351562,128138200,151.44052701632114,154.7870762412612,-3.3465492249400484,-2.497858568317178,-0.8486906566228702,-3.3465492249400484,153.74299850463868,160.07719970703124,151.44052701632114,154.7870762412612,32.056976171294295,161.8183816427612,153.74299850463868,145.66761536651615,0.10505041812201789,4.870169570750023,13.556976947647822,97989875.0,1.3076677564901475,133901600,1928636854.8193347,-0.049119065604851575,-0.06717303520120788,-0.06490778832172339,-7.3600006103515625,0.022994376695142125,-0.07325863868044558,-0.10992948409703618,sell,none,Hold,Downtrend,-3.0,Sell,"MACD below signal, trend down",,142.47999572753906
2022-09-30,135.6685333251953,138.1999969482422,143.10000610351562,138.0,141.27999877929688,124925300,149.40352239046285,153.55840370103755,-4.1548813105746945,-2.8292631167686815,-1.325618193806013,-4.1548813105746945,152.75499801635743,159.73419952392578,149.40352239046285,153.55840370103755,28.534189430864785,163.05390964803894,152.75499801635743,142.45608638467593,0.13484222140579216,4.886586465947566,3.4171237914749084,100524645.0,1.242733063120989,8976300,1813509456.3320475,-0.030039296095161427,-0.08130024810875403,-0.08294625250916965,-4.279998779296875,0.023555530885970274,-0.09528330501209958,-0.13481272413712564,sell,none,Hold,Downtrend,-1.0,Hold,"MACD below signal, RSI oversold, trend down",,
2022-10-03,139.84066772460938,142.4499969482422,143.07000732421875,137.69000244140625,138.2100067138672,114311700,148.33374924550583,152.73555875638604,-4.401809510880213,-3.1437723955909878,-1.2580371152892251,-4.401809510880213,152.08699798583984,159.50139953613282,148.33374924550583,152.73555875638604,36.04935721237756,163.20701100724662,152.08699798583984,140.96698496443307,0.1462322640156539,4.921830638580777,12.932047158969883,102392340.0,1.116408707917018,123288000,1901473804.7443407,0.030752533240588242,-0.055183438936457274,-0.07787415271887077,4.25,0.024890997494093337,-0.06336505529877656,-0.10690440734363515,sell,none,Hold,Downtrend,-3.0,Sell,"MACD below signal, trend down",,142.4499969482422
2022-10-04,143.42384338378906,146.10000610351562,146.22000122070312,144.25999450683594,145.02999877929688,87830100,147.99009645443041,152.2440363376549,-4.25393988322449,-3.365805893117688,-0.8881339901068017,-4.25393988322449,151.66549835205078,159.3643997192383,147.99009645443041,152.2440363376549,41.71782656788622,163.01975771211278,151.66549835205078,140.31123899198877,0.1497276504338005,4.839557326715074,35.6183559865805,103098105.0,0.8519079957871195,211118100,1978549673.0700057,0.02562309044204225,-0.03729565503552623,-0.06883357688397429,3.6500091552734375,0.025737549629439176,-0.03669583596142845,-0.08323310374896364,sell,none,Hold,Downtrend,-3.0,Sell,"MACD below signal, trend down",,146.10000610351562
2022-10-05,143.7183074951172,146.39999389648438,147.3800048828125,143.00999450683594,144.07000732421875,79471000,147.7454652916695,151.8111443049756,-4.065679013306124,-3.505780517155375,-0.5598984961507485,-4.065679013306124,151.18749771118163,159.26039947509764,147.7454652916695,151.8111443049756,42.17151428503813,162.58319050211125,151.18749771118163,139.79180492025202,0.1507491421373899,4.80601825880518,59.0853674045028,102699175.0,0.7738231587546833,290589100,2022376614.409354,0.0020533044519943644,-0.022957838530968777,-0.047619094887392466,0.29998779296875,0.025614799036392695,-0.031666003387680774,-0.08075080573073756,sell,none,Hold,Downtrend,-3.0,Sell,"MACD below signal, trend down",,146.39999389648438
2022-10-06,142.76612854003906,145.42999267578125,147.5399932861328,145.22000122070312,145.80999755859375,68402200,147.389238735379,151.33846640651677,-3.949227671137777,-3.594469947951856,-0.35475772318592114,-3.949227671137777,150.73599700927736,159.03319946289062,147.389238735379,151.33846640651677,41.058557375498964,162.29170176761923,150.73599700927736,139.18029225093548,0.15332375792931074,4.628444959278359,67.70516334539475,101873095.0,0.6714451936500015,222186900,1966357109.7836888,-0.0066256916744750205,0.02070463950520751,-0.04785918917431209,-0.970001220703125,0.025581862719101324,-0.035200645093219074,-0.0855368994213287,sell,none,Hold,Downtrend,-1.0,Hold,"MACD below signal, trend down",,
2022-10-07,137.52392578125,140.08999633789062,143.10000610351562,139.4499969482422,142.5399932861328,85925600,146.26627836653464,150.50524640143334,-4.238968034898704,-3.7233695653412258,-0.5155984695574785,-4.238968034898704,149.8719970703125,158.68799926757814,146.26627836653464,150.50524640143334,35.50355380045083,161.88922673291447,149.8719970703125,137.8547674077105,0.16036657811350963,4.724984299868409,57.01168705536838,102767935.0,0.8361129373670882,136261300,1910564218.6157882,-0.03671867294799025,0.01367582801290701,-0.0687362683063889,-5.339996337890625,0.02613117205086706,-0.06526903573475862,-0.1171985469318807,sell,none,Hold,Downtrend,-1.0,Hold,"MACD below signal, trend down",,
2022-10-10,137.84788513183594,140.4199981689453,141.88999938964844,138.57000732421875,140.4199981689453,74899000,145.36685064382857,149.7581909768046,-4.3913403329760285,-3.8569637188681862,-0.5343766141078423,-4.3913403329760285,148.72149734497071,158.2461993408203,145.36685064382857,149.7581909768046,36.07910449347346,159.6861413414888,148.72149734497071,137.75685334845264,0.14745203877398785,4.624627711694215,49.862235761288254,101265085.0,0.7396330136887753,211160300,1919136782.1306496,0.0023556416566585803,-0.014250605986565579,-0.06864764747775576,0.3300018310546875,0.024100306385715572,-0.055819093569031586,-0.11264852644885393,sell,none,Hold,Downtrend,-3.0,Sell,"MACD below signal, trend down",,140.4199981689453
2022-10-11,136.4342498779297,138.97999572753906,141.35000610351562,138.22000122070312,139.89999389648438,77033700,144.38425757978402,148.95980614352567,-4.575548563741648,-4.000680687842879,-0.5748678758987698,-4.575548563741648,147.97849731445314,157.79559936523438,144.38425757978402,148.95980614352567,34.62701169487731,159.45694608392378,147.97849731445314,136.5000485449825,0.15513671212756044,4.517868938202664,42.57290577572089,98983940.0,0.7782444303591067,134126600,1879512090.1246827,-0.01025496695758199,-0.04873381299472257,-0.08421190855223182,-1.44000244140625,0.02088218061729825,-0.06080952131708928,-0.11924035723039805,sell,none,Hold,Downtrend,-3.0,Sell,"MACD below signal, trend down",,138.97999572753906
2022-10-12,135.8059844970703,138.33999633789062,140.36000061035156,138.16000366210938,139.1300048828125,70433700,143.45437123487736,148.1731535653305,-4.718782330453138,-4.144301016364931,-0.5744813140882066,-4.718782330453138,147.12999725341797,157.36219940185546,143.45437123487736,148.1731535653305,33.97257431948047,158.82208593714452,147.12999725341797,135.43790856969142,0.158935484292683,4.3523066532054875,43.60367907578724,98107355.0,0.7179247672103687,63692900,1820603451.6828847,-0.004604974883602009,-0.05505463042773595,-0.07674853364296264,-0.6399993896484375,0.020606014539403205,-0.05974309168501768,-0.1208816547828484,sell,none,Hold,Downtrend,-3.0,Sell,"MACD below signal, trend down",,138.33999633789062
2022-10-13,140.37078857421875,142.99000549316406,143.58999633789062,134.3699951171875,134.99000549316406,113224000,143.38293035153686,147.78921667109594,-4.4062863195590865,-4.196698077003762,-0.20958824255532438,-4.4062863195590865,146.6609977722168,156.8993994140625,143.38293035153686,147.78921667109594,42.47885202390102,158.2265278753807,146.6609977722168,135.0954676690529,0.1577178701746818,4.6999991223124615,60.619452285278406,99244500.0,1.1408591911894361,176916900,1919091366.1277595,0.0336129050048255,-0.016777743969614622,0.0035795183949911547,4.6500091552734375,0.022107226250117105,-0.025030460277886912,-0.08865167089767556,sell,none,Hold,Downtrend,-3.0,Sell,"MACD below signal, trend down",,142.99000549316406
2022-10-14,135.84524536132812,138.3800048828125,144.52000427246094,138.19000244140625,144.30999755859375,88598000,142.61324951019463,147.09223802011198,-4.478988509917343,-4.253156163586478,-0.2258323463308649,-4.478988509917343,146.0449981689453,156.35079956054688,142.61324951019463,147.09223802011198,37.34254513100999,157.99053835348082,146.0449981689453,134.0994579844098,0.16358711813898433,4.816427887222621,67.41244013506838,95560460.0,0.9271407860531438,88318900,1835812112.2365284,-0.03224001981433555,-0.0122063780411108,0.001302517645045409,-4.6100006103515625,0.023007382061482527,-0.05248377816586314,-0.11493893685382262,sell,none,Hold,Downtrend,-3.0,Sell,"MACD below signal, trend down",,138.3800048828125
2022-10-17,139.8013916015625,142.41000366210938,142.89999389648438,140.27000427246094,141.07000732421875,85250900,142.58198091818153,146.7454058454451,-4.163424927263577,-4.235209916321898,0.07178498905832065,-4.163424927263577,145.44149856567384,155.89199951171875,142.58198091818153,146.7454058454451,43.74607762803071,156.8279766632247,145.44149856567384,134.055020468123,0.15657811848534148,4.795253681968996,87.72216763075109,95749295.0,0.8903553806845262,173569800,1889297024.9564908,0.02912269574429982,0.014171809707402172,-0.0002807531554201992,4.029998779296875,0.023292140347445683,-0.02084339705971605,-0.08648292338181152,buy,bullish,Buy,Downtrend,3.0,Buy,"bullish MACD crossover, trend down",142.41000366210938,
2022-10-18,141.1168975830078,143.75,146.6999969482422,140.61000061035156,145.49000549316406,99136600,142.76167616153822,146.52352393096768,-3.7618477694294654,-4.140537486943412,0.37868971751394653,-3.7618477694294654,144.78399887084962,155.469599609375,142.76167616153822,146.52352393096768,45.73205203742065,154.89515461594237,144.78399887084962,134.67284312575686,0.13967228179837918,4.887735300249112,87.72216763075109,95321635.0,1.0400220264790885,272706400,1892389998.2503366,0.009409425626236034,0.03432151690241958,-0.016084914478720735,1.339996337890625,0.023057793697987276,-0.007141665369886363,-0.07538193729720188,buy,none,Hold,Downtrend,1.0,Hold,"MACD above signal, trend down",,
2022-10-19,141.224853515625,143.86000061035156,144.9499969482422,141.5,141.69000244140625,61758300,142.93064915366335,146.32622590721834,-3.395576753554991,-3.991545340265728,0.5959685867107369,-3.395576753554991,144.29099884033204,155.04839965820312,142.93064915366335,146.32622590721834,45.90089659746233,153.53565142109045,144.29099884033204,135.04634625957362,0.12813900596790878,4.78503970367719,100.0,93324710.0,0.6617572130682217,334464700,1915124309.6241155,0.0007652216372282528,0.039901723424789814,-0.01734968163952777,0.1100006103515625,0.02275994962718185,-0.0029870070444061314,-0.07216068706620549,buy,none,Hold,Downtrend,1.0,Hold,"MACD above signal, trend down",,
2022-10-20,140.7634735107422,143.38999938964844,145.88999938964844,142.64999389648438,143.02000427246094,64522000,143.001318420738,146.1087276466576,-3.1074092259196107,-3.8147181173965046,0.7073088914768939,-3.1074092259196107,143.82349853515626,154.53139953613282,143.001318420738,146.1087276466576,45.25303835140611,152.21841321701402,143.82349853515626,135.4285838532985,0.11673912493243516,4.674680117211966,98.18957986167067,92218185.0,0.6996667739665446,269942700,1880075490.7842524,-0.003267073673773546,0.0027973556270930455,-0.014027321659024872,-0.470001220703125,0.022746740737320182,-0.0030141051352735593,-0.07209796960312442,buy,none,Hold,Downtrend,1.0,Hold,"MACD above signal, trend down",,
2022-10-21,144.5723876953125,147.27000427246094,147.85000610351562,142.64999389648438,142.8699951171875,86548600,143.65803932100306,146.19474813745785,-2.536708816454791,-3.5591162572081623,1.0224074407533714,-2.536708816454791,143.66549911499024,154.10699951171875,143.65803932100306,146.19474813745785,51.356817019227734,151.66682804473757,143.66549911499024,135.6641701852429,0.1113883149265092,4.712203837913344,98.18957986167067,91744120.0,0.9433694497260424,356491300,1947317079.770954,0.027059103837980825,0.06424338109524541,0.0512528240578467,3.8800048828125,0.023497534534518357,0.025089566943178543,-0.04436524791813823,buy,none,Hold,Downtrend,1.0,Hold,"MACD above signal, trend down",,
2022-10-24,146.7124786376953,149.4499969482422,150.22999572753906,146.0,147.19000244140625,75981900,144.5491097251937,146.43587767899743,-1.8867679538037407,-3.224646596527278,1.3378786427235374,-1.8867679538037407,143.5994987487793,153.65399932861328,144.5491097251937,146.43587767899743,54.430907067659504,151.3841711746894,143.5994987487793,135.81482632286918,0.1084219999894156,4.6777604014580385,98.18957986167067,90876245.0,0.836102988190148,432473200,1995277301.7050345,0.014802693097965003,0.049434682291254806,0.06430707090903454,2.17999267578125,0.02374944598137137,0.04074177312901406,-0.02736018846720789,buy,none,Hold,Downtrend,1.0,Hold,"MACD above signal, trend down",,
2022-10-25,149.54949951171875,152.33999633789062,152.49000549316406,149.36000061035156,150.08999633789062,74732300,145.7477076656086,146.8732198018784,-1.1255121362698048,-2.8048197044757837,1.6793075682059788,-1.1255121362698048,143.62849884033204,153.23699920654298,145.7477076656086,146.8732198018784,58.20208176762084,151.5378782202256,143.62849884033204,135.7191194604385,0.11013662948167684,4.5672064358405,100.0,90390725.0,0.8267695607043754,507205500,2062846335.439093,0.019337567404898115,0.05975649626358703,0.09612894676254657,2.8899993896484375,0.02410907080027925,0.060652987171041284,-0.005853696387275953,buy,none,Hold,Downtrend,1.0,Hold,"MACD above signal, trend down",,
2022-10-26,146.6143035888672,149.35000610351562,151.99000549316406,148.0399932861328,150.9600067138672,88194300,146.3019074252866,147.05668545385151,-0.7547780285649139,-2.3948113692936097,1.6400333407286958,-0.7547780285649139,143.60399932861327,152.76339935302735,146.3019074252866,147.05668545385151,53.28851783871615,151.43895115430337,143.60399932861327,135.76904750292317,0.10911885271051744,4.548120479834594,93.24024788174577,87465870.0,1.00832816274508,419011200,2033150924.7409768,-0.019627086164182295,0.03816214006584007,0.07958659864883488,-2.989990234375,0.02435803632832676,0.040012860378307424,-0.022344313258070292,buy,none,Hold,Downtrend,1.0,Hold,"MACD above signal, trend down",,
2022-10-27,142.14764404296875,144.8000030517578,149.0500030517578,144.1300048828125,148.07000732421875,109180200,146.07084521397448,146.88952379443717,-0.8186785804626879,-2.0795848115274254,1.2609062310647374,-0.8186785804626879,143.71999969482422,152.16839935302735,146.07084521397448,146.88952379443717,46.81199575693463,151.5536485210833,143.71999969482422,135.88635086856516,0.10901264741014577,4.596111961325204,77.57053051327817,86517970.0,1.2619366820557625,309831000,1953706725.2731738,-0.03046536903791064,0.009833347291381411,0.012658210287853189,-4.5500030517578125,0.02267220755380984,0.007514635118472501,-0.048422644468875675,buy,none,Hold,Downtrend,1.0,Hold,"MACD above signal, trend down",,
2022-10-28,152.88723754882812,155.74000549316406,157.5,147.82000732421875,148.1999969482422,164762400,147.5584083338498,147.5451150313799,0.013293302469890023,-1.6610091887279623,1.6743024911978523,0.013293302469890023,144.5970001220703,151.80019958496095,147.5584083338498,147.5451150313799,59.54366083581538,153.60208517161664,144.5970001220703,135.591915072524,0.12455424444413281,5.174960888962131,77.57053051327817,88509825.0,1.8615153741406674,474593400,2058555666.9378963,0.07555250145606562,0.057513417362526686,0.12545165484748266,10.94000244140625,0.026943028659425914,0.07706249342439131,0.025953891490096748,buy,none,Hold,Uptrend,4.0,Buy,"MACD above signal, trend up, volume spike",155.74000549316406,
2022-10-31,150.5312042236328,153.33999633789062,154.24000549316406,151.9199981689453,153.16000366210938,97943200,148.44788341139454,147.97436549852887,0.4735179128656739,-1.234103768409235,1.707621681274909,0.4735179128656739,145.14150009155273,151.43659942626954,148.44788341139454,147.97436549852887,56.35655760129075,154.8508619615616,145.14150009155273,135.43213822154385,0.13379167038902562,5.07817849148046,80.175716324141,87691400.0,1.1169077013253295,376650200,2080507920.033053,-0.015410357458724877,0.02602876861212411,0.07675017481015178,-2.4000091552734375,0.026717271341391634,0.05648623061747626,0.012568935903422673,buy,none,Hold,Uptrend,3.0,Buy,"MACD above signal, trend up",153.33999633789062,
2022-11-01,147.89047241210938,150.64999389648438,155.4499969482422,149.1300048828125,155.0800018310547,80379300,148.7866696398699,148.1725601946737,0.6141094451961919,-0.8644611256881497,1.4785705708843415,0.6141094451961919,145.36899948120117,151.09819915771484,148.7866696398699,148.1725601946737,52.9364492477904,155.366481068002,145.36899948120117,135.37151789440034,0.13754626670721065,5.166879461048262,85.92519413366482,87318860.0,0.9205262185053722,296270900,2038791849.8794749,-0.0175427318745901,-0.011093622699437478,0.04799995754076081,-2.69000244140625,0.026623967938442676,0.036328202258598674,-0.002966317690938469,buy,none,Hold,Mixed,0.0,Hold,MACD above signal,,
2022-11-02,142.37342834472656,145.02999877929688,152.1699981689453,145.0,148.9499969482422,93604600,148.2087202767048,147.93977786760877,0.2689424090960415,-0.6377804187313115,0.906722827827353,0.2689424090960415,145.3004997253418,150.65419921875,148.2087202767048,147.93977786760877,46.5768020733053,155.28755452695972,145.3004997253418,135.3134449237239,0.13746759055194188,5.309959368755194,66.45641467392588,88025540.0,1.0633800144821606,202666300,1945970520.2989109,-0.03730498071609045,-0.028925391012200707,0.008132894230372445,-5.6199951171875,0.028026990246280265,-0.0018616656278281907,-0.03733185313531673,buy,none,Hold,Mixed,0.0,Hold,MACD above signal,,
2022-11-03,136.33609008789062,138.8800048828125,142.8000030517578,138.75,142.05999755859375,97918500,146.77353329302906,147.26868357243868,-0.4951502794096143,-0.6092543908669721,0.11410411145735777,-0.4951502794096143,144.97300033569337,150.08119934082032,146.77353329302906,147.26868357243868,40.8002992120239,155.3437976690417,144.97300033569337,134.60220300234505,0.14307212114440812,5.3792478980795995,37.27764764798389,89501355.0,1.0940448890410654,104747800,1854338377.5954323,-0.04240497792352105,-0.04088396439349007,-0.03145264332263831,-6.149993896484375,0.029564997143603788,-0.042028484192037086,-0.07463422805258213,buy,none,Hold,Downtrend,-1.0,Hold,"MACD above signal, trend down",,
2022-11-04,136.07061767578125,138.3800048828125,142.6699981689453,134.3800048828125,142.08999633789062,140814800,145.48222122991882,146.61026292876267,-1.1280416988438446,-0.7130118524623466,-0.4150298463814981,-1.1280416988438446,144.88750076293945,149.4481994628906,145.48222122991882,146.61026292876267,40.36202264563987,155.44444013102574,144.88750076293945,134.33056139485316,0.14572601932528653,5.5871582829405435,13.864553873594382,92245815.0,1.5265169482214451,-36067000,1849412517.5641048,-0.003600230288167805,-0.11146783098780322,-0.060365309511373755,-0.5,0.028416837683435635,-0.044914128864534164,-0.07406040768544986,sell,bearish,Sell,Downtrend,-6.0,Strong Sell,"bearish MACD crossover, trend down, volume spike",,138.3800048828125
2022-11-07,136.60157775878906,138.9199981689453,139.14999389648438,135.6699981689453,137.11000061035156,83374600,144.47264845130752,146.04061368729472,-1.5679652359872023,-0.8840025291673177,-0.6839627068198846,-1.5679652359872023,144.81250076293946,148.95419952392578,144.47264845130752,146.04061368729472,41.09792222815494,155.51562976234177,144.81250076293946,134.10937176353715,0.14782051194493925,5.436646671840437,1.2788264401942098,92669595.0,0.8996974681933163,47307600,1921766528.295256,0.003902249364639898,-0.09403937989649025,-0.07045834054411959,0.5399932861328125,0.028426362114579315,-0.04069056582097341,-0.06736434009279957,sell,none,Hold,Downtrend,-3.0,Sell,"MACD below signal, trend down",,138.9199981689453
2022-11-08,137.171875,139.5,141.42999267578125,137.49000549316406,140.41000366210938,89908500,143.70762561264482,145.55612378453216,-1.8484981718873428,-1.0769016577113226,-0.7715965141760202,-1.8484981718873428,144.8385009765625,148.51659942626952,143.70762561264482,145.55612378453216,41.92681242485791,155.4872180921152,144.8385009765625,134.1897838610098,0.1470426308440717,5.329742422610205,3.9980759010657634,93313335.0,0.963511806753022,137216100,1923592129.3172882,0.004175078021159573,-0.07401257449864773,-0.08428512962158319,0.5800018310546875,0.02833959143477106,-0.0368583003867623,-0.06071105493326201,sell,none,Hold,Downtrend,-3.0,Sell,"MACD below signal, trend down",,139.5
2022-11-09,132.61917114257812,134.8699951171875,138.5500030517578,134.58999633789062,138.5,74917800,142.34799015180522,144.7645586980622,-2.4165685462569684,-1.344835035420452,-1.0717335108365165,-2.4165685462569684,144.66500091552734,148.0357992553711,142.34799015180522,144.7645586980622,37.40202414868478,155.83204512732567,144.66500091552734,133.49795670372902,0.15438487735287096,5.299761082574432,3.9980759010657634,93537540.0,0.800938318454815,62298300,1859268701.5309262,-0.03318999915994625,-0.07005449732900171,-0.09695353461379785,-4.6300048828125,0.029317904974242033,-0.06770819297239239,-0.08893662346816367,sell,none,Hold,Downtrend,-3.0,Sell,"MACD below signal, trend down",,134.8699951171875
2022-11-10,144.41891479492188,146.8699951171875,146.8699951171875,139.5,141.24000549316406,118854000,143.0436832234025,144.92051695133074,-1.8768337279282434,-1.4512347739220102,-0.42559895400623327,-1.8768337279282434,144.8590003967285,147.82879913330078,143.0436832234025,144.92051695133074,51.89303947447244,156.03771280855472,144.8590003967285,133.6802879849023,0.15433921787684338,5.778349576676258,24.534883554157695,93819040.0,1.2668430629859355,181152300,1978122701.5309262,0.08897457132383879,0.05753160968792437,0.014295525012453014,12.0,0.03483835041102693,0.01388242853361854,-0.006485908170360655,sell,none,Hold,Downtrend,-1.0,Hold,"MACD below signal, trend down",,
2022-11-11,147.20166015625,149.6999969482422,150.00999450683594,144.3699951171875,145.82000732421875,93979700,144.06773148876243,145.2745525066575,-1.2068210178950665,-1.4023520227166215,0.19553100482155505,-1.2068210178950665,145.425,147.66359893798827,144.06773148876243,145.2745525066575,54.56435609662824,156.37825348611952,145.425,134.4717465138805,0.15063783374412248,5.768467420459985,47.65282669479894,94088125.0,0.9988476229067165,275132000,2061771380.002504,0.019268754171310798,0.08180366863706978,-0.03878263986055264,2.8300018310546875,0.034077102062780217,0.02939657519850214,0.013790792212162728,buy,bullish,Buy,Mixed,4.0,Buy,bullish MACD crossover,149.6999969482422,
2022-11-14,145.8053741455078,148.27999877929688,150.27999877929688,147.42999267578125,148.97000122070312,73374100,144.7157726103831,145.49717815648265,-0.7814055460995348,-1.2781627273932044,0.4967571812936695,-0.7814055460995348,145.71849975585937,147.51299896240235,144.7157726103831,145.49717815648265,52.97481184697621,156.64742269121263,145.71849975585937,134.7895768205061,0.1500004866048424,5.560005897821102,71.09702508949547,93494285.0,0.7847977018060516,201757900,2032164507.5624952,-0.009485625904429806,0.06737691285432179,-0.0329985501463288,-1.4199981689453125,0.03369898416502605,0.017578406501090216,0.005199540530594238,buy,none,Hold,Mixed,2.0,Buy,MACD above signal,148.27999877929688,
2022-11-15,147.53598022460938,150.0399932861328,153.58999633789062,148.55999755859375,152.22000122070312,89868300,145.53488348357538,145.83368298090116,-0.29879949732577415,-1.0822900813797185,0.7834905840539443,-0.29879949732577415,146.03299942016602,147.42319885253906,145.53488348357538,145.83368298090116,54.73490336846385,157.0786220545027,146.03299942016602,134.98737678582935,0.15127570724691083,5.542148159304863,75.37533557778198,93030870.0,0.9660051550630452,291626200,1995180792.977759,0.011869399253607638,0.07555550742747541,-0.0040491246934315495,1.7599945068359375,0.03372982333478282,0.027438961617420876,0.017750221498118668,buy,none,Hold,Mixed,2.0,Buy,MACD above signal,150.0399932861328,
2022-11-16,146.30685424804688,148.7899932861328,149.8699951171875,147.2899932861328,149.1300048828125,64218300,146.03566960704575,146.05266892943683,-0.01699932239108648,-0.8692319295819921,0.8522326071909057,-0.01699932239108648,146.27949905395508,147.2797985839844,146.03566960704575,146.05266892943683,53.21157269177787,157.34017486387933,146.27949905395508,135.21882324403083,0.15122660224375703,5.342709005068801,73.33877519162552,93153870.0,0.6893787665504396,227407900,2005634881.8423994,-0.00833111207633952,0.10321048915921094,0.025925632893080364,-1.25,0.03381807808677648,0.017162310839277106,0.010253916128811547,buy,none,Hold,Mixed,2.0,Buy,MACD above signal,148.7899932861328,
2022-11-17,148.20462036132812,150.72000122070312,151.47999572753906,146.14999389648438,146.42999267578125,80389400,146.75633600914688,146.39839724730842,0.3579387618384544,-0.6237977912979029,0.9817365531363573,0.3579387618384544,146.6459991455078,147.20499847412108,146.75633600914688,146.39839724730842,55.28102507002093,157.78489632343278,146.6459991455078,135.50710196758283,0.1519154595806263,5.341801349782078,81.33648481687737,93947240.0,0.8556866598742018,307797300,2063099148.1015925,0.01297135574741759,0.026213700766066772,0.08525342685494053,1.9300079345703125,0.03387440218078785,0.027781201662057997,0.02387828391031155,buy,none,Hold,Uptrend,3.0,Buy,"MACD above signal, trend up",150.72000122070312,
2022-11-18,148.7650909423828,151.2899932861328,152.6999969482422,149.97000122070312,152.30999755859375,74829600,147.4538217440678,146.76073769462874,0.6930840494390509,-0.3604214231505122,1.053505472589563,0.6930840494390509,146.8469985961914,147.0833984375,147.4538217440678,146.76073769462874,55.90137457631375,158.1672851234673,146.8469985961914,135.52671206891551,0.15417797619963744,5.1552438053361485,88.57587356863803,93361290.0,0.8015056347229136,382626900,2060631916.4839907,0.003781794458686649,0.010621218238503705,0.09329374149287806,0.5699920654296875,0.03340185034967515,0.030255944843374127,0.02860006563161055,buy,none,Hold,Uptrend,3.0,Buy,"MACD above signal, trend up",151.2899932861328,
2022-11-21,145.5398712158203,148.00999450683594,150.3699951171875,147.72000122070312,150.16000366210938,58724100,147.53938678449367,146.85327523627373,0.6861115482199409,-0.15111482887642158,0.8372263770963625,0.6861115482199409,146.7749984741211,146.7749984741211,147.53938678449367,146.85327523627373,51.47610403842412,158.04635787761768,146.7749984741211,135.50363907062453,0.1535869122217556,5.042011538199972,90.13483428385213,92498400.0,0.634866116603098,323902800,2014760370.4138577,-0.02168020969565021,-0.0018209082457764092,0.06543331743235403,-3.279998779296875,0.033653290066163945,0.008414212539968657,0.008414212539968657,buy,none,Hold,Uptrend,1.0,Hold,"MACD above signal, trend up",,
2022-11-22,147.6736602783203,150.17999267578125,150.4199981689453,146.92999267578125,148.1300048828125,51804100,147.94563384469177,147.09969875031132,0.8459350943804509,0.04829515577495293,0.797639938605498,0.8459350943804509,146.66699829101563,146.7017984008789,147.94563384469177,147.09969875031132,54.066788492225925,157.7630265670477,146.66699829101563,135.57097001498357,0.15130913437002913,4.93115396355455,88.72058301638471,91351990.0,0.5670823372320625,375706900,2059439399.3543572,0.014661159715434469,0.0009330804846241492,0.076559087281586,2.1699981689453125,0.03352816496887824,0.02395218028390511,0.023709281773068636,buy,none,Hold,Uptrend,1.0,Hold,"MACD above signal, trend up",,
2022-11-23,148.548828125,151.07000732421875,151.8300018310547,149.33999633789062,149.4499969482422,58301400,148.42630668769593,147.39379568171185,1.0325110059840767,0.24513832581677772,0.787372680167299,1.0325110059840767,146.75299835205078,146.6169985961914,148.42630668769593,147.39379568171185,55.125031680484284,157.95700883872107,146.75299835205078,135.5489878653805,0.1526920827851517,4.756786215669515,87.32171787088211,89857345.0,0.6488217518556775,434008300,2082151525.465213,0.0059263196953200925,0.015323705497461315,0.12011576179679695,0.8900146484375,0.03323425514756553,0.029416836593769258,0.030371708401231823,buy,none,Hold,Uptrend,5.0,Strong Buy,"MACD above signal, trend up",151.07000732421875,
2022-11-25,145.63821411132812,148.11000061035156,148.8800048828125,147.1199951171875,148.30999755859375,35195900,148.37764421425834,147.44684789864812,0.9307963156102232,0.38226992377546687,0.5485263918347564,0.9307963156102232,146.91849822998046,146.5317987060547,148.37764421425834,147.44684789864812,50.9230576113836,158.09998932214936,146.91849822998046,135.73700713781156,0.15221352282904266,4.699159500766783,86.32520283250443,86158130.0,0.408503527177296,398812400,2086551012.965213,-0.01959360938875554,-0.01731688289021227,0.008442878289569355,-2.9600067138671875,0.032776839678883146,0.008109954803009023,0.010770371470446127,buy,none,Hold,Uptrend,1.0,Hold,"MACD above signal, trend up",,
2022-11-28,141.81314086914062,144.22000122070312,146.63999938964844,143.3800048828125,145.13999938964844,69246000,147.73800683063445,147.20782221880032,0.5301846118341302,0.41185286138719956,0.11833175044693067,0.5301846118341302,146.3424980163574,146.4021987915039,147.73800683063445,147.20782221880032,45.964363827408654,156.8110804038066,146.3424980163574,135.8739156289082,0.1430696144913295,4.701362088393374,71.72572685538002,81382310.0,0.8508728739697853,329566400,2052989972.735301,-0.02626425881856731,-0.04673139255190728,-0.03660651863228648,-3.8899993896484375,0.028290510270157946,-0.014503625566218203,-0.014905497245355726,buy,none,Hold,Mixed,-2.0,Sell,MACD above signal,,144.22000122070312
2022-11-29,138.81402587890625,141.1699981689453,144.80999755859375,140.35000610351562,144.2899932861328,83763800,146.72754395960536,146.76057599288515,-0.033032033279795314,0.3228758824538006,-0.3559079157335959,-0.033032033279795314,145.73399810791017,146.13599884033204,146.72754395960536,146.76057599288515,42.47221196596086,155.91575056172735,145.73399810791017,135.55224565409299,0.13973064056443443,4.684121328870857,48.92705298838428,80673340.0,1.0383083184605968,245802600,2000026972.2713783,-0.021148266717113118,-0.046213070682701196,-0.04794982916700885,-3.0500030517578125,0.028446699552761932,-0.03131733156449468,-0.03398204898720791,sell,bearish,Sell,Downtrend,-5.0,Strong Sell,"bearish MACD crossover, trend down",,141.1699981689453
2022-11-30,145.55955505371094,148.02999877929688,148.72000122070312,140.5500030517578,141.39999389648438,111380900,146.92792162417328,146.8546073103971,0.07331431377616582,0.27296356871827365,-0.19964925494210783,0.07331431377616582,145.60299835205078,145.95859893798828,146.92792162417328,146.8546073103971,51.41342977484371,155.59401232384647,145.60299835205078,135.61198438025508,0.13723637678996978,4.933112531733319,46.75751033566068,82223420.0,1.3546128341535781,357183500,2092594381.414514,0.04859389884061516,-0.01431611400545163,-0.013396391607421565,6.8600006103515625,0.030527056607556478,0.016668615720247137,0.014191694469392946,sell,none,Hold,Uptrend,-1.0,Hold,"MACD below signal, trend up",,
2022-12-01,145.8348388671875,148.30999755859375,149.1300048828125,146.61000061035156,148.2100067138672,71250400,147.1405486910072,146.9624139954487,0.17813469555849792,0.2539977940863185,-0.07586309852782058,0.17813469555849792,145.76699829101562,145.8503988647461,147.1405486910072,146.9624139954487,51.743111581358235,155.8224783642625,145.76699829101562,135.71151821776874,0.1379664833760476,4.760747656071006,54.34118786796014,81105710.0,0.8784880867204048,428433900,2117475137.924617,0.0018915002472865705,-0.018269740066283346,-0.003225994685112976,0.279998779296875,0.029268288784419273,0.01744564474395749,0.01686384619440462,sell,none,Hold,Uptrend,-1.0,Hold,"MACD below signal, trend up",,
2022-12-02,145.3432159423828,147.80999755859375,148.0,145.64999389648438,145.9600067138672,65447400,147.24354082448207,147.0251979630891,0.218342861392955,0.2468668075476458,-0.02852394615469081,0.218342861392955,146.2134979248047,145.7517987060547,147.24354082448207,147.0251979630891,51.07661277376093,155.78762270841335,146.2134979248047,136.63937314119605,0.13096088828313887,4.610694513645176,66.56289502222758,79482155.0,0.8234225657318929,362986500,2172339445.5955477,-0.0033713168918532155,-0.002025542168128558,-0.019307348981826178,-0.5,0.027429030617804672,0.010918962041453373,0.014121258679557824,sell,none,Hold,Uptrend,1.0,Hold,"MACD below signal, trend up",,
2022-12-05,144.1829071044922,146.6300048828125,150.9199981689453,145.77000427246094,147.77000427246094,68826400,147.14915067960982,146.99592440158716,0.15322627802265743,0.22813870164264816,-0.07491242361999073,0.15322627802265743,146.6259979248047,145.67579895019531,147.14915067960982,146.99592440158716,49.45751484960243,155.49984789725386,146.6259979248047,137.75214795235553,0.12104060805096797,4.64921589813369,61.70800078448507,75882735.0,0.9070100069534921,294160100,2126499770.3171856,-0.00798317228381984,0.016710606307798415,-0.030801696147258917,-1.17999267578125,0.027505872964910257,2.7327745860228347e-05,0.0065502021577614755,sell,none,Hold,Uptrend,1.0,Hold,"MACD below signal, trend up",,
2022-12-06,140.52500915527344,142.91000366210938,147.3000030517578,141.9199981689453,147.07000732421875,64727200,146.49697421537897,146.6932636060703,-0.19628939069133367,0.1432530831758518,-0.3395424738671855,-0.19628939069133367,146.82549819946288,145.5185989379883,146.49697421537897,146.6932636060703,44.6519952654211,155.16043959816494,146.82549819946288,138.49055680076083,0.11353533958221634,4.7014151113250335,44.10671388947443,74950365.0,0.8636008643853835,229432900,2085594215.446857,-0.025369986338581674,0.0123256039932913,-0.034457070697959,-3.720001220703125,0.028238300534774705,-0.02666767411226012,-0.01792619840293097,sell,none,Hold,Downtrend,-1.0,Hold,"MACD below signal, trend down",,
2022-12-07,138.58787536621094,140.94000244140625,143.3699951171875,140.0,142.19000244140625,69721100,145.6420554809216,146.2670961123915,-0.6250406314698864,-0.010405659753295826,-0.6146349717165907,-0.6250406314698864,146.8974983215332,145.3021990966797,145.6420554809216,146.2670961123915,42.307581015663615,154.9997041532212,146.8974983215332,138.7952924898452,0.1103110117498893,4.606313683172353,22.749212414371996,73940995.0,0.9429288853903034,159711800,2054768129.7946672,-0.013784907775671984,-0.04789567247420812,-0.061526106572151185,-1.970001220703125,0.028443115468861965,-0.040555461789328895,-0.03002154600819884,sell,none,Hold,Downtrend,-3.0,Sell,"MACD below signal, trend down",,140.94000244140625
2022-12-08,140.26931762695312,142.64999389648438,143.52000427246094,141.10000610351562,142.36000061035156,62128300,145.18173831408512,145.9991626149169,-0.8174243008317887,-0.17180938796899442,-0.6456149128627944,-0.8174243008317887,147.28649826049804,145.15839904785156,145.18173831408512,145.9991626149169,45.0066606766722,153.58860486313765,147.28649826049804,140.98439165785842,0.08557616179445587,4.461577122306805,12.028983089430923,73301520.0,0.8475717829589345,221840100,2072225102.075984,0.012132761639400691,-0.03816333190804111,-0.055735837820301226,1.709991455078125,0.0273704989154074,-0.031479493495821464,-0.017280468562761442,sell,none,Hold,Downtrend,-3.0,Sell,"MACD below signal, trend down",,142.64999389648438
2022-12-09,139.78749084472656,142.16000366210938,145.57000732421875,140.89999389648438,142.33999633789062,76097000,144.716856059935,145.7147804702645,-0.9979244103294889,-0.3370323924410933,-0.6608920178883956,-0.9979244103294889,147.05099868774414,145.15199920654297,144.716856059935,145.7147804702645,44.36614928587147,153.7380160973034,147.05099868774414,140.3639812781849,0.0909482760298529,4.476465429837345,11.971967866285581,71163670.0,1.0693237153170994,145743100,2037191351.5156255,-0.0034349124103753015,-0.038224707325664076,-0.04017282373724018,-0.489990234375,0.018474468971282746,-0.033260535931623036,-0.020612844196352786,sell,none,Hold,Downtrend,-3.0,Sell,"MACD below signal, trend down",,142.16000366210938
2022-12-12,142.07861328125,144.49000549316406,144.5,141.05999755859375,142.6999969482422,70462700,144.68195597273947,145.62405639788668,-0.9421004251472027,-0.45804599898231524,-0.4840544261648875,-0.9421004251472027,146.79049911499024,145.2777993774414,144.68195597273947,145.62405639788668,48.145279736053205,153.45030846645375,146.79049911499024,140.13068976352673,0.09073897005073142,4.402432359235124,27.153610646499253,69987820.0,1.006785180621428,216205800,2107244609.9824731,0.01638999557563814,-0.014594553081811124,0.0018721693951988527,2.3300018310546875,0.018314931347745117,-0.015671951765924952,-0.005422672202175849,sell,none,Hold,Downtrend,-3.0,Sell,"MACD below signal, trend down",,144.49000549316406
2022-12-13,143.04229736328125,145.47000122070312,149.97000122070312,144.24000549316406,149.5,93886200,144.80319370319543,145.61264490328048,-0.80945120008505,-0.5283270392028623,-0.2811241608821877,-0.80945120008505,146.64999923706054,145.33819946289063,144.80319370319543,145.61264490328048,49.69314285415543,153.29673684455017,146.64999923706054,140.00326162957091,0.09064763235007098,4.497258314113977,39.74224731764179,71013425.0,1.32209085817224,310092000,2053665464.4257665,0.006782446468835079,0.01791335450978293,0.030459751416953118,0.9799957275390625,0.018308065740742837,-0.00804635542104537,0.0009068624649237744,sell,none,Hold,Mixed,0.0,Hold,MACD below signal,,
2022-12-14,140.81997680664062,143.2100067138672,146.66000366210938,141.16000366210938,145.35000610351562,82291200,144.55808801252954,145.43467170406467,-0.8765836915351315,-0.5979783696693162,-0.2786053218658153,-0.8765836915351315,146.30849990844726,145.28039947509765,144.55808801252954,145.43467170406467,46.26348728478863,152.92521596994024,146.30849990844726,139.69178384695428,0.09044882649515781,4.568882720248693,48.36390337360808,70634570.0,1.1650272663937786,227800800,2032718704.8376982,-0.015535811424151502,0.01610617449367968,-0.032560914038890054,-2.2599945068359375,0.01833562090266336,-0.021177807143938687,-0.014251012309374533,sell,none,Hold,Downtrend,-1.0,Hold,"MACD below signal, trend down",,
2022-12-15,134.2219696044922,136.5,141.8000030517578,136.02999877929688,141.11000061035156,98931900,143.31838216444805,144.77284417043026,-1.454462005982208,-0.7692750969318946,-0.6851869090503134,-1.454462005982208,145.69400024414062,145.08239959716798,143.31838216444805,144.77284417043026,37.899903667754636,153.45803684263683,145.69400024414062,137.92996364564442,0.10658004565027997,4.755391664128808,33.18226059339441,72370250.0,1.3670244333825017,128868900,1949903990.0496418,-0.04685431463789913,-0.04311247220204717,-0.07963048852406529,-6.7100067138671875,0.020865939763170183,-0.06310486518823122,-0.059155346347990134,sell,none,Hold,Downtrend,-3.0,Sell,"MACD below signal, trend down",,136.5
2022-12-16,132.26515197753906,134.50999450683594,137.64999389648438,133.72999572753906,136.69000244140625,160156900,141.9632456017385,144.0126330842381,-2.0493874824996112,-1.025297574045438,-1.0240899084541732,-2.0493874824996112,144.88349990844728,144.86399963378906,141.9632456017385,144.0126330842381,35.83105089069112,153.69354422327808,144.88349990844728,136.07345559361647,0.12161556451076792,4.69572070018713,13.975212245466304,76358625.0,2.0974303819640543,-31288000,1853482929.2577415,-0.014578794821714758,-0.05381266852986466,-0.0899804023505617,-1.9900054931640625,0.02058753985885209,-0.07159894265507405,-0.07147396974491715,sell,none,Hold,Downtrend,-4.0,Sell,"MACD below signal, trend down, volume spike",,134.50999450683594
2022-12-19,130.16087341308594,132.3699951171875,135.1999969482422,131.32000732421875,135.11000061035156,79592600,140.48736091180757,143.15021545704917,-2.6628545452416006,-1.3528089682846707,-1.31004557695693,-2.6628545452416006,143.9375,144.709599609375,140.48736091180757,143.15021545704917,33.70059241678514,153.79377447236848,143.9375,134.08122552763152,0.1369521420389889,4.637454194746866,0.0,76596775.0,1.0391116336164283,-110880600,1816968412.7109563,-0.01590959391154889,-0.08388130607794853,-0.09725164898563343,-2.1399993896484375,0.02059255472057473,-0.08036477556448107,-0.08527149909540688,sell,none,Hold,Downtrend,-5.0,Strong Sell,"MACD below signal, trend down",,132.3699951171875
2022-12-20,130.09207153320312,132.3000030517578,133.25,129.88999938964844,131.38999938964844,77432800,139.22776739487685,142.3464960196202,-3.1187286247433406,-1.7059928995764049,-1.4127357251669357,-3.1187286247433406,143.1520004272461,144.54719970703124,139.22776739487685,142.3464960196202,33.630161664671945,154.03535160700238,143.1520004272461,132.2686492474898,0.15205307850779937,4.546207510147201,0.0,77532210.0,0.998717823211798,-188313400,1850614956.5613475,-0.0005287608069164396,-0.09053411740173256,-0.07424253263219716,-0.0699920654296875,0.020310773292990275,-0.0758075146913757,-0.08472801050519196,sell,none,Hold,Downtrend,-3.0,Sell,"MACD below signal, trend down",,132.3000030517578
2022-12-21,133.18948364257812,135.4499969482422,136.80999755859375,132.75,132.97999572753906,85928000,138.64657194154844,141.83564423655517,-3.1890722950067243,-2.002608778662469,-1.1864635163442552,-3.1890722950067243,142.41550064086914,144.4765997314453,138.64657194154844,141.83564423655517,39.73450694952929,153.29039106190748,142.41550064086914,131.5406102198308,0.1527206009472478,4.543620867053539,11.663012430986972,79238405.0,1.0844236453270355,-102385400,1878975369.0149322,0.023809477126406797,-0.05418622583496879,-0.038952784149741015,3.149993896484375,0.0208813224552874,-0.048909730059454315,-0.06247795698391201,sell,none,Hold,Downtrend,-3.0,Sell,"MACD below signal, trend down",,135.4499969482422
2022-12-22,130.0232391357422,132.22999572753906,134.55999755859375,130.3000030517578,134.35000610351562,77852100,137.6594063701624,141.1241147173688,-3.464708347206397,-2.295028692371255,-1.169679654835142,-3.464708347206397,141.47350006103517,144.35439971923827,137.6594063701624,141.1241147173688,36.08124469622827,152.44995605472573,141.47350006103517,130.4970440673446,0.1551733149876839,4.586933226298599,16.749413688309946,80215940.0,0.9705315427332772,-180237500,1871665135.9366286,-0.02377261936693542,-0.03128208258213139,-0.07304590686843426,-3.220001220703125,0.02112239924096536,-0.06533735526093742,-0.08399054005475792,sell,none,Hold,Downtrend,-3.0,Sell,"MACD below signal, trend down",,132.22999572753906
2022-12-23,129.65940856933594,131.86000061035156,132.4199981689453,129.63999938964844,130.9199981689453,63814900,136.76719009942227,140.43788404277493,-3.67069394335266,-2.570161742567536,-1.100532200785124,-3.67069394335266,140.66100006103517,144.13179962158202,136.76719009942227,140.43788404277493,35.675356905642246,151.9533517917805,140.66100006103517,129.36864833028983,0.16056123198108072,4.45786648008419,20.993530885162755,81646890.0,0.7815962126665205,-244052400,1909770536.732501,-0.0027981178941416385,-0.0197010928905339,-0.07245359303900412,-0.3699951171875,0.020904101356811804,-0.06256886732544698,-0.08514289728880131,sell,none,Hold,Downtrend,-3.0,Sell,"MACD below signal, trend down",,131.86000061035156
2022-12-27,127.85994720458984,130.02999877929688,131.41000366210938,128.72000122070312,131.3800048828125,69007800,135.73069912709528,139.66692957881358,-3.936230451718302,-2.843375484397689,-1.092854967320613,-3.936230451718302,139.95149993896484,143.9647994995117,135.73069912709528,139.66692957881358,33.65856851298868,152.0169044376775,139.95149993896484,127.88609544025219,0.17242265361892628,4.363733116481637,9.389467346210273,81634980.0,0.8453214541119506,-313060200,1907974608.4634929,-0.01387836965405731,-0.017677694524495635,-0.10007617249728251,-1.8300018310546875,0.02043754077512549,-0.0708924246184921,-0.09679311032043014,sell,none,Hold,Downtrend,-3.0,Sell,"MACD below signal, trend down",,130.02999877929688
2022-12-28,123.93653106689453,126.04000091552734,131.02999877929688,125.87000274658203,129.6699981689453,85438400,134.23982247916175,138.6575274556072,-4.417704976445464,-3.1582413828072444,-1.2594635936382192,-4.417704976445464,139.19500007629395,143.63739944458007,134.23982247916175,138.6575274556072,29.714325176250725,152.67438548428632,139.19500007629395,125.71561466830158,0.19367628723164199,4.420609039069723,4.303066088887298,81718710.0,1.0455182173091082,-398498600,1828165814.1707575,-0.03068521034551308,-0.04731671951497585,-0.1335670594770747,-3.9899978637695312,0.020940021134741672,-0.0945076989371475,-0.12251265058472716,sell,none,Hold,Downtrend,-1.0,Hold,"MACD below signal, RSI oversold, trend down",,
2022-12-29,127.44696044921875,129.61000061035156,130.47999572753906,127.7300033569336,127.98999786376953,75703700,133.5275421916525,137.98734028188457,-4.459798090232084,-3.418552724292213,-1.0412453659398713,-4.459798090232084,138.27400016784668,143.3545994567871,133.5275421916525,137.98734028188457,36.845374232502564,151.72999772238595,138.27400016784668,124.8180026133074,0.19462802172795232,4.421993737137009,11.956631679904236,79934850.0,0.9470675181100608,-322794900,1855969854.4793189,0.02832433885189234,-0.04311551472475994,-0.09496547354186191,3.5699996948242188,0.0185399382387514,-0.0626581971084813,-0.09587832478705172,sell,none,Hold,Downtrend,-3.0,Sell,"MACD below signal, trend down",,129.61000061035156
2022-12-30,127.76162719726562,129.92999267578125,129.9499969482422,127.43000030517578,128.41000366210938,77034200,132.9740730353646,137.3904997184695,-4.416426683104902,-3.618127516054751,-0.7982991670501511,-4.416426683104902,137.35499992370606,143.0759992980957,132.9740730353646,137.3904997184695,37.457886613535514,150.44949754190264,137.35499992370606,124.26050230550948,0.19066648648349072,4.286136801846252,24.817301893339742,80224040.0,0.960238352493841,-245760700,1931781026.5599363,0.00246888406699175,-0.017393958451734304,-0.04813192178914838,0.3199920654296875,0.018554067587506575,-0.05405705836736219,-0.09188128467951517,sell,none,Hold,Downtrend,-3.0,Sell,"MACD below signal, trend down",,129.92999267578125
2023-01-03,122.98271942138672,125.06999969482422,130.89999389648438,124.16999816894531,130.27999877929688,112117500,131.75806175220453,136.47787008708835,-4.7198083348838225,-3.838463679820565,-0.8813446550632573,-4.7198083348838225,136.21800003051757,142.70959930419923,131.75806175220453,136.47787008708835,32.329407746866266,149.43229697966078,136.21800003051757,123.00370308137435,0.1940168985917096,4.460698153681452,29.180393865339756,82557545.0,1.3580527376389402,-357878200,1849650446.362819,-0.03740470449409117,-0.05149401550203159,-0.07018062000985337,-4.859992980957031,0.019779113364750238,-0.08183940693003722,-0.12360485696392787,sell,none,Hold,Downtrend,-3.0,Sell,"MACD below signal, trend down",,125.06999969482422
2023-01-04,124.25118255615234,126.36000061035156,128.66000366210938,125.08000183105469,126.88999938964844,89113600,130.92759080730409,135.72839827399673,-4.800807466692646,-4.0309324371949815,-0.7698750294976646,-4.800807466692646,135.20449981689453,142.29139923095704,130.92759080730409,135.72839827399673,34.878066248002725,148.17612171366727,135.20449981689453,122.23287792012178,0.19188151155235253,4.398505711796003,27.68352178092745,83571905.0,1.0663105023153414,-268764600,1824260444.6187146,0.010314231379827232,-0.02822424212411545,-0.04540299711815565,1.2900009155273438,0.0202048748114692,-0.06541571632986287,-0.11196318756235424,sell,none,Hold,Downtrend,-3.0,Sell,"MACD below signal, trend down",,126.36000061035156
2023-01-05,122.93355560302734,125.0199966430664,127.7699966430664,124.76000213623047,127.12999725341797,80962700,130.01873016665212,134.93518333837227,-4.91645317172015,-4.208036584100015,-0.7084165876201345,-4.91645317172015,134.30999946594238,141.80279922485352,130.01873016665212,134.93518333837227,33.46799170584508,147.4983395510038,134.30999946594238,121.12165938088097,0.19638657043410446,4.299326340013141,27.250923418615642,84383680.0,0.9594592224468049,-349727300,1757284386.2626114,-0.010604653061194957,-0.008092702832845466,-0.055026502197761507,-1.3400039672851562,0.01977173480626424,-0.06916836318826491,-0.11835311202266885,sell,none,Hold,Downtrend,-3.0,Sell,"MACD below signal, trend down",,125.0199966430664
2023-01-06,127.45677185058594,129.6199951171875,130.2899932861328,124.88999938964844,126.01000213623047,87754700,129.95738631288833,134.54146569235857,-4.584079379470239,-4.28324514317406,-0.3008342362961791,-4.584079379470239,133.74399909973144,141.34839920043945,129.95738631288833,134.54146569235857,42.11891781876922,146.71545733727623,133.74399909973144,120.77254086218663,0.19397443361734873,4.377945451189658,56.22116477994895,85285360.0,1.0289538556207067,-261972600,1823262954.8656394,0.036794101724815675,7.711215792660653e-05,-0.043041727297213894,4.599998474121094,0.021907248312078367,-0.03083505809833542,-0.0829751461608027,sell,none,Hold,Downtrend,-1.0,Hold,"MACD below signal, trend down",,
2023-01-09,127.9779281616211,130.14999389648438,133.41000366210938,129.88999938964844,130.47000122070312,70790800,129.9870182488262,134.21617148525678,-4.229153236430591,-4.272426761825367,0.0432735253947758,-4.229153236430591,133.11899909973144,140.96439895629882,129.9870182488262,134.21617148525678,43.037926522502325,145.50513065177802,133.11899909973144,120.73286754768488,0.18609111600616834,4.335949957884816,79.15368740982485,85718485.0,0.8258522067906356,-191181800,1762929653.044557,0.004088865910060413,0.0016932289163757996,-0.01573018148877925,0.529998779296875,0.021669017909779077,-0.022303391877388723,-0.07671727854610355,buy,bullish,Buy,Downtrend,3.0,Buy,"bullish MACD crossover, trend down",130.14999389648438,
2023-01-10,128.54823303222656,130.72999572753906,131.25999450683594,128.1199951171875,130.25999450683594,63896200,130.1013224763205,133.95793624394435,-3.8566137676238554,-4.189264162985065,0.33265039536120966,-3.8566137676238554,132.54749870300293,140.68299880981445,130.1013224763205,133.95793624394435,44.08422716654201,144.24806786581894,132.54749870300293,120.84692954018692,0.17654907527200175,4.250524917296503,100.0,85108445.0,0.7507621599713166,-127285600,1805255843.75516,0.004456410743407302,0.04525462578176587,-0.00856973212181067,0.5800018310546875,0.021758232455991976,-0.013712088068416284,-0.07074773189709005,buy,none,Hold,Downtrend,1.0,Hold,"MACD above signal, trend down",,
2023-01-11,131.26220703125,133.49000549316406,133.50999450683594,130.4600067138672,131.25,69458900,130.62265832506566,133.92327470684953,-3.3006163817838683,-4.011534606744826,0.7109182249609578,-3.3006163817838683,131.99749870300292,140.23799880981446,130.62265832506566,133.92327470684953,48.89484999442574,142.35830411846803,131.99749870300292,121.63669328753781,0.15698487497520136,4.164772265558807,100.0,85058255.0,0.8166038675493636,-57826700,1873804304.110166,0.02111229140844828,0.05642612257338331,0.026609295903631702,2.760009765625,0.02201475419741445,0.01130708388284929,-0.0481181518127749,buy,none,Hold,Downtrend,1.0,Hold,"MACD above signal, trend down",,
2023-01-12,131.1835479736328,133.41000366210938,134.25999450683594,131.44000244140625,133.8800048828125,71379600,131.05148068461085,133.88525462946137,-2.8337739448505204,-3.775982474365965,0.9422085295154448,-2.8337739448505204,131.39449882507324,139.83939895629882,131.05148068461085,133.88525462946137,48.76388980068801,139.76045499756245,131.39449882507324,123.02854265258405,0.12734104163107887,4.0687165369781555,99.77240769829606,83932925.0,0.8504362263080907,-129206300,1902153991.193727,-0.0005993095195339082,0.06710932046332196,0.05847352184265242,-0.0800018310546875,0.021890939639911015,0.015339339584676148,-0.045976994625089196,buy,none,Hold,Downtrend,1.0,Hold,"MACD above signal, trend down",,
2023-01-13,132.5110321044922,134.75999450683594,134.9199981689453,131.66000366210938,132.02999877929688,57809700,131.62202127264547,133.95005017593357,-2.3280289032881,-3.486391760150392,1.1583628568622921,-2.3280289032881,130.97199821472168,139.52159896850586,131.62202127264547,133.95005017593357,51.14197639808087,137.57648627359362,130.97199821472168,124.36751015584974,0.10085343659557254,4.010950677682283,99.77240769829606,82708850.0,0.6989542231574977,-71396600,1954288979.9719453,0.010119112567793076,0.03965437110996217,0.03973454110201624,1.3499908447265625,0.021936496863497225,0.028922184464988065,-0.034128081220920925,buy,none,Hold,Downtrend,1.0,Hold,"MACD above signal, trend down",,
2023-01-17,133.67132568359375,135.94000244140625,137.2899932861328,134.1300048828125,134.8300018310547,63646600,132.28632606783944,134.09745404745007,-1.8111279796106317,-3.1513390040424403,1.3402110244318086,-1.8111279796106317,130.943998336792,139.33979904174805,132.28632606783944,134.09745404745007,53.18726373225249,137.4586417651608,130.943998336792,124.42935490842319,0.09950274179978735,3.9501676580849994,99.77240769829606,80944585.0,0.7862984287336824,-7750000,1963554160.5922463,0.008756366745847899,0.04448719797503031,0.04625575390142589,1.1800079345703125,0.01944199518492769,0.03815374639595448,-0.024399321828526332,buy,none,Hold,Downtrend,1.0,Hold,"MACD above signal, trend down",,
2023-01-18,132.95350646972656,135.2100067138672,138.61000061035156,135.02999877929688,136.82000732421875,69672800,132.73612309030526,134.17986535607358,-1.4437422657683214,-2.8098196563876168,1.3660773906192953,-1.4437422657683214,130.97899894714357,139.26639907836915,132.73612309030526,134.17986535607358,51.74415256706128,137.5768909275863,130.97899894714357,124.38110696670084,0.10074732641841773,3.9237272418685483,97.9506739051181,76420380.0,0.9117044432388324,-77422800,1900887869.200671,-0.005369984658148752,0.034269189418969725,0.08107465454373552,-0.7299957275390625,0.01918656732678735,0.03230294780639631,-0.02912685609268406,buy,none,Hold,Downtrend,1.0,Hold,"MACD above signal, trend down",,
2023-01-19,133.0124969482422,135.27000427246094,136.25,133.77000427246094,134.0800018310547,58280400,133.12595096448305,134.2606163869171,-1.1346654224340398,-2.4747888095969017,1.340123387162862,-1.1346654224340398,131.12399940490724,139.20419906616212,133.12595096448305,134.2606163869171,51.859763339564296,137.96093214744238,131.12399940490724,124.2870666623721,0.10428194340569011,3.820603562273585,95.82917047156242,75354770.0,0.7734135476758803,-19142400,1913108074.5277202,0.00044373608175840573,0.01333432246647126,0.07051284915378075,0.05999755859375,0.018797896790298765,0.0316189628624044,-0.02826204108851127,buy,none,Hold,Downtrend,1.0,Hold,"MACD above signal, trend down",,
2023-01-20,135.56910705566406,137.8699951171875,138.02000427246094,134.22000122070312,135.27999877929688,80223600,133.85580391105296,134.52797777434452,-0.6721738632915617,-2.1142658203358335,1.4420919570442718,-0.6721738632915617,131.40249900817872,139.18319900512697,133.85580391105296,134.52797777434452,56.70092814068055,138.83610485758987,131.40249900817872,123.96889315876759,0.1131425339018623,3.819132097236744,95.82917047156242,75494310.0,1.06264432379076,61081200,1986997850.9464853,0.01922074933545259,0.03343071233529127,0.10278354518603927,2.5999908447265625,0.0192135481475913,0.049218973442858305,-0.009435074759929107,buy,none,Hold,Downtrend,1.0,Hold,"MACD above signal, trend down",,
2023-01-23,138.75503540039062,141.11000061035156,143.32000732421875,137.89999389648438,138.1199951171875,81760300,134.9718341724835,135.01553502145617,-0.04370084897266224,-1.7001528260631993,1.656451977090537,-0.04370084897266224,131.68549919128418,139.215399017334,134.9718341724835,135.01553502145617,61.849643236699286,140.08245155902588,131.68549919128418,123.28854682354248,0.12753040265343765,3.9356235336506376,97.87849656644431,75285925.0,1.0859971501977295,142841500,2002082739.7738137,0.02350043960188808,0.04712085457374737,0.08864377353799568,3.2400054931640625,0.019195404128202066,0.07156825525168498,0.013609138115401098,buy,none,Hold,Mixed,2.0,Buy,MACD above signal,141.11000061035156,
2023-01-24,140.1513214111328,142.52999877929688,143.16000366210938,140.3000030517578,140.30999755859375,66435100,136.13462872737787,135.57216196648142,0.5624667608964558,-1.2476289086712682,1.810095669567724,0.5624667608964558,132.20049934387208,139.36859909057617,136.13462872737787,135.57216196648142,63.87700276628271,141.83944365353298,132.20049934387208,122.56155503421118,0.14582311500335035,3.858793324843561,100.0,74715075.0,0.8891793255912545,209276600,2039249008.6843045,0.010063058343160014,0.04847724157376776,0.09512105619197353,1.4199981689453125,0.01825141526147674,0.07813510150635894,0.022683730118189027,buy,none,Hold,Uptrend,3.0,Buy,"MACD above signal, trend up",142.52999877929688,
2023-01-25,139.49252319335938,141.86000061035156,142.42999267578125,138.80999755859375,140.88999938964844,65799300,137.01545517091228,136.03792779195328,0.977527378958996,-0.8025976511452154,1.7801250301042115,0.977527378958996,132.70049934387208,139.26839920043946,137.01545517091228,136.03792779195328,62.19751924444507,143.21464469528618,132.70049934387208,122.18635399245798,0.1584642921978519,3.848879603119244,98.15900675132153,74814295.0,0.8795017048546672,143477300,2084327242.6625543,-0.00470075194473818,0.049182705171793684,0.08513734603043277,-0.6699981689453125,0.018293164500924074,0.06902386435445207,0.01860868240599345,buy,none,Hold,Uptrend,3.0,Buy,"MACD above signal, trend up",141.86000061035156,
2023-01-26,141.5574493408203,143.9600067138672,144.25,141.89999389648438,143.1699981689453,54105100,138.08384771598224,136.62474845283577,1.45909926314647,-0.3502582682868783,1.8093575314333483,1.45909926314647,133.3969997406006,139.15359939575194,138.08384771598224,136.62474845283577,65.27897136883733,144.90941859373513,133.3969997406006,121.88458088746606,0.1726038647873821,3.744673873585615,98.15900675132153,74069160.0,0.7304673092012924,197582400,2125079087.3479643,0.014803370185255682,0.06424190261650953,0.07843284732832889,2.100006103515625,0.017953699631710552,0.07918474173937251,0.034540301788715144,buy,none,Hold,Uptrend,3.0,Buy,"MACD above signal, trend up",143.9600067138672,
2023-01-27,143.4945831298828,145.92999267578125,147.22999572753906,143.0800018310547,143.16000366210938,70555800,139.2909469405667,137.3140258026836,1.976921137883096,0.11517761294711659,1.8617435249359793,1.976921137883096,134.3914993286133,139.10659927368164,139.2909469405667,137.3140258026836,67.92069472459276,146.60500685790277,134.3914993286133,122.1779917993238,0.18176012010142226,3.7736253037926692,98.15900675132153,73325030.0,0.9622334965290843,268138200,2151431084.833018,0.013684258613779976,0.05846085329692552,0.09384595360166204,1.9699859619140625,0.015903138572522235,0.08585731541661046,0.049051543476202,buy,none,Hold,Uptrend,3.0,Buy,"MACD above signal, trend up",145.92999267578125,
2023-01-30,140.61349487304688,143.0,145.5500030517578,142.85000610351562,144.9600067138672,64015300,139.86157048817182,137.73520907655887,2.1263614116129474,0.5174143726802828,1.6089470389326648,2.1263614116129474,135.0609992980957,138.965799407959,139.86157048817182,137.73520907655887,60.54260483457509,147.61590097412525,135.0609992980957,122.50609762206616,0.18591453848670825,3.724079680112166,89.6823499929967,72740610.0,0.8800489850167602,204122900,2094528314.5622587,-0.020078070464177533,0.01339380186714978,0.06114578383086888,-2.92999267578125,0.01624237851266139,0.058780852675182516,0.02903016864025565,buy,none,Hold,Uptrend,3.0,Buy,"MACD above signal, trend up",143.0,
2023-01-31,141.88194274902344,144.2899932861328,144.33999633789062,142.27999877929688,142.6999969482422,65874500,140.54286630324273,138.22074864763843,2.322117655604302,0.8783550292650867,1.4437626263392151,2.322117655604302,135.77899932861328,138.875799407959,140.54286630324273,138.22074864763843,62.47530545903331,148.71472041922416,135.77899932861328,122.8432782380024,0.19054082228583466,3.6052166714322786,80.2072326005265,72182625.0,0.9126088168724814,269997400,2157204824.33234,0.009020932070858745,0.012348239120953286,0.06142408926559817,1.2899932861328125,0.016253578056170025,0.06268269761600731,0.03898587011743615,buy,none,Hold,Uptrend,3.0,Buy,"MACD above signal, trend up",144.2899932861328,
2023-02-01,143.00294494628906,145.42999267578125,146.61000061035156,141.32000732421875,143.97000122070312,77663600,141.29473189901788,138.75476672379716,2.539965175220715,1.2106770584562123,1.3292881167645025,2.539965175220715,136.79699897766113,138.76999923706055,141.29473189901788,138.75476672379716,64.14665655021156,149.40173566187423,136.79699897766113,124.19226229344802,0.1842838187739988,3.7255578581966025,73.64030909845583,70459930.0,1.1022378251014442,347661000,2200220492.1818285,0.007900751560697472,0.02516560024016523,0.07558601770904216,1.1399993896484375,0.012757863566933907,0.06310806350020792,0.04799303506043451,buy,none,Hold,Uptrend,3.0,Buy,"MACD above signal, trend up",145.42999267578125,
2023-02-02,148.30296325683594,150.82000732421875,151.17999267578125,148.1699981689453,148.89999389648438,118339000,142.76015888751033,139.6484882497543,3.1116706377560206,1.590875774316174,1.5207948634398465,3.1116706377560206,138.0199993133545,138.76059951782227,142.76015888751033,139.6484882497543,70.77462740820059,151.0752370832155,138.0199993133545,124.96476154349351,0.1891789281960648,3.8701608683254167,83.95795910545911,71921200.0,1.6453980189429542,466000000,2290253589.017018,0.03706260688917107,0.04765212760781812,0.11495529356557865,5.3900146484375,0.01435439836564085,0.09274024108494361,0.0869080117000185,buy,none,Hold,Uptrend,2.0,Buy,"MACD above signal, RSI overbought, trend up, volume spike",150.82000732421875,
2023-02-03,151.92153930664062,154.5,157.3800048828125,147.8300018310547,148.02999877929688,154357300,144.5662882894318,140.74860023125402,3.8176880581777937,2.036238231088498,1.7814498270892956,3.8176880581777937,139.49399948120117,138.89039962768555,144.5662882894318,140.74860023125402,74.27169337018056,152.9946142038435,139.49399948120117,125.99338475855885,0.19356552644347583,4.275863881427731,93.4330764979293,75590930.0,2.0420082144775833,620357300,2351511488.883124,0.024399897209064214,0.058726839953038956,0.12062091442505118,3.67999267578125,0.013969167067262695,0.10757452345339846,0.11238790020158396,buy,none,Hold,Uptrend,4.0,Buy,"MACD above signal, RSI overbought, trend up, volume spike",154.5,
2023-02-06,149.19778442382812,151.72999572753906,153.10000610351562,150.77999877929688,152.57000732421875,69858300,145.6683971260637,141.56203693468254,4.106360191381157,2.45026262314703,1.6560975682341268,4.106360191381157,140.59949951171876,138.9213996887207,145.6683971260637,141.56203693468254,67.70450459905888,154.3043455528568,140.59949951171876,126.89465347058072,0.1949487172960493,4.236159405661687,90.28272574073367,74696110.0,0.9352334412059744,550499000,2338864363.276063,-0.01792883024246561,0.06104892117160188,0.07526040019312741,-2.7700042724609375,0.013955394211806969,0.07916455075924778,0.0922003094376993,buy,none,Hold,Uptrend,3.0,Buy,"MACD above signal, trend up",151.72999572753906,
2023-02-07,152.06903076171875,154.64999389648438,155.22999572753906,150.63999938964844,150.63999938964844,83322600,147.05018124458996,142.53151522814935,4.518666016440619,2.863943301805748,1.6547227146348713,4.518666016440619,141.82449951171876,138.99299942016603,147.05018124458996,142.53151522814935,70.65057175886199,155.94771267239864,141.82449951171876,127.70128635103887,0.19916464657804628,4.261433472249468,84.8970202907466,75322700.0,1.106208354188047,633821600,2401129316.5980935,0.019244699473851767,0.07179985510018883,0.08503469600076907,2.9199981689453125,0.01414220204124351,0.0904321497972631,0.11264592131714757,buy,none,Hold,Uptrend,1.0,Hold,"MACD above signal, RSI overbought, trend up",,
2023-02-08,149.3846435546875,151.9199981689453,154.5800018310547,151.1699981689453,153.8800048828125,64120100,147.79938384833693,143.22695840894903,4.572425439387899,3.2056397293221783,1.366785710065721,4.572425439387899,142.88399963378907,139.0691993713379,147.79938384833693,143.22695840894903,64.70739458599611,156.69490850075042,142.88399963378907,129.07309076682773,0.19331638115336394,4.205616490484439,66.7526790905377,75333895.0,0.8511454239821266,569701500,2365214508.888162,-0.017652737376545935,0.04462632070423567,0.07091496909143302,-2.7299957275390625,0.015311694254687114,0.06324010076926356,0.09240578687228673,buy,none,Hold,Uptrend,3.0,Buy,"MACD above signal, trend up",151.9199981689453,
2023-02-09,148.35211181640625,150.8699951171875,154.3300018310547,150.4199981689453,153.77999877929688,56007100,148.27178558200626,143.79310927622595,4.478676305780311,3.460247044613805,1.0184292611665064,4.478676305780311,143.75299911499025,139.20219924926758,148.27178558200626,143.79310927622595,62.52870330062021,157.27432903950407,143.75299911499025,130.23166919047642,0.1881189263216401,4.184501288457649,47.958737816192794,74661305.0,0.7501489560087384,513694400,2322098969.2332993,-0.006911552556695955,0.00033144006458840636,0.04799936149665851,-1.0500030517578125,0.015297157658294055,0.04950850449042976,0.08381904834008091,buy,none,Hold,Uptrend,3.0,Buy,"MACD above signal, trend up",150.8699951171875,
2023-02-10,148.71649169921875,151.00999450683594,151.33999633789062,149.22000122070312,149.4600067138672,57450700,148.69304849351852,144.32769336738224,4.365355126136279,3.6412686609183,0.7240864652179795,4.365355126136279,144.63299865722655,139.3989991760254,148.69304849351852,144.32769336738224,62.708991035004644,157.62784577391093,144.63299865722655,131.63815154054217,0.17969408416237795,4.037036561938352,25.27095461666315,73964860.0,0.7767296524322496,571145100,2361663933.514695,0.0009279472007650558,-0.022589032318213964,0.034811225149179226,0.1399993896484375,0.015264950294082693,0.04409087766148412,0.08329324743679689,buy,none,Hold,Uptrend,1.0,Hold,"MACD above signal, trend up",,
2023-02-13,151.51341247558594,153.85000610351562,154.25999450683594,150.9199981689453,150.9499969482422,62199000,149.48642658736424,145.03304986635507,4.453376721009164,3.8036902729364725,0.6496864480726914,4.453376721009164,145.58749923706054,139.51539932250978,149.48642658736424,145.03304986635507,66.25585507381211,158.34356325464256,145.58749923706054,132.83143521947852,0.17523570477450517,3.9872479745063716,23.953362186973973,74184325.0,0.8384385785002425,633344100,2408592935.5157003,0.01880677902118011,0.013972256216123968,0.07587416855605333,2.8400115966796875,0.015500383646621105,0.056752859344065154,0.10274569582006743,buy,none,Hold,Uptrend,3.0,Buy,"MACD above signal, trend up",153.85000610351562,
2023-02-14,150.87327575683594,153.1999969482422,153.77000427246094,150.86000061035156,152.1199951171875,61707600,150.0577451044224,145.63800890945782,4.419736194964571,3.926899457342093,0.49283673762247826,4.419736194964571,146.45049896240235,139.61319931030275,150.0577451044224,145.63800890945782,64.73815905134587,158.8082204559872,146.45049896240235,134.0927774688175,0.16876311902163468,3.9160163686962064,29.31777693549762,74087375.0,0.8329030418475483,571636500,2446126143.9725194,-0.004224953717818392,-0.009375990982662064,0.061750669323551,-0.6500091552734375,0.015683088009995908,0.04608723106892665,0.09731742919049924,buy,none,Hold,Uptrend,1.0,Hold,"MACD above signal, trend up",,
2023-02-15,152.97091674804688,155.3300018310547,155.5,152.8800048828125,153.11000061035156,65573800,150.8688615239043,146.35593431105758,4.512927212846705,4.044105008443015,0.4688222044036898,4.512927212846705,147.4564987182617,139.76359939575195,150.8688615239043,146.35593431105758,67.37540970093218,159.25329995922777,147.4564987182617,135.65969747729565,0.16000381595260393,3.82344342215987,40.64753771756628,73882425.0,0.8875426057008822,637210300,2503190442.6702785,0.013903426404976438,0.022446048599324087,0.06807405386689602,2.1300048828125,0.015531930061766678,0.053395429711351694,0.11137665674468789,buy,none,Hold,Uptrend,3.0,Buy,"MACD above signal, trend up",155.3300018310547,
2023-02-16,151.37551879882812,153.7100067138672,156.3300018310547,153.35000610351562,153.50999450683594,68167900,151.30596078389857,146.9006804149694,4.405280368929169,4.116340080540246,0.2889402883889236,4.405280368929169,148.37849884033204,139.90519943237305,151.30596078389857,146.9006804149694,63.48635029803461,159.0501119186432,148.37849884033204,137.70688576202087,0.1438431196125624,3.7631971582583836,33.92336039000132,74376800.0,0.9165210119284508,569042400,2451492690.851766,-0.010429376798369527,0.0188242307191282,0.019161909887961848,-1.6199951171875,0.015960607768057314,0.03593180895617709,0.09867258213063801,buy,none,Hold,Uptrend,3.0,Buy,"MACD above signal, trend up",153.7100067138672,
2023-02-17,150.23312377929688,152.5500030517578,153.0,150.85000610351562,152.35000610351562,59144100,151.49735190203074,147.3191487584352,4.178203143595539,4.1287126931513045,0.04949045044423439,4.178203143595539,149.11249923706055,140.09799942016602,151.49735190203074,147.3191487584352,60.78089366369031,158.76251782465465,149.11249923706055,139.46248064946644,0.12943272545184034,3.6986831191221823,23.736827841755556,73322825.0,0.8066260403905605,509898300,2485878893.1200094,-0.007546702305912589,0.01019805708854693,-0.012621339470823223,-1.160003662109375,0.015962763336678995,0.023053089662405046,0.0888806669840243,buy,none,Hold,Uptrend,3.0,Buy,"MACD above signal, trend up",152.5500030517578,
2023-02-21,146.2249298095703,148.47999572753906,151.3000030517578,148.41000366210938,150.1999969482422,58867200,151.03314325980125,147.40513742281325,3.6280058369879953,4.028571321918642,-0.40056548493064703,3.6280058369879953,149.48099899291992,140.24879928588868,151.03314325980125,147.40513742281325,52.35127392230246,158.41697715675033,149.48099899291992,140.5450208290895,0.11956005410766167,3.7302057098740575,7.1472223758703,72178170.0,0.815581774932781,451031100,2429863068.7492366,-0.026679824600448265,-0.03490419345426243,-0.021419627572098587,-4.07000732421875,0.01685249286552114,-0.006696525124429198,0.05868996015339567,sell,bearish,Sell,Uptrend,-3.0,Sell,"bearish MACD crossover, trend up",,148.47999572753906
2023-02-22,146.6484375,148.91000366210938,149.9499969482422,147.16000366210938,148.8699951171875,51011300,150.70650639861788,147.51660899609448,3.1898974025233997,3.860836538039594,-0.6709391355161944,3.1898974025233997,149.79999923706055,140.37399948120117,150.70650639861788,147.51660899609448,53.09148998188893,158.15742632085917,149.79999923706055,141.44257215326192,0.11158113653355743,3.6630476796068256,1.1256111550032546,71406980.0,0.7143741410153461,502042400,2442844592.9927216,0.0028960664530148783,-0.028002567699672798,-0.03711600686009131,0.4300079345703125,0.016763273104815377,-0.005941225497222757,0.06080901172906561,sell,none,Hold,Uptrend,-1.0,Hold,"MACD below signal, trend up",,
2023-02-23,147.13099670410156,149.39999389648438,150.33999633789062,147.24000549316406,150.08999633789062,48394200,150.50550447521272,147.65611898871595,2.8493854864967716,3.6585463277310297,-0.8091608412342581,2.8493854864967716,150.1769989013672,140.51879928588866,150.50550447521272,147.65611898871595,53.969002328472,157.70702929237703,150.1769989013672,142.64696851035737,0.10028207310169225,3.622829334258235,3.5856133613420225,70536725.0,0.6860851563494053,550436600,2461889889.4452887,0.0032905125399556034,-0.03817683554153373,-0.016587706048143303,0.489990234375,0.016682040196687946,-0.005173928168541564,0.06320289282095781,sell,none,Hold,Uptrend,-1.0,Hold,"MACD below signal, trend up",,
2023-02-24,144.48182678222656,146.7100067138672,147.19000244140625,145.72000122070312,147.11000061035156,55469600,149.92158174269804,147.5860365979864,2.335545144711631,3.39394609112715,-1.058400946415519,2.335545144711631,150.3144989013672,140.56319931030274,149.92158174269804,147.5860365979864,48.59452307306019,157.47686871053523,150.3144989013672,143.15212909219915,0.09529845572472444,3.626912430081308,3.5856133613420225,70604950.0,0.7856333019143842,494967000,2481134797.066373,-0.018005269695533066,-0.04554030117915864,-0.027573331596445372,-2.6899871826171875,0.017041003360866547,-0.02397967071603102,0.04372984845055328,sell,none,Hold,Uptrend,-1.0,Hold,"MACD below signal, trend up",,
2023-02-27,145.6734619140625,147.9199981689453,149.1699981689453,147.4499969482422,147.7100067138672,44998500,149.61364580827455,147.6107744921315,2.0028713161430574,3.1157311361303317,-1.1128598199872743,2.0028713161430574,150.41399917602538,140.61219924926758,149.61364580827455,147.6107744921315,50.96021056673682,157.38263518658923,150.41399917602538,143.44536316546154,0.09265940735221909,3.543560931866795,6.0352686066157615,69327085.0,0.6490753217158921,539965500,2460728546.973223,0.008247504598905886,-0.030350736087770613,-0.020462197538526183,1.209991455078125,0.016871950852686064,-0.01658091015957508,0.05197130091623836,sell,none,Hold,Uptrend,-1.0,Hold,"MACD below signal, trend up",,
2023-02-28,145.1711883544922,147.41000366210938,149.0800018310547,146.8300018310547,147.0500030517578,50547000,149.27462393963376,147.59590257879654,1.6787213608372156,2.828329181071709,-1.1496078202344933,1.6787213608372156,150.63449935913087,140.6961991882324,149.27462393963376,147.59590257879654,49.9174884491242,156.89379065909714,150.63449935913087,144.3752080591646,0.08310568065876273,3.4511637224477383,5.923336901025078,68653670.0,0.7362607126465344,489418500,2436241415.9103975,-0.003447772533457294,-0.007206304527332619,-0.04185896773428266,-0.5099945068359375,0.01618398775686943,-0.021406090309590398,0.047718449486292114,sell,none,Hold,Uptrend,-1.0,Hold,"MACD below signal, trend up",,
2023-03-01,143.10305786132812,145.30999755859375,147.22999572753906,145.00999450683594,146.8300018310547,55479000,148.66468141947377,147.42657628100375,1.2381051384700186,2.5102843725513706,-1.272179234081352,1.2381051384700186,150.6854995727539,140.8723991394043,148.66468141947377,147.42657628100375,45.76498117503096,156.75079724998275,150.6854995727539,144.62020189552507,0.08050273841114217,3.37608125336386,5.923336901025078,68133895.0,0.8142643246801023,433939500,2395756884.519924,-0.014246021649447993,-0.02417571697657317,-0.051501302524921244,-2.100006103515625,0.016459679794654247,-0.03567365160816127,0.0315008365463989,sell,none,Hold,Uptrend,-1.0,Hold,"MACD below signal, trend up",,
2023-03-02,143.69395446777344,145.91000366210938,146.7100067138672,143.89999389648438,144.3800048828125,52238100,148.2408848414177,147.31423756849307,0.9266472729246402,2.193556952626025,-1.2669096797013846,0.9266472729246402,150.70950012207032,141.10039932250976,148.2408848414177,147.31423756849307,47.11855146496473,156.69469297590712,150.70950012207032,144.72430726823353,0.07942688216720194,3.335647793650928,4.4359055295806336,66862620.0,0.7812750981041425,486177600,2418250892.8492303,0.0041291453691869595,-0.023360042683757576,-0.06064506571751038,0.600006103515625,0.016391654285507526,-0.03184601140653709,0.03408639778974987,sell,none,Hold,Uptrend,-1.0,Hold,"MACD below signal, trend up",,
2023-03-03,148.73623657226562,151.02999877929688,151.11000061035156,147.3300018310547,148.0399932861328,70732300,148.66997929339914,147.58947913966372,1.0805001537354144,1.9709455928479027,-0.8904454391124883,1.0805001537354144,150.71999969482422,141.47359939575196,148.66997929339914,147.58947913966372,56.984235933834,156.70666771994624,150.71999969482422,144.7333316697022,0.07944092406108993,3.4688155904074462,19.393144739768605,64482285.0,1.0969260782244301,556909900,2485989163.567685,0.035090089703815774,0.029445790114747128,-0.017435481214695292,5.1199951171875,0.016163106739398775,0.0020567879850075244,0.0675489944721932,sell,none,Hold,Uptrend,1.0,Hold,"MACD below signal, trend up",,
2023-03-06,151.49371337890625,153.8300018310547,156.3000030517578,153.4600067138672,153.7899932861328,87558000,149.4638289145769,148.05174007976677,1.4120888348101346,1.8591742412403491,-0.44708540643021455,1.4120888348101346,150.68649978637694,141.90419937133788,149.4638289145769,148.05174007976677,61.24268275015226,156.59517537940118,150.68649978637694,144.7778241933527,0.07842342348386575,3.597471924839838,43.26696034777544,61142320.0,1.4320359449886757,644467900,2421245300.3596816,0.01853938339660255,0.0399540544569188,0.008390683406689803,2.8000030517578125,0.015748976196859575,0.020861205543523775,0.08404122296979466,sell,none,Hold,Uptrend,1.0,Hold,"MACD below signal, trend up",,
2023-03-07,149.29757690429688,151.60000610351562,154.02999877929688,151.1300048828125,153.6999969482422,56182000,149.79247155902902,148.31457460004447,1.4778969589845588,1.7829187847891912,-0.30502182580463244,1.4778969589845588,150.68000030517578,142.22719955444336,149.79247155902902,148.31457460004447,56.44960266644937,156.58435465540094,150.68000030517578,144.77564595495062,0.07836944967171401,3.547652065671591,57.65978183563703,60458505.0,0.9292654523958209,588285900,2383274103.2262354,-0.014496494188358522,0.028424139049684216,0.021013001520432395,-2.2299957275390625,0.015562060345696661,0.006105692835655319,0.06590023974622694,sell,none,Hold,Uptrend,1.0,Hold,"MACD below signal, trend up",,
2023-03-08,150.54827880859375,152.8699951171875,153.47000122070312,151.8300018310547,152.80999755859375,47204800,150.26593672182264,148.65201315686988,1.6139235649527564,1.7491197408219044,-0.135196175869148,1.6139235649527564,150.59100036621095,142.63999954223632,150.26593672182264,148.65201315686988,58.44427672912841,156.30385971760418,150.59100036621095,144.87814101481771,0.07587252010413054,3.427819426494156,64.20382497114439,58652615.0,0.8048200408455787,635490700,2395938441.4504466,0.00837723590066819,0.05202668560740498,0.02659318620435802,1.269989013671875,0.015038285480681372,0.015133671636647916,0.07171898210727368,sell,none,Hold,Uptrend,1.0,Hold,"MACD below signal, trend up",,
2023-03-09,148.30287170410156,150.58999633789062,154.5399932861328,150.22999572753906,153.55999755859375,53833600,150.31579204737156,148.7955674665751,1.5202245807964516,1.703340708816814,-0.18311612802036237,1.5202245807964516,150.5245002746582,143.0145994567871,150.31579204737156,148.7955674665751,53.689918543166236,156.20480185906155,150.5245002746582,144.84419869025487,0.07547344882778069,3.4908321502155557,57.39743876508817,58138290.0,0.9259577466072704,581657100,2351097945.7823873,-0.014914625839747453,0.03207451551175966,0.007965210776586629,-2.279998779296875,0.014885325506466388,0.0004351189548073009,0.05296939550141855,sell,none,Hold,Uptrend,1.0,Hold,"MACD below signal, trend up",,
2023-03-10,146.24465942382812,148.5,150.94000244140625,147.61000061035156,150.2100067138672,68572400,150.036439424699,148.77367358016213,1.2627658445368866,1.6152257359608284,-0.35245989142394185,1.2627658445368866,150.40600051879883,143.38399948120116,150.036439424699,148.77367358016213,49.69882740327099,156.1510422293868,150.40600051879883,144.66095880821086,0.07639378336996484,3.4793442702754938,49.38885460174492,58766555.0,1.1668609807057773,513084700,2319179816.406256,-0.0138787196275717,-0.016751630800143302,0.012200894309983168,-2.089996337890625,0.015126907795904867,-0.012672370199489524,0.035680414392887716,sell,none,Hold,Uptrend,-1.0,Hold,"MACD below signal, trend up",,
2023-03-13,148.18472290039062,150.47000122070312,153.13999938964844,147.6999969482422,147.80999755859375,84457100,150.10314123946887,148.89932747946145,1.2038137600074208,1.532943340770147,-0.32912958076272614,1.2038137600074208,150.37900085449218,143.87259948730468,150.10314123946887,148.89932747946145,53.22813296253431,156.11750639159473,150.37900085449218,144.64049531738962,0.07632057008618078,3.619391282499119,41.61241316548043,60116875.0,1.4048817407757805,597541800,2320732430.688364,0.013266001486216261,-0.021842297148521927,0.017239068978660788,1.970001220703125,0.015444320405829007,0.0006051401172628701,0.045855859676606325,sell,none,Hold,Uptrend,-1.0,Hold,"MACD below signal, trend up",,
2023-03-14,150.2725372314453,152.58999633789062,153.39999389648438,150.10000610351562,151.27999877929688,73695900,150.48573433153376,149.1727103578636,1.3130239736701697,1.4889594673501516,-0.17593549367998196,1.3130239736701697,150.31600036621094,144.33219940185546,150.48573433153376,149.1727103578636,56.74533377543434,155.9269445176915,150.31600036621094,144.70505621473038,0.07465531464129926,3.5965767475326644,48.1926650145434,60691720.0,1.2142661305364224,671237700,2358250318.6329513,0.01408915464869298,0.006530278327950834,0.035140034916861795,2.1199951171875,0.0151745731464957,0.01512810323677849,0.05721382318191859,sell,none,Hold,Uptrend,1.0,Hold,"MACD below signal, trend up",,
2023-03-15,150.66644287109375,152.99000549316406,153.25,149.9199981689453,151.19000244140625,77167900,150.87100681793842,149.45547296047846,1.4155338574599625,1.4742743453721139,-0.05874048791215136,1.4155338574599625,150.30550079345704,144.79339965820313,150.87100681793842,149.45547296047846,57.39633111434759,155.89556579609186,150.30550079345704,144.71543579082223,0.07438270686202533,3.577535682069952,64.77028513407822,61464735.0,1.2554825136722707,748405600,2423368237.20834,0.0026214638237991306,0.0007850486021443448,0.05285257768635976,0.4000091552734375,0.015158634825795981,0.01786032238032287,0.056608974264777956,sell,none,Hold,Uptrend,1.0,Hold,"MACD below signal, trend up",,
2023-03-16,153.48300170898438,155.85000610351562,156.4600067138672,151.63999938964844,152.16000366210938,76161100,151.63700670802723,149.9291420821849,1.7078646258423191,1.5209924014661549,0.18687222437616424,1.7078646258423191,150.33150100708008,145.40899978637697,151.63700670802723,149.9291420821849,61.82073430870941,156.01879459722807,150.33150100708008,144.6442074169321,0.07566336465808501,3.666283656509152,82.03070705723262,61994100.0,1.2285217464242566,824566700,2480252056.341313,0.018694035607962345,0.034929343871041185,0.06812420116460816,2.8600006103515625,0.01542473826727522,0.03670890704520824,0.07180440228925122,buy,bullish,Buy,Uptrend,5.0,Strong Buy,"bullish MACD crossover, trend up",155.85000610351562,
2023-03-17,152.64588928222656,155.0,156.74000549316406,154.27999877929688,156.0800018310547,98944600,152.15439029140765,150.30476118720827,1.84962910419938,1.5867197420128,0.2629093621865799,1.84962910419938,150.39600067138673,145.98179977416993,152.15439029140765,150.30476118720827,59.83197760789291,156.26155980594297,150.39600067138673,144.5304415368305,0.07800153073714247,3.5801210177490117,87.58750330356152,63532935.0,1.5573749268784765,725622100,2439226186.7093215,-0.00545400109224925,0.04377104377104368,0.026286176605911038,-0.850006103515625,0.015282395887338722,0.0306125116895426,0.06177619566124681,buy,none,Hold,Uptrend,2.0,Buy,"MACD above signal, trend up, volume spike",155.0,
2023-03-20,155.00946044921875,157.39999389648438,157.82000732421875,154.14999389648438,155.07000732421875,73641400,152.96140623065023,150.83033398048798,2.131072250162248,1.6955902436426897,0.43548200651955815,2.131072250162248,150.63850021362305,146.62939971923828,152.96140623065023,150.83033398048798,63.41104802523058,157.19996337495763,150.63850021362305,144.07703705228846,0.08711535433544097,3.5865419041765376,95.87114416400912,64257800.0,1.1460305208083688,799263500,2496011857.18887,0.015483831590221708,0.04605564311531185,0.02320738492449914,2.399993896484375,0.01550791132067008,0.0448855616145456,0.07345453366016175,buy,none,Hold,Uptrend,3.0,Buy,"MACD above signal, trend up",157.39999389648438,
2023-03-21,156.86090087890625,159.27999877929688,159.39999389648438,156.5399932861328,157.32000732421875,73938300,153.9334973919805,151.45623507669603,2.477262315284463,1.8519246579710444,0.6253376573134186,2.477262315284463,151.17850036621093,147.22259979248048,153.9334973919805,151.45623507669603,65.96903090027124,158.65443972706657,151.17850036621093,143.70256100535528,0.09890215001135907,3.5346460974747536,95.87114416400912,65011355.0,1.1373136277501061,873201800,2563745798.39186,0.011944122971497162,0.043842994966669435,0.05065958025448358,1.8800048828125,0.014134479138028937,0.053588958704188006,0.0818991038319663,buy,none,Hold,Uptrend,3.0,Buy,"MACD above signal, trend up",159.27999877929688,
2023-03-22,155.43295288085938,157.8300018310547,162.13999938964844,157.80999755859375,159.3000030517578,75701800,154.53295961337653,151.92836594738927,2.6045936659872666,2.002458459574289,0.6021352064129775,2.6045936659872666,151.6245002746582,147.77619995117186,154.53295961337653,151.92836594738927,62.34854563471408,159.55628976643817,151.6245002746582,143.69271078287824,0.10462411387885244,3.5914572213018916,92.58258557076503,66245880.0,1.1427397447207284,797500000,2488743471.2752767,-0.009103446505241086,0.03163602957127076,0.03244591399420749,-1.4499969482421875,0.014418263063947284,0.04092677334570349,0.06803397220394625,buy,none,Hold,Uptrend,3.0,Buy,"MACD above signal, trend up",157.8300018310547,
2023-03-23,156.51622009277344,158.92999267578125,161.5500030517578,157.67999267578125,158.8300018310547,67622100,155.20942623836186,152.4470049643072,2.7624212740546454,2.1544510224703606,0.6079702515842849,2.7624212740546454,152.10100021362305,148.34019989013672,155.20942623836186,152.4470049643072,63.9642678488326,160.5679615276863,152.10100021362305,143.6340388995598,0.11133340743547444,3.611353875207225,88.47535759047118,67207275.0,1.0061723228623687,865122100,2464804781.2861195,0.006969466083539766,0.019762505304105726,0.05538214051866719,1.0999908447265625,0.01444545497994301,0.044897748552389594,0.07138855680043243,buy,none,Hold,Uptrend,3.0,Buy,"MACD above signal, trend up",158.92999267578125,
2023-03-24,157.816162109375,160.25,160.33999633789062,157.85000610351562,158.86000061035156,59196500,155.98489912476774,153.02500459658077,2.9598945281869646,2.315539723613681,0.6443548045732834,2.9598945281869646,152.7779998779297,148.87539978027343,155.98489912476774,153.02500459658077,65.85769967024224,161.57145181859275,152.7779998779297,143.98454793726663,0.11511411260376585,3.531256472290638,88.24726941679523,67393620.0,0.8783694955101091,924318600,2519722173.5672255,0.008305589788276002,0.03387096774193554,0.07912457912457915,1.32000732421875,0.013585581505258269,0.04890756606344149,0.07640349068089458,buy,none,Hold,Uptrend,3.0,Buy,"MACD above signal, trend up",160.25,
2023-03-27,155.87611389160156,158.27999877929688,160.77000427246094,157.8699951171875,159.94000244140625,52390300,156.33799137931067,153.4142634249301,2.9237279543805528,2.4371773697670553,0.4865505846134974,2.9237279543805528,153.29599990844727,149.3727996826172,156.33799137931067,153.4142634249301,60.72921756053709,162.10428368949772,153.29599990844727,144.48771612739682,0.11491863827250556,3.486167378217981,84.92969551659674,67763210.0,0.7731378132765552,871928300,2482145768.081971,-0.012293299349161457,0.0055908825726591616,0.05190401738043704,-1.970001220703125,0.01405648551986354,0.03251225650914691,0.05963066311674825,buy,none,Hold,Uptrend,3.0,Buy,"MACD above signal, trend up",158.27999877929688,
2023-03-28,155.25567626953125,157.64999389648438,158.49000549316406,155.97999572753906,157.97000122070312,45992200,156.5398379204143,153.72802123763785,2.8118166827764526,2.512105232368935,0.2997114504075178,2.8118166827764526,153.80799942016603,149.83059967041015,156.5398379204143,153.72802123763785,59.14305339773902,162.37536491573744,153.80799942016603,145.24063392459462,0.11140337990051416,3.4164418344613394,75.05230532910365,67535470.0,0.6810080687970336,825936100,2497354038.9627223,-0.003980318976947728,-0.010233581713364304,0.03316074238175504,-0.6300048828125,0.014070804163682107,0.024979159021651043,0.05218823286614982,buy,none,Hold,Uptrend,1.0,Hold,"MACD above signal, trend up",,
2023-03-29,158.3282928466797,160.77000427246094,161.0500030517578,159.35000610351562,159.3699951171875,51305700,157.19063274380608,154.2496496105877,2.940983133218367,2.597880812538821,0.34310232067954605,2.940983133218367,154.58099975585938,150.32719970703124,157.19063274380608,154.2496496105877,64.1385139729872,162.72104451271412,154.58099975585938,146.44095499900465,0.10531753281077078,3.4152680716622035,71.53014963393566,67326805.0,0.7620397254852654,877241800,2531759081.1282177,0.019790742129842442,0.018627652583780074,0.050852987123034765,3.1200103759765625,0.013873912156958192,0.04003729129955347,0.06946716619335302,buy,none,Hold,Uptrend,3.0,Buy,"MACD above signal, trend up",160.77000427246094,
2023-03-30,159.89413452148438,162.36000061035156,162.47000122070312,161.27000427246094,161.52999877929688,49501700,157.98592010789,154.85041635131094,3.1355037565790553,2.7054054013468685,0.43009835523218687,3.1355037565790553,155.40349960327148,150.87019958496094,157.98592010789,154.85041635131094,66.39356728213717,163.18936120330645,155.40349960327148,147.61763800323652,0.10020188245324507,3.2927487057036307,82.26513796336911,67189985.0,0.7367422391893673,926743500,2572185396.02592,0.009889881791605992,0.021581879397475134,0.041770896707646,1.589996337890625,0.0139111561448864,0.044764120659053885,0.07615686236910069,buy,none,Hold,Uptrend,3.0,Buy,"MACD above signal, trend up",162.36000061035156,
2023-03-31,162.3955535888672,164.89999389648438,165.0,161.91000366210938,162.44000244140625,68749800,159.04962376767375,155.59482950280528,3.454794264868468,2.8552831740511886,0.5995110908172796,3.454794264868468,156.09699935913085,151.4627993774414,159.04962376767375,155.59482950280528,69.67422940492429,164.63556200691502,156.09699935913085,147.55843671134667,0.10940072753275144,3.2782663937169874,96.24975613115608,67090860.0,1.0247267660602353,995493300,2636485093.91339,0.015644205941022005,0.029017122598966383,0.06387092836441521,2.5399932861328125,0.01231868145717748,0.05639438665377905,0.08871613738999917,buy,none,Hold,Uptrend,3.0,Buy,"MACD above signal, trend up",164.89999389648438,
2023-04-03,163.64627075195312,166.1699981689453,166.2899932861328,164.22000122070312,164.27000427246094,56976200,160.145065983254,156.3781753299268,3.7668906533272093,3.0376046699063926,0.7292859834208167,3.7668906533272093,156.7139991760254,152.02879943847657,160.145065983254,156.3781753299268,71.18869468312343,166.23500240257604,156.7139991760254,147.19299594947475,0.12150801174892358,3.1919610845536086,100.0,65561770.0,0.869046091952673,1052469500,2686855601.1572886,0.00770166355044366,0.049848366505550246,0.05571794544178066,1.2700042724609375,0.01189863711191206,0.060339210553223666,0.09301657832397381,buy,none,Hold,Uptrend,1.0,Hold,"MACD above signal, RSI overbought, trend up",,
2023-04-04,163.114501953125,165.6300048828125,166.83999633789062,165.11000061035156,166.60000610351562,46278300,160.98890273703222,157.06349603754794,3.9254066994842844,3.215165075821971,0.7102416236623132,3.9254066994842844,157.41549911499024,152.51919952392578,160.98890273703222,157.06349603754794,69.59719314786057,167.38292307035974,157.41549911499024,147.44807515962074,0.12663840614688657,3.087534987623998,95.59591308436211,65066585.0,0.7112452574543446,1006191200,2668398079.3698006,-0.003249643690696802,0.05061853025866858,0.03986693967969179,-0.5399932861328125,0.011228716047153607,0.05218358937973222,0.08596167170960012,buy,none,Hold,Uptrend,3.0,Buy,"MACD above signal, trend up",165.6300048828125,
2023-04-05,161.27285766601562,163.75999450683594,165.0500030517578,161.8000030517578,164.74000549316406,51511700,161.41522454777126,157.5595329611989,3.8556915865723624,3.3432703779720496,0.5124212086003128,3.8556915865723624,157.95999908447266,152.94379943847656,161.41522454777126,157.5595329611989,64.24108612163393,168.06355402694865,157.95999908447266,147.85644414199666,0.1279254874782937,3.1405683335833325,76.37012455530753,65281930.0,0.7890652129923242,954679500,2679017143.576907,-0.011290287513422759,0.018597935901698337,0.03757202437423057,-1.8700103759765625,0.011721250964144551,0.03671812772841054,0.0707200625855402,buy,none,Hold,Uptrend,3.0,Buy,"MACD above signal, trend up",163.75999450683594,
2023-04-06,162.15921020507812,164.66000366210938,164.9600067138672,162.0,162.42999267578125,45390100,161.9144213345925,158.08549375385894,3.8289275807335628,3.4404018185243523,0.3885257622092104,3.8289275807335628,158.6634994506836,153.39979949951172,161.9144213345925,158.08549375385894,65.61273438896276,168.5739381688101,158.6634994506836,148.7530607325571,0.12492399011036437,3.1276710750321794,60.94003339326962,64859755.0,0.6998191713798487,1000069600,2715206474.905811,0.005495903672834368,0.014166069494404576,0.03605367929524417,0.9000091552734375,0.010891670273089602,0.03779384818932252,0.07340429517727953,buy,none,Hold,Uptrend,3.0,Buy,"MACD above signal, trend up",164.66000366210938,
2023-04-10,159.56915283203125,162.02999877929688,162.02999877929688,160.0800018310547,161.4199981689453,47716900,161.93220247993162,158.37767931129878,3.5545231686328407,3.46322608854605,0.0912970800867905,3.5545231686328407,159.33999938964843,153.76119934082033,161.93220247993162,158.37767931129878,58.54554682725732,168.17139261185096,159.33999938964843,150.5086061674459,0.11084967059157991,3.231408986176644,32.010786975574156,63816980.0,0.7477147931475291,952352700,2762923374.905811,-0.01597233586979263,-0.017404458601673056,0.011107636688280076,-2.6300048828125,0.011086256320570012,0.016882135056812464,0.053776892180375624,buy,none,Hold,Uptrend,1.0,Hold,"MACD above signal, trend up",,
2023-04-11,158.3578338623047,160.8000030517578,162.36000061035156,160.50999450683594,162.35000610351562,47644200,161.75801795252025,158.55711069948094,3.200907253039304,3.410762321444701,-0.20985506840539703,3.200907253039304,159.85649948120118,154.05859954833986,161.75801795252025,158.55711069948094,55.532950381975766,167.70617243630733,159.85649948120118,152.00682652609504,0.09820899344826764,3.132737351700857,17.903242171295418,61976335.0,0.7687482649627475,904708500,2730216666.2899847,-0.007591160506113748,-0.032316273553351205,0.015921179504017946,-1.2299957275390625,0.011191585727003588,0.005902190862546508,0.0437586965166632,sell,bearish,Sell,Uptrend,-3.0,Sell,"bearish MACD crossover, trend up",,160.8000030517578
2023-04-12,157.66848754882812,160.10000610351562,162.05999755859375,159.77999877929688,161.22000122070312,50133100,161.50293920651953,158.67139924792795,2.831539958591577,3.2949178488740767,-0.46337789028249965,2.831539958591577,160.23199996948242,154.40059967041014,161.50293920651953,158.67139924792795,53.83513628017362,167.33867349118023,160.23199996948242,153.1253264477846,0.08870479708237235,3.071827453672001,0.0,60798195.0,0.8245820455689515,854575400,2694156345.040102,-0.004353214769634461,-0.03338766296124607,0.015540832869552546,-0.6999969482421875,0.011021670158855275,-0.0008237672000095397,0.036913110734489774,sell,none,Hold,Uptrend,-1.0,Hold,"MACD below signal, trend up",,
2023-04-13,163.0455322265625,165.55999755859375,165.8000030517578,161.4199981689453,161.6300048828125,68445600,162.12710202991556,159.18166578945875,2.9454362404568144,3.2250215271906244,-0.27958528673381,2.9454362404568144,160.8604995727539,154.82599975585939,162.12710202991556,159.18166578945875,63.26836127176405,167.5022596107003,160.8604995727539,154.2187395348075,0.08257788649900924,3.2595538461413005,18.119674694474444,60362080.0,1.1339171877443588,923021000,2755100894.049327,0.03410363052421039,0.010991714167911004,0.029794073265154042,5.459991455078125,0.01309808445001729,0.029214741955431833,0.06932942670908315,sell,none,Hold,Uptrend,1.0,Hold,"MACD below signal, trend up",,
2023-04-14,162.7008819580078,165.2100067138672,166.32000732421875,163.82000732421875,164.58999633789062,49386500,162.60139505821581,159.62820956163716,2.973185496578651,3.17465432106823,-0.20146882448957903,2.973185496578651,161.3284996032715,155.22160003662108,162.60139505821581,159.62820956163716,62.38832341599253,167.80920279046245,161.3284996032715,154.84779641608054,0.08034170283772397,3.2052999999883505,34.548941317518576,59023350.0,0.8367281762217834,873634500,2760632157.934825,-0.0021139819394035975,0.0033402346624893386,0.017553622153250403,-0.3499908447265625,0.012692691787630654,0.024059649225901536,0.0643493345957622,sell,none,Hold,Uptrend,1.0,Hold,"MACD below signal, trend up",,
2023-04-17,162.72056579589844,165.22999572753906,165.38999938964844,164.02999877929688,165.08999633789062,41516200,163.00579516118864,160.0431566850373,2.9626384761513407,3.1322511520848524,-0.1696126759335117,2.9626384761513407,161.83999938964843,155.5097998046875,163.00579516118864,160.0431566850373,62.4204737458934,167.8389441827288,161.83999938964843,155.84105459656806,0.07413426613574335,3.07349290072858,51.03996343983715,56151930.0,0.7393548182582504,915150700,2792379621.088232,0.0001209915432451858,0.019749410432329473,0.002001224034379634,0.019989013671875,0.01255784322563472,0.020946591390728075,0.0625053593732332,sell,none,Hold,Uptrend,1.0,Hold,"MACD below signal, trend up",,
2023-04-18,163.94171142578125,166.47000122070312,167.41000366210938,165.64999389648438,166.10000610351562,49923000,163.53874993957547,160.51921924323477,3.019530696340695,3.1097070609360213,-0.09017636459532641,3.019530696340695,162.2934997558594,155.74919982910157,163.53874993957547,160.51921924323477,64.45055089650197,168.25247130614062,162.2934997558594,156.33452820557815,0.07343450673311509,3.0096725460029896,53.310755395560705,54966010.0,0.908252208956044,965073700,2788975937.5676327,0.0075047238711354325,0.035261181973487155,0.0018053984176662485,1.2400054931640625,0.012273082780544986,0.025734249807456866,0.06883374940844078,sell,none,Hold,Uptrend,1.0,Hold,"MACD below signal, trend up",,
2023-04-19,165.08412170410156,167.6300048828125,168.16000366210938,165.5399932861328,165.8000030517578,47720200,164.16817377699653,161.04594410542572,3.122229671570807,3.1122115830629786,0.01001808850782826,3.122229671570807,162.71100006103515,156.06720001220702,164.16817377699653,161.04594410542572,66.2853973322256,168.93125212060835,162.71100006103515,156.49074800146195,0.07645767105161784,2.981839533858245,60.796393836858975,53655105.0,0.8893878783761583,1012793900,2817389612.692993,0.006968244450070493,0.047033094892127814,0.01207510681059909,1.160003662109375,0.012129177323731182,0.030231544394246024,0.07408862893485035,buy,bullish,Buy,Uptrend,5.0,Strong Buy,"bullish MACD crossover, trend up",167.6300048828125,
2023-04-20,164.11898803710938,166.64999389648438,167.8699951171875,165.55999755859375,166.08999633789062,52456400,164.54999225691773,161.4610589047634,3.088933352154328,3.1075559368812486,-0.0186225847269208,3.088933352154328,163.15199966430663,156.30720001220703,164.54999225691773,161.4610589047634,63.31228640872004,169.17295630152046,163.15199966430663,157.1310430270928,0.07380794166914591,2.9338508213393526,62.50941937724813,52492835.0,0.9993059052725958,960337500,2814437406.917106,-0.0058462742813449875,0.006583693850954919,0.017647774099844638,-0.980010986328125,0.011984380308840489,0.021440094141506272,0.06616965746600023,sell,bearish,Sell,Uptrend,-1.0,Hold,"bearish MACD crossover, trend up",,
2023-04-21,162.51376342773438,165.02000427246094,166.4499969482422,164.49000549316406,165.0500030517578,58337300,164.62230179777052,161.7246844875558,2.897617310214713,3.0655682115479417,-0.16795090133322876,2.897617310214713,163.4565002441406,156.56920013427734,164.62230179777052,161.7246844875558,58.60403799482393,169.2022687789598,163.4565002441406,157.71073170932144,0.07030333484734137,2.8785749343379927,51.27922906906668,52028595.0,1.121254571644689,902000200,2787649936.0833187,-0.00978091619394783,-0.0011500661805269319,0.0021863269910420424,-1.6299896240234375,0.01225909086999596,0.009565260641118956,0.053974882230579224,sell,none,Hold,Uptrend,-1.0,Hold,"MACD below signal, trend up",,
2023-04-24,162.8190460205078,165.3300018310547,165.60000610351562,163.88999938964844,165.0,41949600,164.73117872596808,161.9917450315187,2.7394336944493887,3.0003413081282315,-0.26090761367884285,2.7394336944493887,163.71050033569335,156.85840026855467,164.73117872596808,161.9917450315187,59.225082296683595,169.31420132216488,163.71050033569335,158.10679934922183,0.06845866300550012,2.795105775732935,38.7628913823945,51166250.0,0.8198685657049325,943949800,2816352136.3670774,0.001878545331279513,0.000605253925446636,0.0203666177659656,0.30999755859375,0.012167692139665719,0.009892471723197405,0.05400795588885221,sell,none,Hold,Uptrend,1.0,Hold,"MACD below signal, trend up",,
2023-04-25,161.28274536132812,163.77000427246094,166.30999755859375,163.72999572753906,165.19000244140625,48714100,164.58330573312082,162.12346793825515,2.4598377948656776,2.892240605475721,-0.43240281061004326,2.4598377948656776,163.98500061035156,157.1136004638672,164.58330573312082,162.12346793825515,54.77187854048203,169.005229873595,163.98500061035156,158.96477134710813,0.061227907973999594,2.7797412082559174,23.06680253916339,50982440.0,0.9555074256940232,895235700,2769148872.704261,-0.0094356592349637,-0.016219120132416998,0.018470156494631018,-1.55999755859375,0.012011346408098578,-0.0013110731901723183,0.04236682113414236,sell,none,Hold,Uptrend,-1.0,Hold,"MACD below signal, trend up",,
2023-04-26,161.27285766601562,163.75999450683594,165.27999877929688,162.8000030517578,163.05999755859375,45498800,164.45664246753853,162.24469212852037,2.211950339018159,2.7561825521842085,-0.5442322131660493,2.211950339018159,164.29050064086914,157.3118002319336,164.45664246753853,162.24469212852037,54.743435002736604,168.3908718822711,164.29050064086914,160.19012939946717,0.04991610866613865,2.758330816776142,16.33833256320233,50957770.0,0.8928726669161543,849736900,2758874697.272184,-6.112087295517821e-05,-0.023086620910630073,0.02286063874946942,-0.010009765625,0.011944305021705926,-0.003229073695458884,0.04098989564289135,sell,none,Hold,Uptrend,-1.0,Hold,"MACD below signal, trend up",,
2023-04-27,165.85227966308594,168.41000366210938,168.55999755859375,165.19000244140625,165.19000244140625,64902300,165.06485188208788,162.7013818717492,2.3634700103386876,2.6776400438151047,-0.31417003347641703,2.3634700103386876,164.67250061035156,157.61600036621093,165.06485188208788,162.7013818717492,64.07641318837278,168.8131081144486,164.67250061035156,160.53189310625453,0.05028899772275334,2.904164547846261,32.35894101748855,51637600.0,1.2568806451113141,914639200,2817999571.175542,0.02839526936524983,0.010561115092018847,0.017214340091464164,4.6500091552734375,0.012747905410393246,0.022696582841123636,0.06848291588937205,sell,none,Hold,Uptrend,1.0,Hold,"MACD below signal, trend up",,
2023-04-28,167.1029815673828,169.67999267578125,169.85000610351562,167.8800048828125,168.49000549316406,55275900,165.77487354265608,163.21831600538118,2.556557537274898,2.6534235425070634,-0.09686600523216526,2.556557537274898,165.03850021362305,157.90300018310546,165.77487354265608,163.21831600538118,66.13076531459728,169.57218213582203,165.03850021362305,160.50481829142407,0.05494090065446133,2.8374385959074653,62.770316132773516,51926310.0,1.064506605610913,969915100,2863734720.508648,0.007541054486406518,0.028238930327660894,0.02705638750838979,1.269989013671875,0.012685945404910007,0.02812369511447521,0.07458371581932655,sell,none,Hold,Uptrend,1.0,Hold,"MACD below signal, trend up",,
2023-05-01,167.01431274414062,169.58999633789062,170.4499969482422,168.63999938964844,169.27999877929688,52472900,166.3618155111537,163.69029232630783,2.6715231848458814,2.657043470974827,0.0144797138710544,2.6715231848458814,165.27300033569335,158.22059997558594,166.3618155111537,163.69029232630783,65.84341142874894,170.2200901000434,165.27300033569335,160.32591057134331,0.059865673816071406,2.7640499503850573,92.48850538627757,51112465.0,1.0266165014737598,917442200,2866343767.5850263,-0.0005303886243240852,0.02576661501031796,0.02638746428064498,-0.089996337890625,0.01229900054915736,0.02612039470106331,0.07185787668646837,buy,bullish,Buy,Uptrend,5.0,Strong Buy,"bullish MACD crossover, trend up",169.58999633789062,
2023-05-02,165.9803009033203,168.5399932861328,170.35000610351562,167.5399932861328,170.08999633789062,48425700,166.69691978422742,164.049529434443,2.6473903497844162,2.6551128467367446,-0.007722496952328406,2.6473903497844162,165.39150009155273,158.54039978027345,166.69691978422742,164.049529434443,62.43470204413926,170.52874214668842,165.39150009155273,160.25425803641704,0.062122201591882996,2.7673330123134683,87.28180614434878,50684940.0,0.9554258128745935,869016500,2852384600.7626953,-0.006191420923589042,0.029126145748498145,0.012434625159192025,-1.0500030517578125,0.01232108564334099,0.019036608246719045,0.06307284149477455,sell,bearish,Sell,Uptrend,-1.0,Hold,"bearish MACD crossover, trend up",,
2023-05-03,164.90679931640625,167.4499969482422,170.9199981689453,167.16000366210938,169.5,65136000,166.81277780946047,164.30141591694667,2.511361892513804,2.6263626558921565,-0.1150007633783523,2.511361892513804,165.4824996948242,158.9197998046875,166.81277780946047,164.30141591694667,59.01893546592415,170.69730910424482,165.4824996948242,160.2676902854036,0.0630255092718268,2.8382374047793593,66.71017167678525,51627825.0,1.2616452465313037,803880500,2797295957.295374,-0.006467285993302041,0.022532990749778214,-0.0010738407762748148,-1.089996337890625,0.012397238136211845,0.011889458142379628,0.053676113071110754,sell,none,Hold,Uptrend,1.0,Hold,"MACD below signal, trend up",,
2023-05-04,163.27207946777344,165.7899932861328,167.0399932861328,164.30999755859375,164.88999938964844,81235400,166.65542634433314,164.41168090725677,2.2437454370763703,2.549839212128999,-0.3060937750526289,2.2437454370763703,165.58399963378906,159.25739959716796,166.65542634433314,164.41168090725677,54.15929813476672,170.73943694437216,165.58399963378906,160.42856232320597,0.06226975217394227,2.859791832270008,34.56017605722572,53114010.0,1.5294533400886132,722645100,2804139848.9309735,-0.009913429037699317,-0.015557332219012565,-0.005160519903083527,-1.660003662109375,0.012331273214327,0.0012440432215632402,0.041019090513148226,sell,none,Hold,Uptrend,-2.0,Sell,"MACD below signal, trend up, volume spike",,165.7899932861328
2023-05-05,170.9338836669922,173.57000732421875,174.3000030517578,170.75999450683594,170.97999572753906,113453200,167.71920803354632,165.09007545666137,2.629132576884956,2.5656978850801906,0.06343469180476546,2.629132576884956,166.02949981689454,159.74079986572266,167.71920803354632,165.09007545666137,67.61732140854915,172.22378446210976,166.02949981689454,159.83521517167932,0.07461667537451573,3.2633788275096505,45.68103280053141,56517165.0,2.007411376702989,836098300,2870802002.963336,0.04692692172716728,0.022925594155761342,0.051811918739506746,7.7800140380859375,0.01608902490820256,0.04541667303485375,0.08657279461553258,buy,bullish,Buy,Uptrend,6.0,Strong Buy,"bullish MACD crossover, trend up, volume spike",173.57000732421875,
2023-05-08,170.86492919921875,173.5,173.85000610351562,172.11000061035156,172.47999572753906,55962800,168.60856064376998,165.713032830242,2.8955278135279627,2.6316638707697453,0.26386394275821745,2.8955278135279627,166.60299987792968,160.27659973144532,168.60856064376998,165.713032830242,67.42549784280259,173.3123982021557,166.60299987792968,159.89360155370366,0.08054354758488147,3.154566446484966,66.191550913919,56929460.0,0.9830200391853356,780135500,2904250711.316181,-0.0004033376808469935,0.02305562678543316,0.04941630725495294,-0.07000732421875,0.015500920285051761,0.041397814727968774,0.08250362367751385,buy,none,Hold,Uptrend,3.0,Buy,"MACD above signal, trend up",173.5,
2023-05-09,169.1612548828125,171.77000427246094,173.5399932861328,171.60000610351562,173.0500030517578,45326900,169.0949365866455,166.16169738151748,2.933239205128018,2.6919789376414,0.24126026748661822,2.933239205128018,167.15149993896483,160.75359985351562,169.0949365866455,166.16169738151748,62.69240358749176,173.66435254400773,167.15149993896483,160.63864733392194,0.07792754007497456,3.0678107847801246,87.32666434311624,56813595.0,0.7978178462390912,734808600,2866867667.9282355,-0.009971156931060876,0.019164655957025545,0.048848994268147816,-1.7299957275390625,0.015599672492806289,0.027630648454740392,0.06852975254665439,buy,none,Hold,Uptrend,3.0,Buy,"MACD above signal, trend up",171.77000427246094,
2023-05-10,170.92404174804688,173.55999755859375,174.02999877929688,171.89999389648438,173.02000427246094,53724500,169.7818690438683,166.70971961685646,3.0721494270118512,2.7680130355154904,0.30413639149636085,3.0721494270118512,167.82449951171876,161.27659973144532,169.7818690438683,166.70971961685646,65.39886818813612,174.05944864071643,167.82449951171876,161.5895503827211,0.07430320539775898,3.010109622069826,81.83191677313,56993165.0,0.9426481228056031,788533100,2896882756.944798,0.010420872338650744,0.03648850834103112,0.059843694311730866,1.7899932861328125,0.015562038961180675,0.0341755706917779,0.07616354664968461,buy,none,Hold,Uptrend,3.0,Buy,"MACD above signal, trend up",173.55999755859375,
2023-05-11,171.11114501953125,173.75,174.58999633789062,172.1699981689453,173.85000610351562,49514700,170.39235072942702,167.2312218674597,3.1611288619673132,2.8466362008058548,0.31449266116145846,3.1611288619673132,168.23399963378907,161.84539978027342,170.39235072942702,167.2312218674597,65.68344611597735,174.88234879951958,168.23399963378907,161.58565046805856,0.07903692690184626,2.9679588039895033,77.51713816761982,56046620.0,0.8834555946460286,838047800,2912023739.4722104,0.0010947363682816125,0.0480125884324587,0.03170830842450756,0.19000244140625,0.013878189884871538,0.03278766704838576,0.07355538208616763,buy,none,Hold,Uptrend,3.0,Buy,"MACD above signal, trend up",173.75,
2023-05-12,170.18414306640625,172.57000732421875,174.05999755859375,171.0,173.6199951171875,45533100,170.72737482093345,167.62668745684928,3.100687364084166,2.8974464334615173,0.2032409306226488,3.100687364084166,168.60199966430665,162.37859985351562,170.72737482093345,167.62668745684928,62.25879427039387,175.35404649782103,168.60199966430665,161.84995283079226,0.0800945047740594,2.9745330007469493,76.44315845981086,55853950.0,0.8152171869670811,792514700,2913214402.563863,-0.006791324752697836,-0.005761364047949025,0.017032147413865273,-1.17999267578125,0.01399903894802563,0.023534760369465113,0.06276324269267608,buy,none,Hold,Uptrend,1.0,Hold,"MACD above signal, trend up",,
2023-05-15,169.69107055664062,172.07000732421875,173.2100067138672,171.47000122070312,173.16000366210938,37266700,170.93393366759273,167.95582226183961,2.9781114057531113,2.9135794279198364,0.06453197783327491,2.9781114057531113,168.94400024414062,162.79940002441407,170.93393366759273,167.95582226183961,60.81194019230667,175.67108075291048,168.94400024414062,162.21691973537077,0.07963680863538887,2.886352464491029,65.08208434435429,55641475.0,0.6697647752867802,755248000,2901649055.2845664,-0.002897374855299284,-0.008242032713436598,0.01462356884180216,-0.5,0.014039670408845746,0.018503214530026124,0.056944972146177664,buy,none,Hold,Uptrend,1.0,Hold,"MACD above signal, trend up",,
2023-05-16,169.69107055664062,172.07000732421875,173.13999938964844,171.8000030517578,171.99000549316406,42110300,171.10871423015055,168.26057671090473,2.8481375192458245,2.900491046185034,-0.052353526939209694,2.8481375192458245,169.2240005493164,163.16420013427734,171.10871423015055,168.26057671090473,60.81194019230667,175.9819781541345,169.2240005493164,162.4660229444983,0.07987020260578999,2.775898455448143,53.01615701716934,55250840.0,0.7621657878866638,797358300,2876508892.5798817,0.0,0.0017465392344169217,0.02094466701498554,0.0,0.013988431670749013,0.01681798542561319,0.0545818701811569,sell,bearish,Sell,Uptrend,-1.0,Hold,"bearish MACD crossover, trend up",,
2023-05-17,170.30250549316406,172.69000244140625,172.92999267578125,170.4199981689453,171.7100067138672,57951600,171.35198933957452,168.5886823205715,2.7633070190030082,2.873054240748629,-0.10974722174562057,2.7633070190030082,169.47700042724608,163.58600006103515,171.35198933957452,168.5886823205715,62.07926632406035,176.35513207330527,169.47700042724608,162.5988687811869,0.08116890939442684,2.7569053162615567,52.57149551257512,55762410.0,1.0392592429200962,855309900,2923378541.5807633,0.0036031562201266354,-0.005012647668964143,0.03129295663578735,0.6199951171875,0.013942484415059304,0.018958336565199296,0.055652698745457085,sell,none,Hold,Uptrend,-1.0,Hold,"MACD below signal, trend up",,
2023-05-18,172.6298828125,175.0500030517578,175.24000549316406,172.5800018310547,173.0,65496700,171.92091452606425,169.06729867102976,2.853615855034491,2.869166563605801,-0.015550708571310246,2.853615855034491,169.89700088500976,164.02960021972658,171.92091452606425,169.06729867102976,66.5179590405744,177.0535623406254,169.89700088500976,162.74043942939412,0.08424588330972801,2.7499837695364007,66.70437553561094,56414425.0,1.1609920689610858,920806600,2979518462.8053656,0.013666110237923634,0.0074820319525630286,0.05585385210579852,2.3600006103515625,0.014077621774351729,0.030330153798510784,0.0671854519993269,sell,none,Hold,Uptrend,1.0,Hold,"MACD below signal, trend up",,
2023-05-19,172.73837280273438,175.16000366210938,176.38999938964844,174.94000244140625,176.38999938964844,55809500,172.41923593160965,169.51861015185048,2.9006257797591672,2.8754584068364744,0.025167372922692888,2.9006257797591672,170.40400085449218,164.52100036621093,172.41923593160965,169.51861015185048,66.71353420248926,177.54339833932048,170.40400085449218,163.2646033696639,0.08379377771681099,2.6571275680153854,81.32166340452474,56288035.0,0.9914984596637634,976616100,2940644388.9684563,0.0006283953638037687,0.015008380529442977,0.00916054773749364,0.1100006103515625,0.013786999950219514,0.027910159290674974,0.06466653662582189,buy,bullish,Buy,Uptrend,5.0,Strong Buy,"bullish MACD crossover, trend up",175.16000366210938,
2023-05-22,171.79164123535156,174.1999969482422,174.7100067138672,173.4499969482422,173.97999572753906,43570900,172.69319916493774,169.86537954417577,2.8278196207619715,2.865930649621574,-0.03811102885960249,2.8278196207619715,170.84750061035157,165.03500030517577,172.69319916493774,169.86537954417577,63.241622759960606,177.76971502218305,170.84750061035157,163.9252861985201,0.08103383879895124,2.5894760784333712,84.20063112079316,56369100.0,0.7729571697969277,933045200,2948943206.000039,-0.005480741572254533,0.012378622266285166,0.004034564543182739,-0.9600067138671875,0.013918185314193131,0.019622741485323614,0.05553365423164114,sell,bearish,Sell,Uptrend,-1.0,Hold,"bearish MACD crossover, trend up",,
2023-05-23,169.1881103515625,171.55999755859375,173.3800048828125,171.27999877929688,173.1300048828125,50747300,172.5188604562694,169.99090680450303,2.5279536517663814,2.7983352500505356,-0.2703815982841542,2.5279536517663814,171.23700027465821,165.45680023193358,172.5188604562694,169.99090680450303,54.79623406695699,177.35202700453175,171.23700027465821,165.12197354478468,0.07142179225360458,2.6130847991842243,55.16782609151248,56470760.0,0.8986473707809138,882297900,2911728421.0044713,-0.015154991021227304,-0.002963966664242812,-0.001222604113894521,-2.6399993896484375,0.01423592367109385,0.001886258714048017,0.03688695368280315,sell,none,Hold,Uptrend,-1.0,Hold,"MACD below signal, trend up",,
2023-05-24,169.46424865722656,171.83999633789062,172.4199981689453,170.52000427246094,171.08999633789062,45143500,172.41441982267267,170.12787639956878,2.2865434231038932,2.6959768846612073,-0.4094334615573141,2.2865434231038932,171.64100036621093,165.8418002319336,172.41441982267267,170.12787639956878,55.475365751414536,176.70383409952817,171.64100036621093,166.5781666328937,0.05899329090969221,2.5621497347056637,25.838689830258538,56452995.0,0.799665279052068,927441400,2929310450.719051,0.00163207497832496,-0.004922150046318019,-0.00991012471132613,0.279998779296875,0.01422541848629347,0.0011593731757280068,0.03616818014257195,sell,none,Hold,Uptrend,-1.0,Hold,"MACD below signal, trend up",,
2023-05-25,170.59837341308594,172.99000549316406,173.89999389648438,171.69000244140625,172.41000366210938,56058300,172.5029714642867,170.3398859620573,2.163085502229393,2.589398608174845,-0.4263131059454519,2.163085502229393,171.87000045776367,166.24180023193358,172.5029714642867,170.3398859620573,58.2497601155417,176.7381229161265,171.87000045776367,167.00187799940082,0.05664889096871991,2.536995571875125,12.458392077771482,56010795.0,1.0008481400772833,983499700,2939203501.715364,0.0066923253013353445,-0.01176805211471299,-0.004374069104091771,1.1500091552734375,0.01291384475883908,0.006516582489191514,0.040592710448368985,sell,none,Hold,Uptrend,-1.0,Hold,"MACD below signal, trend up",,
2023-05-26,173.0045928955078,175.42999267578125,175.77000427246094,173.11000061035156,173.32000732421875,54835000,172.95328241990126,170.7169309038146,2.2363515160866427,2.5187891897572046,-0.28243767367056183,2.2363515160866427,172.15750045776366,166.6333999633789,172.95328241990126,170.7169309038146,63.45317460409395,177.15184459599215,172.15750045776366,167.16315631953518,0.05802063953006537,2.554352943833822,35.09473655218927,55988750.0,0.9793931816659597,1038334700,2980020072.966927,0.014104787011603337,0.0015413850652383765,0.01657289928828276,2.4399871826171875,0.013158667291790006,0.019008711263326372,0.05279009318861383,sell,none,Hold,Uptrend,1.0,Hold,"MACD below signal, trend up",,
2023-05-30,174.84877014160156,177.3000030517578,178.99000549316406,176.57000732421875,176.9600067138672,55964400,173.62200867095612,171.20456587773631,2.4174427932198057,2.498519910449725,-0.08107711722991917,2.4174427932198057,172.54300079345703,167.07940002441407,173.62200867095612,171.20456587773631,66.86194404864574,177.86462483509254,172.54300079345703,167.2213767518215,0.0616846121507505,2.626185791944464,66.66240662997221,56163325.0,0.9964580978779302,1094299100,2957819147.18649,0.010659581907596527,0.01779567254778258,0.030394580722511222,1.8700103759765625,0.01329387584920919,0.02756995204920054,0.06117213148868306,sell,none,Hold,Uptrend,1.0,Hold,"MACD below signal, trend up",,
2023-05-31,174.7994384765625,177.25,179.35000610351562,176.75999450683594,177.3300018310547,99625300,174.18016118311672,171.6523758127188,2.527785370397936,2.504373002439367,0.023412367958568936,2.527785370397936,172.9785011291504,167.47640014648437,174.18016118311672,171.6523758127188,66.68284253661963,178.34388972237434,172.9785011291504,167.61311253592646,0.062035322981761724,2.623601920854123,90.3858029956906,58723305.0,1.6965206573437923,994673800,2895890160.4545074,-0.0002820251037627397,0.03316625391920347,0.030103983583966265,-0.0500030517578125,0.013160024865183459,0.024693813641386564,0.05835807221176892,buy,bullish,Buy,Uptrend,4.0,Buy,"bullish MACD crossover, trend up, volume spike",177.25,
2023-06-01,177.60018920898438,180.08999633789062,180.1199951171875,176.92999267578125,177.6999969482422,68901800,175.0893665915435,172.2773847405093,2.8119818510342043,2.5658947721583347,0.24608707887586956,2.8119818510342043,173.61050109863282,167.89260009765624,175.0893665915435,172.2773847405093,71.37313565965727,179.19543619545516,173.61050109863282,168.0255660018105,0.06433867838039799,2.6640591008935606,99.50520521296048,58911595.0,1.169579604829915,1063575600,2963496055.5583053,0.016022546335066945,0.04800977755945679,0.042851316184300714,2.839996337890625,0.01330422753805074,0.03732202371546989,0.07264999310952147,buy,none,Hold,Uptrend,1.0,Hold,"MACD above signal, RSI overbought, trend up",,
2023-06-02,178.4482879638672,180.9499969482422,181.77999877929688,179.25999450683594,181.02999877929688,61996900,175.99100203103558,172.9198004596006,3.071201571434983,2.6669561320136643,0.40424543942131885,3.071201571434983,174.36850128173828,168.355,175.99100203103558,172.9198004596006,72.62967934470063,179.60632662261963,174.36850128173828,169.13067594085692,0.06007765510834173,2.6537694702912304,99.50520521296048,57949670.0,1.0698404322233415,1125572500,2984653706.925236,0.004775393568990927,0.04601416961856031,0.033704620357760895,0.8600006103515625,0.012911177387830762,0.0377447510193929,0.07481213476429094,buy,none,Hold,Uptrend,1.0,Hold,"MACD above signal, RSI overbought, trend up",,
2023-06-05,177.0972442626953,179.5800018310547,184.9499969482422,178.0399932861328,182.6300048828125,121946500,176.54315584642313,173.41314870933792,3.130007137085215,2.7595663330279745,0.37044080405724067,3.130007137085215,174.66900100708008,168.76800018310547,176.54315584642313,173.41314870933792,67.54349295720326,180.35917174590006,174.66900100708008,168.9788302682601,0.06515375603011922,2.957786198278241,90.49316923289635,58374335.0,2.0890430700409692,1003626000,2917062793.754545,-0.0075711253953729685,0.023656212327063386,0.025234060724682594,-1.3699951171875,0.008461456341720325,0.02811604117307298,0.06406428728324509,buy,none,Hold,Uptrend,2.0,Buy,"MACD above signal, trend up, volume spike",179.5800018310547,
2023-06-06,176.73236083984375,179.2100067138672,180.1199951171875,177.42999267578125,179.97000122070312,64848400,176.95344059526067,173.8425455985623,3.110894996698363,2.8298320657620524,0.28106293093631063,3.110894996698363,174.95450134277343,169.1472003173828,176.95344059526067,173.8425455985623,66.1952546622567,180.94639880226845,174.95450134277343,168.9626038832784,0.06849663670848466,2.938658787073099,78.46628270549013,58818615.0,1.1025149096081233,938777600,2938036667.051121,-0.002060335858196427,0.01077272210509661,0.02876010248790961,-0.3699951171875,0.008491579006753179,0.024323497471815836,0.05949141562853444,buy,none,Hold,Uptrend,3.0,Buy,"MACD above signal, trend up",179.2100067138672,
2023-06-07,175.361572265625,177.82000732421875,181.2100067138672,177.32000732421875,178.44000244140625,61944600,177.0867585535619,174.13717239305538,2.949586160506527,2.8537828847109474,0.09580327579557979,2.949586160506527,175.25700149536132,169.53800048828126,177.0867585535619,174.13717239305538,61.24890544573784,181.18581506838032,175.25700149536132,169.32818792234232,0.06765850747681453,3.0066116872570516,57.19394165993392,59649500.0,1.0384764331637315,876833000,2892016131.2463083,-0.007756259904993845,0.0032158382184415135,0.03648874944456093,-1.3899993896484375,0.008345160528686833,0.014624270682419782,0.048850445399171605,buy,none,Hold,Uptrend,3.0,Buy,"MACD above signal, trend up",177.82000732421875,
2023-06-08,178.0735321044922,180.57000732421875,180.83999633789062,177.4600067138672,177.89999389648438,50214900,177.62264297981682,174.61367868425265,3.0089642955641693,2.884819166881592,0.12414512868257743,3.0089642955641693,175.60750198364258,169.99640075683592,177.62264297981682,174.61367868425265,66.57101568968505,181.91060199313685,175.60750198364258,169.3044019741483,0.07178622710641817,3.0332815398832222,55.37623855139725,59474020.0,0.8443165604073846,927047900,2934208834.2393875,0.01546507640721173,0.0026653950585211472,0.05080313764184563,2.75,0.008689634546249813,0.028259073698562176,0.062199002568927186,buy,none,Hold,Uptrend,3.0,Buy,"MACD above signal, trend up",180.57000732421875,
2023-06-09,178.4581756591797,180.9600067138672,182.22999572753906,180.6300048828125,181.5,48900000,178.1360835542861,175.08377705681667,3.0523064974694307,2.9183166329991597,0.13398986447027106,3.0523064974694307,175.96800231933594,170.40020080566407,178.1360835542861,175.08377705681667,67.257805113264,182.61999648763728,175.96800231933594,169.3160081510346,0.0756045881140335,2.9351891729858717,57.36230169372859,59443285.0,0.8226328676149038,975947900,2905480311.5847244,0.002159823746078704,5.531785462187244e-05,0.04607203287832751,0.3899993896484375,0.008686945028438137,0.02836881892579579,0.06197061892107891,buy,none,Hold,Uptrend,3.0,Buy,"MACD above signal, trend up",180.9600067138672,
2023-06-12,181.2490234375,183.7899932861328,183.88999938964844,180.97000122070312,181.27000427246094,54274900,179.00591582072406,175.72868196269192,3.277233858032133,2.9901000780057547,0.28713378002637846,3.277233858032133,176.52900161743165,170.82880065917968,179.00591582072406,175.72868196269192,71.7873038200593,183.80344868266087,176.52900161743165,169.25455455220242,0.08241645280466932,2.934817994614113,77.06011893205645,59880375.0,0.9063887792953869,1030222800,2956037523.453666,0.015638740424785524,0.023443542778436965,0.04765434053116557,2.829986572265625,0.008927178079892033,0.04113200438552855,0.07587240896698666,buy,none,Hold,Uptrend,1.0,Hold,"MACD above signal, RSI overbought, trend up",,
2023-06-13,180.77566528320312,183.30999755859375,184.14999389648438,182.44000244140625,182.8000030517578,54929100,179.66808224193477,176.2902608957217,3.377821346213068,3.0676443316472173,0.3101770145658507,3.377821346213068,177.09100112915038,171.19700073242188,179.66808224193477,176.2902608957217,70.01805039506209,184.63249046943088,177.09100112915038,169.5495117888699,0.08517077990632141,2.847330384647257,83.30987684257997,60763495.0,0.9039819055832783,975293700,2957001157.478259,-0.002611653218746124,0.02287813565719432,0.03389731756000858,-0.4799957275390625,0.008917142970218872,0.03511751805450536,0.07075472569232844,buy,none,Hold,Uptrend,1.0,Hold,"MACD above signal, RSI overbought, trend up",,
2023-06-14,181.4068145751953,183.9499969482422,184.38999938964844,182.02000427246094,183.3699951171875,57462900,180.32683835059746,176.85764875146396,3.4691895991335002,3.147953385144474,0.32123621398902635,3.4691895991335002,177.68500061035155,171.55260070800782,180.32683835059746,176.85764875146396,71.04281841421552,185.41997371349333,177.68500061035155,169.95002750720977,0.087063883575676,2.8132350084001314,89.67228148923488,61531125.0,0.933883461418916,1032756600,2993127459.687891,0.003491350161869189,0.03447300287670463,0.037799700695301475,0.6399993896484375,0.008885182965574645,0.035259005072854954,0.07226586008646674,buy,none,Hold,Uptrend,1.0,Hold,"MACD above signal, RSI overbought, trend up",,
2023-06-15,183.43833923339844,186.00999450683594,186.52000427246094,183.77999877929688,183.9600067138672,65433200,181.20117006694184,177.5356002888989,3.6655697780429364,3.2514766637241665,0.41409311431876983,3.6655697780429364,178.35100021362305,171.96020050048827,181.20117006694184,177.5356002888989,74.1101899743761,186.53187366050167,178.35100021362305,170.17012676674443,0.09173902514793678,2.808004328740412,91.24680529646322,61905205.0,1.0569902805426459,1098189800,3034201897.5763907,0.011198682211304156,0.0301267484186869,0.03287244316357274,2.05999755859375,0.009055860439890448,0.0429433772955532,0.08170375450514644,buy,none,Hold,Uptrend,1.0,Hold,"MACD above signal, RSI overbought, trend up",,
2023-06-16,182.3634033203125,184.9199981689453,186.99000549316406,184.27000427246094,186.72999572753906,101256200,181.77329746725007,178.0825927244579,3.690704742792178,3.339322279537769,0.35138246325440914,3.690704742792178,178.84449996948243,172.38340057373046,181.77329746725007,178.0825927244579,69.89150124521151,187.3535276867124,178.84449996948243,170.33547225225246,0.09515559850799916,2.8017183924520346,85.38776222307777,63693180.0,1.5897494833826793,996933600,2981339728.785088,-0.005859880490725833,0.02188324109282136,0.021939769481392535,-1.089996337890625,0.008984038747964239,0.03397084171165221,0.07272508578836634,buy,none,Hold,Uptrend,2.0,Buy,"MACD above signal, trend up, volume spike",184.9199981689453,
2023-06-20,182.45216369628906,185.00999450683594,186.10000610351562,184.41000366210938,184.41000366210938,49799100,182.27125085795558,178.59573359722663,3.6755172607289524,3.406561275776006,0.26895598495294637,3.6755172607289524,179.33699951171874,172.790400390625,182.27125085795558,178.59573359722663,70.04312961947458,188.07318240050918,179.33699951171874,170.6008166229283,0.09742755719763867,2.722310110234478,78.52534593099624,63392660.0,0.7855657106043508,1046732700,2966900345.8405976,0.0004866771511018442,0.006638017657488948,0.030237179086843202,0.089996337890625,0.008985884590859894,0.03163315439961112,0.07071917241111936,buy,none,Hold,Uptrend,1.0,Hold,"MACD above signal, RSI overbought, trend up",,
2023-06-21,181.41668701171875,183.9600067138672,185.41000366210938,182.58999633789062,184.89999389648438,49515700,182.53105945117275,178.99308716142224,3.5379722897505133,3.4328434785709074,0.10512881117960582,3.5379722897505133,179.825,173.2290005493164,182.53105945117275,178.99308716142224,65.87486564172535,188.44851399436067,179.825,171.2014860056393,0.09591006805906496,2.729288482661926,57.181380600231314,63689900.0,0.7774497997327676,997217000,2965495884.5534515,-0.0056753030870986265,0.0035459558340000807,0.026505216349799188,-1.04998779296875,0.008995395752350331,0.02299461539756531,0.06194693804456719,buy,none,Hold,Uptrend,3.0,Buy,"MACD above signal, trend up",183.9600067138672,
2023-06-22,184.41465759277344,187.0,187.0500030517578,183.6699981689453,183.74000549316406,51245300,183.21858876637694,179.5861918161317,3.632396950245237,3.472754172905774,0.1596427773394633,3.632396950245237,180.5970001220703,173.75300048828126,183.21858876637694,179.5861918161317,71.21579640575044,188.88042506503555,180.5970001220703,172.31357517910507,0.09173380440833738,2.775768225529824,60.613632792434224,63714800.0,0.804291938450721,1048462300,3015224961.070299,0.016525294494369236,0.016580609417547354,0.05162519569040058,3.0399932861328125,0.008445763726269467,0.03545463032941698,0.07624040721306669,buy,none,Hold,Uptrend,1.0,Hold,"MACD above signal, RSI overbought, trend up",,
2023-06-23,184.09912109375,186.67999267578125,187.55999755859375,185.00999450683594,185.5500030517578,53117000,183.75111244474684,180.11165854647612,3.639453898270716,3.506094117978763,0.13335978029195328,3.639453898270716,181.33899993896483,174.28460021972657,183.75111244474684,180.11165854647612,69.97427850805933,188.9859869599507,181.33899993896483,173.69201291797896,0.08433913304429497,2.7596421416889663,60.435187393604515,64113475.0,0.8284841837070912,995345300,3031680656.427444,-0.0017112691134693048,0.003601947146558704,0.033837210520747396,-0.32000732421875,0.008535043866295236,0.029453083664374935,0.07112155887799254,buy,none,Hold,Uptrend,3.0,Buy,"MACD above signal, trend up",186.67999267578125,
2023-06-26,182.7085723876953,185.27000427246094,188.0500030517578,185.22999572753906,186.8300018310547,48088700,183.984788110549,180.4937582298824,3.4910298806666162,3.5030812705163337,-0.012051389849717431,3.4910298806666162,181.9529998779297,174.6788003540039,183.984788110549,180.4937582298824,64.62815812458037,188.7440118910042,181.9529998779297,175.1619878648552,0.07464578234632581,2.7639539404410938,57.204023574342834,63714995.0,0.7547469791059389,947256600,2984956462.7517085,-0.007552970101992296,0.0018927433862283571,0.02381740383889741,-1.4099884033203125,0.008901296633753905,0.01823000663224339,0.06063245165980602,sell,bearish,Sell,Uptrend,-1.0,Hold,"bearish MACD crossover, trend up",,
2023-06-27,185.45999145507812,188.05999755859375,188.38999938964844,185.6699981689453,185.88999938964844,50730800,184.61174341024818,181.0542204023795,3.5575230078686673,3.5139696179868007,0.04355338988186652,3.5575230078686673,182.58450012207032,175.13580017089845,184.61174341024818,181.0542204023795,69.58063787465427,189.17781745637143,182.58450012207032,175.99118278776922,0.07222209256418828,2.789385453065837,52.96608884484476,63509785.0,0.7987871475238029,997987400,3023377520.562298,0.015059066345298966,0.016485612357796775,0.02323306180121132,2.7899932861328125,0.00896362910342888,0.029988840415603013,0.07379529128301465,buy,bullish,Buy,Uptrend,5.0,Strong Buy,"bullish MACD crossover, trend up",188.05999755859375,
2023-06-28,186.633544921875,189.25,189.89999389648438,187.60000610351562,187.92999267578125,51216800,185.32532134713307,181.66131518738842,3.6640061597446447,3.5439769263383694,0.12002923340627536,3.6640061597446447,183.18199996948243,175.61620025634767,185.32532134713307,181.66131518738842,71.41876443500009,189.91582541030533,183.18199996948243,176.44817452865954,0.07352060182708708,2.7544284773446166,54.22387557039773,63272405.0,0.8094650424620338,1049204200,3045645812.662184,0.006327780797909854,0.028756213813151854,0.03240413791128649,1.19000244140625,0.00883342538470431,0.03312552560583715,0.07763406635464731,buy,none,Hold,Uptrend,1.0,Hold,"MACD above signal, RSI overbought, trend up",,
2023-06-29,186.96884155273438,189.58999633789062,190.07000732421875,188.94000244140625,189.0800018310547,46347300,185.981425191865,182.24862490224044,3.7328002896245494,3.5817415989956056,0.15105869062894373,3.7328002896245494,183.79899978637695,176.07860015869142,185.981425191865,182.24862490224044,71.94045974071214,190.50693603646175,183.79899978637695,177.09106353629215,0.07299208654977661,2.6383982205923227,71.17148961946104,60608505.0,0.7646996077530703,1095551500,3052617684.24585,0.0017965460390521049,0.013850247796206583,0.030660502762798858,0.339996337890625,0.00880118907870094,0.03150722560103336,0.076735027237961,buy,none,Hold,Uptrend,1.0,Hold,"MACD above signal, RSI overbought, trend up",,
2023-06-30,191.28829956054688,193.97000122070312,194.47999572753906,191.25999450683594,191.6300048828125,85213200,187.2104368886093,183.11687499990433,4.093561888704983,3.684105656937481,0.4094562317675017,4.093561888704983,184.49300003051758,176.60540008544922,187.2104368886093,183.11687499990433,77.6102835345688,192.30378591280686,184.49300003051758,176.6822141482283,0.08467297817258404,2.7992268755249023,82.91099119525845,61424075.0,1.38729317454109,1180764700,3110838183.9757414,0.023102510509079632,0.039050829392214936,0.042793435562273885,4.3800048828125,0.009453505875026713,0.05136780901507332,0.09832429318045866,buy,none,Hold,Uptrend,1.0,Hold,"MACD above signal, RSI overbought, trend up",,
2023-07-03,189.79916381835938,192.4600067138672,193.8800048828125,191.75999450683594,193.77999877929688,31458200,188.01806301557207,183.80895883056823,4.209104185003838,3.7891053625507527,0.4199988224530853,4.209104185003838,185.06850051879883,177.12160034179686,188.01806301557207,183.80895883056823,72.19429951693321,193.42718688576028,185.06850051879883,176.70981415183738,0.09033072990303279,2.75713972112078,78.46622572448342,59897140.0,0.5252037075559868,1149306500,3100154527.5919127,-0.007784680606965799,0.03880823811518086,0.040774435537432874,-1.5099945068359375,0.009793668460153518,0.039939299093837644,0.08659816952009991,buy,none,Hold,Uptrend,1.0,Hold,"MACD above signal, RSI overbought, trend up",,
2023-07-05,188.6847686767578,191.3300018310547,192.97999572753906,190.6199951171875,191.57000732421875,46920300,188.52759206410784,184.36607312690057,4.161518937207262,3.863588077482055,0.29793085972520705,4.161518937207262,185.65600051879883,177.64780029296875,188.52759206410784,184.36607312690057,68.35025943464647,194.04072287251037,185.65600051879883,177.2712781650873,0.09032535797691638,2.7287726417801217,62.31739756504944,56145830.0,0.8356862833802617,1102386200,3081466193.1859384,-0.005871375056598072,0.017388090582326488,0.03416035626110592,-1.1300048828125,0.009702841516995565,0.03056190640970602,0.07701869381732762,buy,none,Hold,Uptrend,3.0,Buy,"MACD above signal, trend up",191.3300018310547,
2023-07-06,189.15814208984375,191.80999755859375,192.02000427246094,189.1999969482422,189.83999633789062,45094300,189.032577524798,184.91747493665562,4.115102588142378,3.91389097961412,0.2012116085282578,4.115102588142378,186.28600006103517,178.17740020751953,189.032577524798,184.91747493665562,69.10282697167125,194.5310070314674,186.28600006103517,178.04099309060294,0.08851987769054911,2.7352894048114527,40.4733715312437,55158125.0,0.8175459191188968,1147480500,3119844123.568165,0.002508732153585047,0.013527067680812355,0.04267226874445873,0.4799957275390625,0.009625493495200293,0.029653315309517092,0.07651137201012381,buy,none,Hold,Uptrend,3.0,Buy,"MACD above signal, trend up",191.80999755859375,
2023-07-07,188.0437774658203,190.67999267578125,192.6699981689453,190.24000549316406,191.41000366210938,46815000,189.28602600956464,185.34432810251678,3.9416979070478533,3.919452365100867,0.022245541946986247,3.9416979070478533,186.9289993286133,178.71559997558595,189.28602600956464,185.34432810251678,65.17387686659109,194.40249752730014,186.9289993286133,179.45550112992643,0.07996082176151556,2.7134824955950094,22.447502811420097,54401645.0,0.8605438309815815,1100665500,3089982261.0483847,-0.0058912720775532446,0.0057492291731890965,0.019679105218081583,-1.1300048828125,0.009519700735112943,0.020066406820987037,0.06694654916431331,buy,none,Hold,Uptrend,3.0,Buy,"MACD above signal, trend up",190.67999267578125,
2023-07-10,186.0023956298828,188.61000061035156,189.99000549316406,187.0399932861328,189.25999450683594,59922200,189.18202210199337,185.5862297697638,3.595792332229564,3.8547203585266065,-0.25892802629704237,3.595792332229564,187.33099899291992,179.21260009765626,189.18202210199337,185.5862297697638,58.60095545029243,194.23639960438453,187.33099899291992,180.4255983814553,0.0737240568681919,2.7796622737416827,12.890512738484045,54887010.0,1.0917373710100076,1040743300,3093841690.6016917,-0.010855843008916843,-0.027633142117954868,0.010338590155841043,-2.0699920654296875,0.009603364508904332,0.0068274958458955926,0.052437164058634744,sell,bearish,Sell,Uptrend,-3.0,Sell,"bearish MACD crossover, trend up",,188.61000061035156
2023-07-11,185.479736328125,188.0800018310547,189.3000030517578,186.60000610351562,189.16000366210938,46638100,189.01248052184894,185.77095362615574,3.241526895693198,3.732081665959925,-0.4905547702667268,3.241526895693198,187.6869987487793,179.60600006103516,189.01248052184894,185.77095362615574,57.015447963589736,193.94574517490054,187.6869987487793,181.42825232265807,0.0666934467261488,2.7739718933488615,1.4012054389564477,54773915.0,0.8514655196730049,994105200,3098332677.088606,-0.002810024800285138,-0.022758000259889388,0.015167039962180384,-0.529998779296875,0.009669187036654335,0.002093928108475085,0.0471810616969357,sell,none,Hold,Uptrend,-1.0,Hold,"MACD below signal, trend up",,
2023-07-12,187.14637756347656,189.77000427246094,191.6999969482422,188.47000122070312,189.67999267578125,60750200,189.12902263732772,186.06717959995612,3.0618430373716023,3.598033940242261,-0.5361909028706586,3.0618430373716023,187.9859992980957,180.00780029296874,189.12902263732772,186.06717959995612,60.669619220898525,194.03949032391526,187.9859992980957,181.93250827227612,0.06440363695617932,2.83440212362305,5.914381212569634,55097680.0,1.102590889489358,1054855400,3086483746.3513174,0.008985550962107736,-0.00815343931251955,0.009092878528483395,1.69000244140625,0.009281034844147265,0.009490094906144053,0.05423211640608838,sell,none,Hold,Uptrend,-1.0,Hold,"MACD below signal, trend up",,
2023-07-13,187.9057159423828,190.5399932861328,191.19000244140625,189.77999877929688,190.5,41342300,189.3460950448362,186.3984991322655,2.947595912570705,3.4679463347079498,-0.5203504221372448,2.947595912570705,188.34749908447264,180.42680023193358,189.3460950448362,186.3984991322655,62.24446837664488,194.0967254517413,188.34749908447264,182.598272717204,0.06104913943869418,2.733373269717497,14.37770104993629,54418340.0,0.7597126262947381,1096197700,3089708594.2875986,0.004057485357729984,-0.006621157857389481,0.006816344972960797,0.769989013671875,0.009239844298422294,0.011640686562431224,0.05605150144656457,sell,none,Hold,Uptrend,-1.0,Hold,"MACD below signal, trend up",,
2023-07-14,188.0536346435547,190.69000244140625,191.17999267578125,189.6300048828125,190.22999572753906,41616200,189.5528500289239,186.7163882662759,2.8364617626479856,3.341649420295957,-0.5051876576479715,2.8364617626479856,188.68449935913085,180.86980041503907,189.5528500289239,186.7163882662759,62.559008513927196,194.146109604236,188.68449935913085,183.22288911402572,0.05789145651768491,2.648845735664015,23.350113140387897,53626005.0,0.776045129597105,1137813900,3105012933.4015975,0.0007872843526774975,5.249510179083927e-05,0.00580202608135072,0.1500091552734375,0.009236292259032679,0.010628870358122322,0.05429431560068587,sell,none,Hold,Uptrend,1.0,Hold,"MACD below signal, trend up",,
2023-07-17,191.3080596923828,193.99000549316406,194.32000732421875,191.80999755859375,191.89999389648438,50520200,190.2354893311147,187.2551747275269,2.9803146035878,3.269382456954326,-0.2890678533665261,2.9803146035878,189.08349990844727,181.4006005859375,190.2354893311147,187.2551747275269,68.73058953684617,194.862034717781,189.08349990844727,183.30496509911353,0.06112151311068026,2.7189285318889067,36.39702529491958,52880355.0,0.9553680189930647,1188334100,3142248915.3610373,0.017305590274832694,0.028524494276032764,0.0001031307539054449,3.3000030517578125,0.009653452045992772,0.025948882832677045,0.06940112031912715,sell,none,Hold,Uptrend,1.0,Hold,"MACD below signal, trend up",,
2023-07-18,191.05160522460938,193.72999572753906,194.3300018310547,192.4199981689453,193.35000610351562,48288200,190.7731056997954,187.73479109789818,3.0383146018972127,3.2231688859429033,-0.1848542840456906,3.0383146018972127,189.52399978637695,181.95940063476561,190.7731056997954,187.73479109789818,67.78254881727045,195.30900966582038,189.52399978637695,183.7389899069335,0.06104778166315657,2.6611481840475117,45.36056767028655,50231955.0,0.9613044126990479,1140045900,3160198728.788746,-0.0013403255748356546,0.030040375592720103,0.0065987164572844925,-0.260009765625,0.009507969349942644,0.022192418616655107,0.0646880295918304,sell,none,Hold,Uptrend,1.0,Hold,"MACD below signal, trend up",,
2023-07-19,192.40267944335938,195.10000610351562,198.22999572753906,192.64999389648438,193.10000610351562,80507300,191.43878268498312,188.2803625797958,3.158420105187332,3.2102191297917892,-0.05179902460445707,3.158420105187332,190.02850036621095,182.39000061035156,191.43878268498312,188.2803625797958,70.12116755435343,195.90994377085718,190.02850036621095,184.14705696156472,0.06190064535911073,2.8696377302623097,57.6001394379491,51767365.0,1.5551747708232784,1220553200,3150388132.3838577,0.007071751438550322,0.028086640201589352,0.019704198172693532,1.3700103759765625,0.009553139404091754,0.02668813218823063,0.06968586792385101,sell,none,Hold,Uptrend,0.0,Hold,"MACD below signal, RSI overbought, trend up, volume spike",,
2023-07-20,190.45993041992188,193.1300048828125,196.47000122070312,192.5,195.08999633789062,59581200,191.6989707154184,188.6395953429822,3.059375372436193,3.18005037832067,-0.12067500588447677,3.059375372436193,190.48700027465821,182.7826007080078,191.6989707154184,188.6395953429822,63.03550003101257,195.80762344017796,190.48700027465821,185.16637710913847,0.05586337291099216,2.9482351224366536,48.38247337759826,52270640.0,1.1398597759660107,1160972000,3109716975.3974867,-0.010097391896840224,0.013593007704111093,0.006881848396955936,-1.970001220703125,0.009805079350323551,0.01387498676730381,0.056610443963069024,sell,none,Hold,Uptrend,1.0,Hold,"MACD below signal, trend up",,
2023-07-21,189.28634643554688,191.94000244140625,194.97000122070312,191.22999572753906,194.10000610351562,71951700,191.73605251941652,188.88406994286547,2.851982576551052,3.1144368179667463,-0.2624542414156945,2.851982576551052,190.7340003967285,183.18600067138672,191.73605251941652,188.88406994286547,59.14743443268825,195.83844977981346,190.7340003967285,185.62955101364355,0.05352427330698934,3.004790148917183,35.63753425943257,53305960.0,1.3497871532564087,1089020300,3065084053.4942207,-0.006161665258219817,0.0065551417693441305,0.006607980983969419,-1.19000244140625,0.0093986377450809,0.006322952605037679,0.04778750416481414,sell,none,Hold,Uptrend,1.0,Hold,"MACD below signal, trend up",,
2023-07-24,190.0851287841797,192.75,194.91000366210938,192.25,193.41000366210938,45377800,191.8920444395063,189.17043513228285,2.7216093072234457,3.0358713158180866,-0.3142620085946408,2.7216093072234457,191.03750076293946,183.56980072021486,191.8920444395063,189.17043513228285,60.914624301507125,195.85546804957542,191.03750076293946,186.2195334763035,0.05044001588582999,3.0023052254733216,24.342788725938505,52919000.0,0.8574954175248966,1134398100,3036765553.316393,0.004220055998181094,-0.006392110201820511,0.021950052363348682,0.80999755859375,0.009390657338040067,0.00896420456832514,0.05000931113814855,sell,none,Hold,Uptrend,-1.0,Hold,"MACD below signal, trend up",,
2023-07-25,190.94309997558594,193.6199951171875,194.44000244140625,192.9199981689453,193.3300018310547,37283200,192.1578830053034,189.50003216820173,2.6578508371016767,2.9602672200748046,-0.3024163829731279,2.6578508371016767,191.4550003051758,183.9672006225586,192.1578830053034,189.50003216820173,62.77710513307598,195.6018831789055,191.4550003051758,187.30811743144608,0.04331966119578651,2.9085693123256737,29.253468468319937,52378725.0,0.7118004495145691,1171681300,3033821896.557873,0.004513593344682265,-0.0005678037102022637,0.029455514845800446,0.8699951171875,0.00915337917520836,0.011308113178348789,0.05247019284939447,sell,none,Hold,Uptrend,-1.0,Hold,"MACD below signal, trend up",,
2023-07-26,191.8109588623047,194.5,195.63999938964844,193.32000732421875,193.6699981689453,47471900,192.5182086967952,189.87040015574235,2.6478085410528536,2.8977754842704146,-0.24996694321756108,2.6478085410528536,191.7770004272461,184.4058004760742,192.5182086967952,189.87040015574235,64.61391010962484,195.8181756464634,191.7770004272461,187.73582520802879,0.042144524215252784,2.8665280804045317,43.897616695543825,52215780.0,0.9091485370897456,1219153200,3034640243.0118365,0.00454501035536059,-0.0030753771642492156,0.02492488602544385,0.8800048828125,0.008667816180526944,0.014198780702000313,0.054739056460620716,sell,none,Hold,Uptrend,-1.0,Hold,"MACD below signal, trend up",,
2023-07-27,190.54867553710938,193.22000122070312,197.1999969482422,192.5500030517578,196.02000427246094,47460200,192.62617677739644,190.11851875314684,2.5076580242495936,2.8197519922662506,-0.312093968016657,2.5076580242495936,191.97550048828126,184.8288003540039,192.62617677739644,190.11851875314684,59.9778114129151,195.88865676954777,191.97550048828126,188.06234420701475,0.04076724656337469,2.9939184958388063,41.51490920129772,52027950.0,0.912205843205431,1171693000,3000856726.3820314,-0.006580970587644619,0.0004659883788913355,0.014065330266626708,-1.279998779296875,0.008786486057275776,0.006482601838549984,0.04539985570770089,sell,none,Hold,Uptrend,1.0,Hold,"MACD below signal, trend up",,
2023-07-28,193.12258911132812,195.8300018310547,196.6300048828125,194.13999938964844,194.6699981689453,48291400,193.1190729394977,190.5415915737326,2.5774813657650952,2.7712978669660195,-0.1938165012009243,2.5774813657650952,192.28750076293946,185.30400024414064,193.1190729394977,190.5415915737326,65.42534852448168,196.3809987177516,192.28750076293946,188.19400280812732,0.042576849130290396,3.0236388648581327,48.25050117716565,52125155.0,0.926450962112247,1219984400,3018117457.992167,0.013507921508448373,0.020266746588356144,0.026954739754790236,2.6100006103515625,0.00921681199066939,0.018422939889798595,0.05680396307174096,sell,none,Hold,Uptrend,1.0,Hold,"MACD below signal, trend up",,
2023-07-31,193.7340087890625,196.4499969482422,196.49000549316406,195.25999450683594,196.05999755859375,38824100,193.63152278699684,190.97925123110366,2.6522715558931793,2.747492604751452,-0.09522104885827254,2.6522715558931793,192.4115005493164,185.77920013427735,193.63152278699684,190.97925123110366,66.58873659304878,196.83804943738056,192.4115005493164,187.98495166125224,0.04601127142012602,2.895522587820275,51.52780489605573,49805700.0,0.7795111804472179,1258808500,3054415896.406756,0.003165986372825502,0.019195833713318677,0.01268102162698681,0.6199951171875,0.007734679694140784,0.020988851432457434,0.05743805983798089,sell,none,Hold,Uptrend,1.0,Hold,"MACD below signal, trend up",,
2023-08-01,192.90560913085938,195.61000061035156,196.72999572753906,195.27999877929688,196.24000549316406,35175100,193.93590399058988,191.32226970364053,2.613634286949349,2.7207209411910314,-0.1070866542416824,2.613634286949349,192.56900024414062,186.19040008544923,193.93590399058988,191.32226970364053,63.47252884542773,197.21019840856238,192.56900024414062,187.92780207971887,0.0482029626631244,2.79227075642184,57.13099230245493,49991545.0,0.7036209823081083,1223633400,3035251654.1145654,-0.004275878599845129,0.01027789248708344,0.009704252951393988,-0.839996337890625,0.007571026318711834,0.01579174406241668,0.050591225544278196,sell,none,Hold,Uptrend,1.0,Hold,"MACD below signal, trend up",,
2023-08-02,189.91749572753906,192.5800018310547,195.17999267578125,191.85000610351562,195.0399932861328,50389300,193.7273036583537,191.41543504641194,2.3118686119417475,2.6389504753411748,-0.32708186339942724,2.3118686119417475,192.63150024414062,186.53880004882814,193.7273036583537,191.41543504641194,53.708702759773345,197.23781071944393,192.63150024414062,188.02518976883732,0.047825100977413125,2.8613938814514186,35.74109327745507,50164995.0,1.004471345008606,1173244100,3006954919.904497,-0.015489999334607263,-0.009871455881466873,-0.012916474595720318,-3.029998779296875,0.008291002080796799,-0.0002673415979248528,0.03238576521691572,sell,none,Hold,Uptrend,-1.0,Hold,"MACD below signal, trend up",,
2023-08-03,188.52700805664062,191.1699981689453,192.3699951171875,190.69000244140625,191.57000732421875,61235200,193.33387204459856,191.39725453696997,1.936617507628597,2.498483881798659,-0.5618663741700622,1.936617507628597,192.5995002746582,186.8782000732422,193.33387204459856,191.39725453696997,49.86464885557836,197.2369806825294,192.5995002746582,187.962019866787,0.04815672316135701,2.7920085606083487,13.13771823677318,50972040.0,1.2013488179009513,1112008900,2980711103.8536344,-0.007321651514710981,-0.010609683463443376,-0.010148639073749743,-1.410003662109375,0.008446732993971477,-0.007422148570865095,0.022965750387263117,sell,none,Hold,Uptrend,-1.0,Hold,"MACD below signal, trend up",,
2023-08-04,179.47390747070312,181.99000549316406,187.3800048828125,181.9199981689453,185.52000427246094,115956800,191.58866180591633,190.70042127446584,0.8882405314504922,2.176435211729026,-1.2881946802785338,0.8882405314504922,192.16500091552734,187.08680023193358,191.58866180591633,190.70042127446584,33.20272074431135,198.68623084402466,192.16500091552734,185.64377098703002,0.06787115132754011,3.253293663422038,0.0,54429130.0,2.130418031667969,996052100,2867727862.575587,-0.04802004898105661,-0.07067352401819704,-0.051839099831623825,-9.17999267578125,0.013624375498531243,-0.052949264298320586,-0.027242941417839006,sell,none,Hold,Mixed,-3.0,Sell,"MACD below signal, volume spike",,181.99000549316406
2023-08-07,176.37733459472656,178.85000610351562,183.1300048828125,177.35000610351562,182.1300048828125,97576100,189.6288686209316,189.82261274328434,-0.19374412235274008,1.7023993449126729,-1.896143467265413,-0.19374412235274008,191.67700119018554,187.22700042724608,189.6288686209316,189.82261274328434,29.56385921886617,200.30857559972483,191.67700119018554,183.04542678064624,0.09006374636438397,3.433772600270241,0.0,56311825.0,1.7327817025997647,898476000,2820796807.8736086,-0.017253691383433578,-0.0895901813089035,-0.07211410581833655,-3.1399993896484375,0.0139094519470223,-0.06691984435807574,-0.044742447962176524,sell,none,Hold,Downtrend,-2.0,Sell,"MACD below signal, RSI oversold, trend down, volume spike",,178.85000610351562
2023-08-08,177.31419372558594,179.8000030517578,180.27000427246094,177.5800018310547,179.69000244140625,67823000,188.11673545644334,189.08019721057866,-0.9634617541353236,1.1692271251030735,-2.132688879238397,-0.9634617541353236,191.26300125122071,187.36320037841796,188.11673545644334,189.08019721057866,31.992298683795482,201.2351338750724,191.26300125122071,181.29086862736904,0.10427665108897304,3.3806461603513847,2.186313308920093,57371070.0,1.1821811934133353,966299000,2864919537.345167,0.005311696482092065,-0.08082407601483899,-0.07137688469140391,0.9499969482421875,0.014019873527943651,-0.059933171206523306,-0.04036650372850559,sell,none,Hold,Downtrend,-3.0,Sell,"MACD below signal, trend down",,179.8000030517578
2023-08-09,175.7264862060547,178.19000244140625,180.92999267578125,177.00999450683594,180.8699951171875,60378500,186.58954576182225,188.27351611656587,-1.6839703547436216,0.5985876291337344,-2.282557983877356,-1.6839703547436216,190.68400115966796,187.41840057373048,186.58954576182225,188.27351611656587,30.098371648300613,202.16604436739797,190.68400115966796,179.20195795193794,0.1204300637484065,3.4191713038223797,2.667532484910448,57352485.0,1.0527617068379862,905920500,2840891620.180578,-0.00895439701348677,-0.0747221894943817,-0.08385602857888819,-1.6100006103515625,0.013842464076324383,-0.06552200836083744,-0.049239552274877973,sell,none,Hold,Downtrend,-3.0,Sell,"MACD below signal, trend down",,178.19000244140625
2023-08-10,175.5094757080078,177.97000122070312,180.75,177.60000610351562,179.47999572753906,54686900,185.26346198626547,187.5102927909464,-2.2468308046809398,0.029503942370799563,-2.2763347470517394,-2.2468308046809398,190.05550155639648,187.43180053710938,185.26346198626547,187.5102927909464,29.838429032312902,202.80627723691882,190.05550155639648,177.30472587587414,0.134179495737867,3.3999443461553795,2.914726473492648,58019715.0,0.9425571980145024,851233600,2799051656.802712,-0.0012346440186814522,-0.06904847556977411,-0.07892557656378896,-0.220001220703125,0.013749710343103188,-0.06358932120734817,-0.05048129127123724,sell,none,Hold,Downtrend,-1.0,Hold,"MACD below signal, RSI oversold, trend down",,
2023-08-11,175.56874084472656,177.7899932861328,178.6199951171875,176.5500030517578,177.32000732421875,52036700,184.11369757086047,186.79027060540466,-2.676573034544191,-0.5117114530121986,-2.1648615815319925,-2.676573034544191,189.4105010986328,187.44260040283203,184.11369757086047,186.79027060540466,29.613072991828673,203.22810575515354,189.4105010986328,175.59289644211208,0.14590114673024818,3.304947754674973,0.7727201066907063,58540740.0,0.8888972021877414,799196900,2809358190.7761307,-0.0010114509936260951,-0.023078257488096,-0.09212075972140998,-0.1800079345703125,0.013727328995063872,-0.06135091636998935,-0.05149633592339653,sell,none,Hold,Downtrend,-1.0,Hold,"MACD below signal, RSI oversold, trend down",,
2023-08-14,177.2178955078125,179.4600067138672,179.69000244140625,177.30999755859375,177.97000122070312,43675600,183.39774513132303,186.2472880949204,-2.849542963597372,-0.9792777551292333,-1.8702652084681388,-2.849542963597372,188.68400115966796,187.43000061035156,183.39774513132303,186.2472880949204,34.55168297860034,202.98166129687164,188.68400115966796,174.38634102246428,0.15155137742817665,3.2388804066847965,4.782016599688694,58198510.0,0.7504590753268425,842872500,2844592462.3820186,0.009393180104611876,0.0034106826364797005,-0.08648506234821307,1.670013427734375,0.013203041545745113,-0.04888593833663324,-0.04252250904620758,sell,none,Hold,Downtrend,-1.0,Hold,"MACD below signal, trend down",,
2023-08-15,175.2329864501953,177.4499969482422,179.47999572753906,177.0500030517578,178.8800048828125,43622600,182.4827069493106,185.59563689887017,-3.1129299495595717,-1.406008194015301,-1.7069217555442706,-3.1129299495595717,187.87000122070313,187.36000061035156,182.4827069493106,185.59563689887017,31.67135308939295,202.7670096346469,187.87000122070313,172.97299280675935,0.15858847412731203,3.1811027116202575,6.432190020977002,57965230.0,0.7525649428114061,799249900,2815331036.325203,-0.01120032146677552,-0.013070111588591837,-0.09283780791087204,-2.010009765625,0.013290136548397401,-0.055463906982253564,-0.05289284601743249,sell,none,Hold,Downtrend,-3.0,Sell,"MACD below signal, trend down",,177.4499969482422
2023-08-16,174.364013671875,176.57000732421875,178.5399932861328,176.5,177.1300048828125,46964900,181.57306085314264,184.92707174519228,-3.3540108920496436,-1.7956087336221696,-1.558402158427474,-3.3540108920496436,186.9435012817383,187.29980072021485,181.57306085314264,184.92707174519228,30.473617102270524,202.2265189624361,186.9435012817383,171.66048360104048,0.16350413441401337,3.0995948955140116,7.2069340772907955,56288110.0,0.8343662631415409,752285000,2771589565.542888,-0.004959085033290345,-0.0090913917447204,-0.08313425254238538,-0.8799896240234375,0.013018125753140802,-0.0554899950327018,-0.05728673151139163,sell,none,Hold,Downtrend,-5.0,Strong Sell,"MACD below signal, trend down",,176.57000732421875
2023-08-17,171.8260955810547,174.0,177.50999450683594,173.47999572753906,177.13999938964844,66062900,180.40797456804378,184.11765902332618,-3.7096844552823995,-2.1784238779542155,-1.531260577328184,-3.7096844552823995,185.98700103759765,187.1956005859375,180.40797456804378,184.11765902332618,27.23430848776239,201.97960364896792,185.98700103759765,169.99439842622738,0.17197548777225927,3.166052315784216,2.7164184083024523,56612195.0,1.1669376182993787,686222100,2722575301.104586,-0.014555174817995509,-0.022307137121271747,-0.08981533887849613,-2.57000732421875,0.013149383008302734,-0.0644507464001447,-0.07049097598786624,sell,none,Hold,Downtrend,-1.0,Hold,"MACD below signal, RSI oversold, trend down",,
2023-08-18,172.3099822998047,174.49000549316406,175.10000610351562,171.9600067138672,172.3000030517578,61172200,179.49751778729308,183.40449950257343,-3.9069817152803523,-2.524135445419443,-1.3828462698609094,-3.9069817152803523,185.11450119018554,187.1290005493164,179.49751778729308,183.40449950257343,28.78858822903146,201.6089502721423,185.11450119018554,168.62005210822878,0.178208070960475,3.1641913924888034,2.2487383340024936,56073220.0,1.0909343176653667,747394300,2759979930.0282583,0.0028161235239314575,-0.018561155956948516,-0.0412110543085934,0.4900054931640625,0.013264617793166721,-0.05739418375498273,-0.06754161577869078,sell,none,Hold,Downtrend,-1.0,Hold,"MACD below signal, RSI oversold, trend down",,
2023-08-21,173.6431121826172,175.83999633789062,176.1300048828125,173.74000549316406,175.07000732421875,46311900,178.9348221796927,182.84416593481916,-3.909343755126457,-2.801177107360846,-1.1081666477656111,-3.909343755126457,184.26900100708008,187.03440032958986,178.9348221796927,182.84416593481916,33.032636221421555,200.84460017920205,184.26900100708008,167.6934018349581,0.17990653969503087,3.1088919637144916,8.730235523232283,56119925.0,0.8252309674326899,793706200,2795052624.872191,0.007736780344014926,-0.02017168305219308,-0.016829799624847985,1.3499908447265625,0.013411155290044958,-0.04574293355432901,-0.059852112616569864,sell,none,Hold,Downtrend,-3.0,Sell,"MACD below signal, trend down",,175.83999633789062
2023-08-22,175.01573181152344,177.22999572753906,177.67999267578125,176.25,177.05999755859375,42038900,178.6725411870537,182.42830147502065,-3.7557602879669503,-2.9920937434820667,-0.7636665444848836,-3.7557602879669503,183.44950103759766,186.9598001098633,178.6725411870537,182.42830147502065,37.18380854178068,199.71251023056533,183.44950103759766,167.18649184462998,0.1773022995536477,3.0182565618699297,23.385339971960324,56357710.0,0.7459298825307132,835745100,2810633519.837832,0.007904910251348207,-0.0012397927556306865,-0.01429370011455977,1.3899993896484375,0.013551732114480816,-0.0339030919946951,-0.05204222713442519,sell,none,Hold,Downtrend,-3.0,Sell,"MACD below signal, trend down",,177.22999572753906
2023-08-23,178.85714721679688,181.1199951171875,181.5500030517578,178.3300018310547,178.52000427246094,52722800,179.04907256092042,182.33138989295895,-3.282317332038531,-3.0501384611933595,-0.2321788708451713,-3.282317332038531,182.78050079345704,186.90640014648437,179.04907256092042,182.33138989295895,47.07191909400949,198.25169456791878,182.78050079345704,167.3093070189953,0.16928713628971037,3.1112387591805595,55.2889859697231,56620255.0,0.931165004467041,888467900,2849274820.6216216,0.021948877071738204,0.025768746696680056,0.01644308118096971,3.8899993896484375,0.01466429954821361,-0.00908469814373647,-0.030958838353110862,sell,none,Hold,Downtrend,-1.0,Hold,"MACD below signal, trend down",,
2023-08-24,174.17636108398438,176.3800048828125,181.10000610351562,176.00999450683594,180.6699981689453,54945800,178.63844676428843,181.89054655887404,-3.252099794585604,-3.0905307278718084,-0.16156906671379545,-3.252099794585604,181.9385009765625,186.76780029296876,178.63844676428843,181.89054655887404,39.013202071771886,196.86896037293343,181.9385009765625,167.00804158019156,0.16412644180567687,3.2540074628356312,67.78062918690756,56994535.0,0.964053834284287,833522100,2802317417.398397,-0.02617044148719283,0.01367818898168105,-0.008934069376775766,-4.739990234375,0.0155137957834331,-0.03055151088919905,-0.055618770440416854,sell,none,Hold,Downtrend,-1.0,Hold,"MACD below signal, trend down",,
2023-08-25,176.3784942626953,178.61000061035156,179.14999389648438,175.82000732421875,177.3800048828125,51449600,178.63407043291355,181.64754315527978,-3.013472722366231,-3.075119126770693,0.06164640440446201,-3.013472722366231,181.07750091552734,186.66100036621094,178.63407043291355,181.64754315527978,43.88092420320773,194.62646239254735,181.07750091552734,167.52853943850732,0.14964820486826363,3.2594345420806308,81.09699779149695,57152445.0,0.9002169548476885,884971700,2837080800.819862,0.01264313224744873,0.023611639563785314,0.004612224282493971,2.2299957275390625,0.015462279151004779,-0.013626763638221795,-0.043131665104462646,buy,bullish,Buy,Downtrend,3.0,Buy,"bullish MACD crossover, trend down",178.61000061035156,
2023-08-28,177.93878173828125,180.19000244140625,180.58999633789062,178.5500030517578,180.08999633789062,43820700,178.8734445880663,181.53957717647432,-2.6661325884080327,-2.993321819098161,0.3271892306901285,-2.6661325884080327,180.26450119018554,186.54460052490234,178.8734445880663,181.53957717647432,47.10246492416547,191.83278916833055,180.26450119018554,168.69621321204053,0.12834793208608553,3.1723315952272153,81.09699779149695,57402275.0,0.7633965726968138,928792400,2863717118.244858,0.008846099466185864,0.024738433769964097,0.004067734872555517,1.5800018310546875,0.01566092709568065,-0.00041327465079044057,-0.03406476556070459,buy,none,Hold,Downtrend,1.0,Hold,"MACD above signal, trend down",,
2023-08-29,181.8196258544922,184.1199951171875,184.89999389648438,179.5,179.6999969482422,53003900,179.6806062079311,181.73071924615678,-2.0501130382256747,-2.804680062923664,0.7545670246979892,-2.0501130382256747,179.69000091552735,186.52860046386718,179.6806062079311,181.73071924615678,54.15244837342144,189.09112747973924,179.69000091552735,170.28887435131546,0.10463716975138068,3.331450331031298,94.63813971998407,58293715.0,0.9092558262927659,981796300,2901408787.1236744,0.02181027039532446,0.03887603428169473,0.037588043300394114,3.92999267578125,0.0167050739172116,0.024653537643102963,-0.012912793752217433,buy,none,Hold,Downtrend,1.0,Hold,"MACD above signal, trend down",,
2023-08-30,185.30555725097656,187.64999389648438,187.85000610351562,184.74000549316406,184.94000244140625,60813900,180.90666585232393,182.16918403506992,-1.2625181827459926,-2.49624768688813,1.2337295041421372,-1.2625181827459926,179.44350051879883,186.58140045166016,180.90666585232393,182.16918403506992,59.38812911572604,187.6642063172628,179.44350051879883,171.22279472033486,0.09162444752467087,3.3599189492667856,100.0,58814945.0,1.0339871949212909,1042610200,2954400487.786033,0.019172272827023162,0.03605343946189854,0.06275123810761651,3.529998779296875,0.017121702792071314,0.04573302100081267,0.005727223840304774,buy,none,Hold,Mixed,2.0,Buy,MACD above signal,187.64999389648438,
2023-08-31,185.52281188964844,187.8699951171875,189.1199951171875,187.47999572753906,187.83999633789062,60794500,181.97794727768755,182.591466337449,-0.6135190597614439,-2.119701961462793,1.506182901701349,-0.6135190597614439,179.27850036621095,186.65960021972657,181.97794727768755,182.591466337449,59.69703714821587,186.6385354503012,179.27850036621095,171.9184652821207,0.08210728078443259,3.2370675521511894,100.0,58792910.0,1.0340447513144018,1103404700,2922520410.612818,0.001172401960345848,0.0651433831289947,0.07971261561602017,0.220001220703125,0.01706594194680914,0.04792261611641524,0.0064845038564109725,buy,none,Hold,Mixed,2.0,Buy,MACD above signal,187.8699951171875,
2023-09-01,187.09295654296875,189.4600067138672,189.9199981689453,188.27999877929688,189.49000549316406,45766500,183.1290333447921,183.10024710607257,0.02878623871953323,-1.6900043214263278,1.718790560145861,0.02878623871953323,179.6520004272461,186.7088003540039,183.1290333447921,183.10024710607257,61.94969009429083,188.18864318347298,179.6520004272461,171.1153576710192,0.09503532090848026,3.1522772306945197,100.0,55283395.0,0.8278525586209023,1149171200,2942613487.730208,0.008463361036912254,0.0607469126389264,0.08579288640855487,1.5900115966796875,0.013022958106216433,0.05459447299944231,0.014735279508233834,buy,none,Hold,Uptrend,3.0,Buy,"MACD above signal, trend up",189.4600067138672,
2023-09-05,187.32994079589844,189.6999969482422,189.97999572753906,187.61000061035156,188.27999877929688,45280000,184.13995082224596,183.58911746475178,0.5508333574941844,-1.2418367856422254,1.7926701431364098,0.5508333574941844,180.19449996948242,186.76920043945313,184.13995082224596,183.58911746475178,62.29227295324302,189.7736885766801,180.19449996948242,170.61531136228476,0.1063205437326887,3.0963999368725896,100.0,52668590.0,0.8597154395057851,1194451200,2977194440.601699,0.0012667065653462206,0.052777592419026575,0.0788216611635868,0.239990234375,0.012207746678958797,0.05275131583022574,0.0156920761126198,buy,none,Hold,Uptrend,3.0,Buy,"MACD above signal, trend up",189.6999969482422,
2023-09-06,180.62477111816406,182.91000366210938,188.85000610351562,181.47000122070312,188.39999389648438,81755800,183.95072818222496,183.53881273863013,0.411915443594836,-0.9110863397948132,1.3230017833896492,0.411915443594836,180.35,186.7220004272461,183.95072818222496,183.53881273863013,48.88250306044022,189.99923830318318,180.35,170.7007616968168,0.10700569230034025,3.4630853504916237,87.2499063600735,53365230.0,1.5320050152505666,1112695400,2927343376.023569,-0.03579332311737149,-0.0065717547641036544,0.03204879575409092,-6.7899932861328125,0.014953075321886451,0.014194641874740066,-0.02041535949922524,buy,none,Hold,Mixed,-1.0,Hold,"MACD above signal, volume spike",,
2023-09-07,175.34161376953125,177.55999755859375,178.2100067138672,173.5399932861328,175.17999267578125,112488800,182.96753885551246,183.09593754010893,-0.1283986845964762,-0.7545488087551459,0.6261501241586697,-0.1283986845964762,180.31849975585936,186.5120004272461,182.96753885551246,183.09593754010893,41.33248073810319,189.99979799545915,180.31849975585936,170.63720151625958,0.10737997768068935,3.8850085665976906,66.39668540077489,55970745.0,2.009778501250966,1000206600,3008518026.2905154,-0.029249390390909014,-0.05377029931296817,-0.019655464082197982,-5.350006103515625,0.016290465080471214,-0.015297943366878397,-0.04799692699743641,buy,none,Hold,Downtrend,-2.0,Sell,"MACD above signal, trend down, volume spike",,177.55999755859375
2023-09-08,175.95387268066406,178.17999267578125,180.24000549316406,177.7899932861328,178.35000610351562,65551300,182.23099328939998,182.73179347608468,-0.5008001866846996,-0.7037990843410566,0.20299889765635704,-0.5008001866846996,180.3289993286133,186.2906002807617,182.23099328939998,182.73179347608468,42.44196070768675,190.00053736929473,180.3289993286133,170.65746128793185,0.10726547673075044,3.798937092881449,43.78269736953371,56513965.0,1.1599133063836522,1065757900,2963835983.118945,0.0034917499758519988,-0.05157823331693778,0.010205169197974984,0.6199951171875,0.01630664916884955,-0.011917144002534519,-0.04353739583616578,buy,none,Hold,Downtrend,-1.0,Hold,"MACD above signal, trend down",,
2023-09-11,177.119140625,179.36000061035156,180.3000030517578,177.33999633789062,180.07000732421875,58953100,181.78930210800792,182.4820310415859,-0.692728933577996,-0.7015850541884446,0.008856120610448603,-0.692728933577996,180.40749969482422,186.08600036621092,181.78930210800792,182.4820310415859,44.58975723576862,190.02064071162076,180.40749969482422,170.7943586780277,0.10657141230889003,3.7390134943804303,33.03139930428823,56859785.0,1.0368153871844574,1124711000,2985345885.6634455,0.006622561359722834,-0.05330943600550597,0.0041990929815636235,1.1800079345703125,0.016366374004230737,-0.005806294562280434,-0.03614457693014428,buy,none,Hold,Downtrend,-1.0,Hold,"MACD above signal, trend down",,
2023-09-12,174.09738159179688,176.3000030517578,180.1300048828125,174.82000732421875,179.49000549316406,90370200,180.94479456089252,182.02410304233936,-1.0793084814468443,-0.7771297396401247,-0.30217874180671966,-1.0793084814468443,180.24949951171874,185.73260040283202,180.94479456089252,182.02410304233936,40.38160399831998,190.02228729832999,180.24949951171874,170.4767117251075,0.10843622659796488,3.851226641824239,22.510703514525723,59194515.0,1.5266650972645017,1034340800,2945351418.7672744,-0.017060646455066664,-0.07063781819743742,-0.02158831975660458,-3.05999755859375,0.016681541509185084,-0.021911275596657953,-0.05078590043221287,sell,bearish,Sell,Downtrend,-6.0,Strong Sell,"bearish MACD crossover, trend down, volume spike",,176.3000030517578
2023-09-13,172.03346252441406,174.2100067138672,177.3000030517578,173.97999572753906,176.50999450683594,84267900,179.90867335365783,181.44528109208215,-1.5366077384243226,-0.9290253393969643,-0.6075823990273583,-1.5366077384243226,180.0875,185.36760040283204,179.90867335365783,181.44528109208215,37.76039248763327,190.1438441411592,180.0875,170.0311558588408,0.11168286684149872,3.8132824048524188,11.791358212433579,61226780.0,1.3763242162988156,950072900,2872759723.607793,-0.011854771989295187,-0.04756435828580341,-0.053823531751740816,-2.089996337890625,0.016703737285816585,-0.03263687533078541,-0.06019171454298211,sell,none,Hold,Downtrend,-3.0,Sell,"MACD below signal, trend down",,174.2100067138672
2023-09-14,173.54434204101562,175.74000549316406,176.10000610351562,173.5800018310547,174.0,60895800,179.26733983665878,181.0226680847549,-1.7553282480961343,-1.0942859211367983,-0.661042326959336,-1.7553282480961343,180.04599990844727,185.0558004760742,179.26733983665878,181.0226680847549,40.79038118560566,190.166709330597,180.04599990844727,169.92529048629754,0.11242359649529646,3.7209053953958846,6.076492868225806,61923325.0,0.9834064950485136,1010968700,2916256723.607793,0.008782496529087691,-0.010250011773226708,-0.06346916488518706,1.529998779296875,0.016805418594812688,-0.02391607932124451,-0.0503404646541441,sell,none,Hold,Downtrend,-3.0,Sell,"MACD below signal, trend down",,175.74000549316406
2023-09-15,172.82345581054688,175.00999450683594,176.5,173.82000732421875,176.47999572753906,109259500,178.61236363207064,180.5772848567609,-1.964921224690272,-1.2684129818474932,-0.6965082428427789,-1.964921224690272,180.09649963378905,184.71980041503906,178.61236363207064,180.5772848567609,39.79491896366325,190.10549585823506,180.09649963378905,170.08750340934304,0.11115147984328905,3.6465544868519824,6.881542273263697,64083155.0,1.7049644325408135,901709200,2904025402.642843,-0.004153926047057777,-0.017790988322204493,-0.06845159389252065,-0.730010986328125,0.01649258042592844,-0.028243220369613464,-0.05256505196728545,sell,none,Hold,Downtrend,-4.0,Sell,"MACD below signal, trend down, volume spike",,175.00999450683594
2023-09-18,175.74647521972656,177.97000122070312,179.3800048828125,176.1699981689453,176.47999572753906,67257600,178.5135386457064,180.38415273557143,-1.870614089865029,-1.3888532034510004,-0.4817608864140286,-1.870614089865029,180.270499420166,184.4656005859375,178.5135386457064,180.38415273557143,45.59282507800012,190.00069702909138,180.270499420166,170.54030181124062,0.10795108062852472,3.698229907503738,17.524064631529733,64387425.0,1.0445766389943378,968966800,2912196856.875603,0.016913358132535583,-0.007749773555521533,-0.060646073503612286,2.9600067138671875,0.016896680662693953,-0.012761368093295089,-0.03521306598412777,sell,none,Hold,Downtrend,-3.0,Sell,"MACD below signal, trend down",,177.97000122070312
2023-09-19,176.832763671875,179.07000732421875,179.6300048828125,177.1300048828125,177.52000427246094,51826900,178.59914921163139,180.2868086310268,-1.687659419395402,-1.4486144466398807,-0.23904497275552128,-1.687659419395402,180.43199996948243,184.27480072021484,178.59914921163139,180.2868086310268,47.61192385383747,189.96797294244618,180.43199996948243,170.89602699651869,0.10570157150147008,3.612642056967757,26.79301390455788,64663175.0,0.8014901835550141,1020793700,2940805406.9000173,0.006180851244426799,0.01571187875503166,-0.05603579227744393,1.100006103515625,0.01686819228354687,-0.007548509385774449,-0.028244737618240867,sell,none,Hold,Downtrend,-1.0,Hold,"MACD below signal, trend down",,
2023-09-20,173.2974853515625,175.49000549316406,179.6999969482422,175.39999389648438,179.25999450683594,58436200,178.12081940879025,179.931489880074,-1.8106704712837427,-1.521025651568653,-0.2896448197150896,-1.8106704712837427,180.34500045776366,184.02300079345704,178.12081940879025,179.931489880074,42.13186848246478,190.026870139217,180.34500045776366,170.6631307763103,0.10737053599354775,3.661739270881332,29.968405102252117,65483040.0,0.8923867920609673,962357500,2884815686.86879,-0.01999219123598317,0.007347446931674995,-0.04056638795247258,-3.5800018310546875,0.01741577763647056,-0.026920596369604533,-0.046369178110893916,sell,none,Hold,Downtrend,-1.0,Hold,"MACD below signal, trend down",,
2023-09-21,171.7569580078125,173.92999267578125,176.3000030517578,173.86000061035156,174.5500030517578,63149100,177.47607683448118,179.48693453160786,-2.0108576971266814,-1.6189920606802588,-0.3918656364464226,-2.0108576971266814,179.98550033569336,183.70620056152345,177.47607683448118,179.48693453160786,39.97281428936996,190.05187906896793,179.98550033569336,169.91912160241878,0.11185766313952666,3.5744723544902546,22.332068653566328,66004355.0,0.9567414150172363,899208400,2825289481.5544844,-0.008889468166570769,-0.010299378404498905,-0.02044382142782253,-1.5600128173828125,0.016687737343727145,-0.03364441940388474,-0.05321653736161247,sell,none,Hold,Downtrend,-3.0,Sell,"MACD below signal, trend down",,173.92999267578125
2023-09-22,172.6062469482422,174.7899932861328,177.0800018310547,174.0500030517578,174.6699981689453,56725400,177.06283321165833,179.13901295786897,-2.0761797462106415,-1.7104295977863353,-0.3657501484243062,-2.0761797462106415,179.90599975585937,183.39120056152345,177.06283321165833,179.13901295786897,41.745127029538466,190.10920702814414,179.90599975585937,169.7027924835746,0.11342820457495568,3.544153554546196,14.360405233085881,66093335.0,0.858262032018811,955933800,2796271183.1730247,0.0049445216268977354,-0.001257078039017534,-0.019025701700509767,0.8600006103515625,0.01572776851115848,-0.02843710869381344,-0.04690087228315587,sell,none,Hold,Downtrend,-3.0,Sell,"MACD below signal, trend down",,174.7899932861328
2023-09-25,173.88011169433594,176.0800018310547,176.97000122070312,174.14999389648438,174.1999969482422,46172700,176.91162838387314,178.9124195410679,-2.0007911571947545,-1.7685019096680192,-0.2322892475267353,-2.0007911571947545,179.77949981689454,183.0990005493164,176.91162838387314,178.9124195410679,44.39709555588574,190.10583309497844,179.77949981689454,169.45316653881065,0.11487776179821689,3.4924288238085213,28.310966700010116,65829490.0,0.7013984158163765,1002106500,2813299508.64215,0.00738033408360006,-0.010619763874163413,-0.018287236664447093,1.290008544921875,0.015542148823234516,-0.02057797462785127,-0.03833444583096557,sell,none,Hold,Downtrend,-3.0,Sell,"MACD below signal, trend down",,176.0800018310547
2023-09-26,169.81161499023438,171.9600067138672,175.1999969482422,171.66000366210938,174.82000732421875,64588900,176.14984043464145,178.3974259983123,-2.247585563670839,-1.8643186404685832,-0.38326692320225564,-2.247585563670839,179.36800003051758,182.65840057373046,176.14984043464145,178.3974259983123,38.38666855938438,190.23772968079047,179.36800003051758,168.4982703802447,0.12120032166744923,3.5586837770325777,27.423828914256116,66867900.0,0.9659178768886117,937517600,2759658011.9525375,-0.023398427273646605,-0.03970514502452893,-0.02461710869407352,-4.1199951171875,0.016170693416965136,-0.04130052916568172,-0.05857050004959852,sell,none,Hold,Downtrend,-3.0,Sell,"MACD below signal, trend down",,171.9600067138672
2023-09-27,168.3007049560547,170.42999267578125,173.0399932861328,169.0500030517578,172.6199951171875,66921800,175.26986385635527,177.8072457521989,-2.537381895843623,-1.9989312915435913,-0.5384506043000319,-2.537381895843623,178.68349990844726,182.19240051269531,175.26986385635527,177.8072457521989,36.41508368871687,189.98563088607625,178.68349990844726,167.38136893081827,0.12650447280716917,3.589491381128465,22.00946677775482,67563795.0,0.9904979434621752,870595800,2739027748.621142,-0.008897499292564004,-0.02883362390446742,-0.02169803049427843,-1.5300140380859375,0.015198619966674902,-0.0461906512738719,-0.06456036477819205,sell,none,Hold,Downtrend,-3.0,Sell,"MACD below signal, trend down",,170.42999267578125
2023-09-28,168.5574493408203,170.69000244140625,172.02999877929688,167.6199951171875,169.33999633789062,56294400,174.56526979251694,177.28004254399204,-2.7147727514750954,-2.1420995835298924,-0.5726731679452031,-2.7147727514750954,177.83550033569335,181.70420043945313,174.56526979251694,177.28004254399204,37.00719712247677,188.8609866740611,177.83550033569335,166.8100139973256,0.12399646097157611,3.6480994011985297,3.8817878046289147,67337820.0,0.835999739819317,926890200,2761111614.7425065,0.0015256103784480057,-0.018628128389648113,-0.028735648650894396,0.260009765625,0.014282805909353333,-0.0401803795125204,-0.060616089068986634,sell,none,Hold,Downtrend,-3.0,Sell,"MACD below signal, trend down",,170.69000244140625
2023-09-29,169.07095336914062,171.2100067138672,173.07000732421875,170.33999633789062,172.02000427246094,51861100,174.04907547272467,176.83041026027908,-2.781334787554414,-2.2699466243347968,-0.5113881632196171,-2.781334787554414,177.00250091552735,181.26580047607422,174.04907547272467,176.83041026027908,38.245764104343905,187.36720124424653,177.00250091552735,166.63780058680817,0.11711360319892462,3.5825216572792153,7.212730894483969,66891150.0,0.7753058513719677,978751300,2742305103.413041,0.003046483478957418,-0.020481644886873762,-0.021712975899901066,0.5200042724609375,0.014328931152194118,-0.03272549354782606,-0.05547540537595408,sell,none,Hold,Downtrend,-3.0,Sell,"MACD below signal, trend down",,171.2100067138672
2023-10-02,171.57920837402344,173.75,174.3000030517578,170.92999267578125,171.22000122070312,52164500,174.00306386153625,176.60223172248064,-2.599167860944391,-2.3357908716567155,-0.2633769892876754,-2.599167860944391,176.21700057983398,180.9020004272461,174.00306386153625,176.60223172248064,44.03420475552513,184.93691067642445,176.21700057983398,167.4970904832435,0.09896786425711483,3.5673422800433117,29.89508578047127,67211050.0,0.7761298179391632,1030915800,2777442573.2306156,0.014835542237771948,-0.013232631797052585,-0.0237118682460975,2.5399932861328125,0.014699193108348175,-0.013999787601175928,-0.039535220231699086,sell,none,Hold,Downtrend,-3.0,Sell,"MACD below signal, trend down",,173.75
2023-10-03,170.24609375,172.39999389648438,173.6300048828125,170.82000732421875,172.25999450683594,49594600,173.75643771306673,176.2909548464809,-2.5345171334141696,-2.3755361240082062,-0.15898100940596338,-2.5345171334141696,175.35200042724608,180.49500030517578,173.75643771306673,176.2909548464809,41.79199723139563,181.6448217997909,175.35200042724608,169.05917905470127,0.07177359091669687,3.5218173083103075,44.139581067704306,67426780.0,0.7355326770757851,981321200,2783619411.0507245,-0.007769819300809333,0.002558659952539344,-0.03724807703647348,-1.350006103515625,0.014660660738803878,-0.016834746815372115,-0.04484892321119471,sell,none,Hold,Downtrend,-1.0,Hold,"MACD below signal, trend down",,
2023-10-04,171.49038696289062,173.66000366210938,174.2100067138672,170.97000122070312,171.08999633789062,53020300,173.74160170522714,176.09606957356448,-2.3544678683373377,-2.3713224728740325,0.01685460453669485,-2.3544678683373377,174.8895004272461,180.09580047607423,173.74160170522714,176.09606957356448,44.62608775961612,180.17077525987528,174.8895004272461,169.60822559461693,0.060395561994599965,3.5016878929427184,63.13399842468815,65990005.0,0.803459554215824,1034341500,2818638922.5541368,0.00730864159068112,0.01895212770719734,-0.010427954719768762,1.260009765625,0.012907415427180163,-0.007030134811598976,-0.03573540747175752,buy,bullish,Buy,Downtrend,3.0,Buy,"bullish MACD crossover, trend down",173.66000366210938,
2023-10-05,172.72474670410156,174.91000366210938,175.4499969482422,172.67999267578125,173.7899932861328,48527900,173.92135585243977,176.00821283938262,-2.0868569869428484,-2.3144293756877956,0.22757238874494723,-2.0868569869428484,174.7570007324219,179.70400054931642,173.92135585243977,176.00821283938262,47.36409085320701,179.894647301822,174.7570007324219,169.61935416302177,0.05879760522173981,3.4494247771940194,73.04717049995168,62791960.0,0.7728362038706866,1082869400,2848246461.708019,0.007197972898999483,0.024723189175369198,0.0056345140435607455,1.25,0.011421077455839678,0.0008755181712105653,-0.02667718510747019,buy,none,Hold,Downtrend,1.0,Hold,"MACD above signal, trend down",,
2023-10-06,175.27249145507812,177.49000549316406,177.99000549316406,173.17999267578125,173.8000030517578,57266700,174.47037887408968,176.11797525818125,-1.647596384091571,-2.1810627773685507,0.5334663932769796,-1.647596384091571,174.722501373291,179.38940063476562,174.47037887408968,176.11797525818125,52.5762676859901,179.77632563661223,174.722501373291,169.6686771099698,0.05784972426103066,3.546609637207504,90.3732688652493,62377730.0,0.9180632254492108,1140136100,2893607434.597886,0.014750453244736894,0.036680091893181554,0.01544717838973364,2.5800018310546875,0.011905210670859702,0.01583942593610388,-0.010588112424037233,buy,none,Hold,Downtrend,1.0,Hold,"MACD above signal, trend down",,
2023-10-09,176.7537841796875,178.99000549316406,179.0500030517578,175.8000030517578,176.80999755859375,42390800,175.16570604625497,176.33071823855036,-1.1650121922953929,-1.9778526603539193,0.8128404680585264,-1.1650121922953929,174.70400161743163,179.05260070800782,175.16570604625497,176.33071823855036,55.34489234014914,179.6920682938651,174.70400161743163,169.71593494099815,0.05710306152410165,3.5254232345498253,99.26219362791748,61549615.0,0.6887256727763448,1182526900,2934433099.516756,0.008451180086631815,0.03015830499662764,0.016526599453931645,1.5,0.01196663338209963,0.024532946217900475,-0.0003495912072555285,buy,none,Hold,Downtrend,1.0,Hold,"MACD above signal, trend down",,
2023-10-10,176.16123962402344,178.38999938964844,179.72000122070312,177.9499969482422,178.10000610351562,43698000,175.6617511760078,176.48325758307615,-0.8215064070683411,-1.7465834096968036,0.9250770026284625,-0.8215064070683411,174.80850143432616,178.69140075683595,175.6617511760078,176.48325758307615,53.98717901973962,180.008982192997,174.80850143432616,169.60802067565533,0.05949917442229896,3.400036165829191,97.6092145719131,59216005.0,0.7379423856776559,1138828900,2912460726.9445786,-0.00335217657467779,0.03474481267534557,0.03739237278863583,-0.600006103515625,0.011314964329141123,0.02048812229345609,-0.001686714446867299,buy,none,Hold,Downtrend,1.0,Hold,"MACD above signal, trend down",,
2023-10-11,177.5536346435547,179.8000030517578,179.85000610351562,177.60000610351562,178.1999969482422,47551100,176.2984053107386,176.72894243260814,-0.4305371218695484,-1.4833741521313526,1.0528370302618042,-0.4305371218695484,175.0880012512207,178.37520080566406,176.2984053107386,176.72894243260814,56.676853829777,180.71329217916482,175.0880012512207,169.46271032327658,0.06425672676304998,3.3178907254128203,97.6092145719131,57380165.0,0.8287027407467371,1186380000,2957898315.7317424,0.007904051050695804,0.0353564393652499,0.054978646826569166,1.410003662109375,0.011024501915280899,0.02691219139440748,0.007987670032932659,buy,none,Hold,Mixed,2.0,Buy,MACD above signal,179.8000030517578,
2023-10-12,178.45228576660156,180.7100067138672,182.33999633789062,179.0399932861328,180.07000732421875,56743100,176.97711321891222,177.02383608307179,-0.046722864159562505,-1.1960438945369947,1.1493210303774322,-0.046722864159562505,175.33650131225585,178.1378009033203,176.97711321891222,177.02383608307179,58.36827927591229,181.47109633399737,175.33650131225585,169.20190629051433,0.06997510473665093,3.3166130344374625,97.6092145719131,57172530.0,0.9924888753392582,1243123100,2958586519.548748,0.005061199369654101,0.03315992756459063,0.058702935902180675,0.910003662109375,0.010928567683377676,0.030646815474216105,0.014439415988652948,buy,none,Hold,Mixed,2.0,Buy,MACD above signal,180.7100067138672,
2023-10-13,176.61549377441406,178.85000610351562,181.92999267578125,178.13999938964844,181.4199981689453,51427100,177.26525058577428,177.15910793643798,0.1061426493363058,-0.9356065857623346,1.0417492350986404,0.1061426493363058,175.52850189208985,177.8914010620117,177.26525058577428,177.15910793643798,53.749159935814916,181.84779149100788,175.52850189208985,169.20921229317182,0.07200300271237955,3.350425909558559,92.98641311428396,54280910.0,0.9474251629163918,1191696000,2926427836.9405775,-0.01029273721015711,0.007662406717340087,0.04462355639303661,-1.8600006103515625,0.011177681106761272,0.0189228767728431,0.005388709267457825,buy,none,Hold,Uptrend,3.0,Buy,"MACD above signal, trend up",178.85000610351562,
2023-10-16,176.48712158203125,178.72000122070312,179.0800018310547,176.50999450683594,176.75,52517000,177.48905837576334,177.27472966119836,0.21432871456497082,-0.7056195256968736,0.9199482402618444,0.21432871456497082,175.56600189208984,177.8260009765625,177.48905837576334,177.27472966119836,53.43088246345097,181.95135590213326,175.56600189208984,169.18064788204643,0.07274021098877809,3.2946817248914297,85.48955949700444,53543880.0,0.9808217110900442,1139179000,2964231920.0740232,-0.0007268933652552212,-0.0015084879835441933,0.028604323572392065,-0.1300048828125,0.010546110252411707,0.01796474997791342,0.005027387666770133,buy,none,Hold,Uptrend,1.0,Hold,"MACD above signal, trend up",,
2023-10-17,174.93673706054688,177.14999389648438,178.4199981689453,174.8000030517578,176.64999389648438,57549400,177.4368946097204,177.26548997492324,0.17140463479717027,-0.5302146935980648,0.7016193283952351,0.17140463479717027,175.47000122070312,177.79200073242188,177.4368946097204,177.26548997492324,49.61027392292675,181.6975269443168,175.47000122070312,169.24247549708946,0.07098108714071065,3.339347185180993,71.82295264304258,53830005.0,1.0690952007156604,1081629600,2981401164.017709,-0.0087847320585005,-0.00695109309606301,0.027552205151770925,-1.57000732421875,0.010634704515697039,0.009574244395588627,-0.0036109995573070375,buy,none,Hold,Mixed,0.0,Hold,MACD above signal,,
2023-10-18,173.6431121826172,175.83999633789062,177.5800018310547,175.11000061035156,175.5800018310547,54764400,177.1912179525158,177.15989785366156,0.03132009885425191,-0.4179077351076015,0.4492278339618534,0.03132009885425191,175.48750076293945,177.71280059814453,177.1912179525158,177.15989785366156,46.61511127173853,181.7171196072606,175.48750076293945,169.2578819186183,0.0709978638619573,3.277251044861145,59.36719071895686,53646415.0,1.0208398827768828,1026865200,2959007418.482292,-0.007394849583563845,-0.022024508602078496,0.012553222560232502,-1.30999755859375,0.009755214924469829,0.002008664853158759,-0.010538375704791214,buy,none,Hold,Mixed,0.0,Hold,MACD above signal,,
2023-10-19,173.26785278320312,175.4600067138672,177.83999633789062,175.19000244140625,176.0399932861328,59302900,176.9248777619545,177.03397999145457,-0.1091022295000812,-0.35614663398609747,0.24704440448601628,-0.1091022295000812,175.56400146484376,177.65820068359375,176.9248777619545,177.03397999145457,45.75223790679998,181.75267873968917,175.56400146484376,169.37532418999834,0.07050052656819496,3.2324469628342327,41.49437994621387,53454105.0,1.1094171345680561,967562300,2911789102.0661006,-0.002160996541954341,-0.029052071301799876,0.003144491682821604,-0.3799896240234375,0.009540917276364911,-0.0005923466662235422,-0.012373163531254616,buy,none,Hold,Downtrend,-1.0,Hold,"MACD above signal, trend down",,
2023-10-20,170.72010803222656,172.8800048828125,175.4199981689453,172.63999938964844,175.30999755859375,64244000,176.3025896267019,176.72627813155515,-0.42368850485325993,-0.36965500815952995,-0.05403349669372998,-0.42368850485325993,175.46850204467773,177.55640075683593,176.3025896267019,176.72627813155515,40.29796998995497,181.76009927062194,175.46850204467773,169.17690481873353,0.07171198423227249,3.2029869886474125,21.827653466842424,53830035.0,1.1934601194296084,903318300,2858637850.0325093,-0.014704215959948308,-0.03337993299954256,-0.025973296905042464,-2.5800018310546875,0.010054934642550159,-0.014751919186077878,-0.02633752348037155,sell,bearish,Sell,Downtrend,-5.0,Strong Sell,"bearish MACD crossover, trend down",,172.8800048828125
2023-10-23,170.83856201171875,173.0,174.00999450683594,169.92999267578125,170.91000366210938,55980100,175.7944989149016,176.45025752921774,-0.6557586143161416,-0.4268757293908523,-0.2288828849252893,-0.6557586143161416,175.314501953125,177.46060089111327,175.7944989149016,176.45025752921774,40.652339195010434,181.68892315131103,175.314501953125,168.94008075493895,0.07271983922802248,3.265630905962218,8.61735486800949,54320405.0,1.0305538038606303,959298400,2886902475.464935,0.0006940948276166203,-0.03200537814253612,-0.03346558639774344,0.1199951171875,0.009888881183180664,-0.013201999420126898,-0.025135725162173994,sell,none,Hold,Downtrend,-3.0,Sell,"MACD below signal, trend down",,173.0
2023-10-24,171.27308654785156,173.44000244140625,173.6699981689453,171.4499969482422,173.0500030517578,43816600,175.43226868821,176.22727567086133,-0.79500698265133,-0.5005019800429479,-0.2945050026083821,-0.79500698265133,175.38850173950195,177.34020080566407,175.43226868821,176.22727567086133,42.01154313014476,181.6385868397381,175.38850173950195,169.13841663926578,0.07127132096172625,3.190943071300854,3.8146226728804384,53281790.0,0.8223560056822415,1003115000,2921640133.794717,0.0025433667133309967,-0.020942656409268734,-0.02774817515095196,0.44000244140625,0.0083561644215531,-0.011109618240480401,-0.021992748099635917,sell,none,Hold,Downtrend,-3.0,Sell,"MACD below signal, trend down",,173.44000244140625
2023-10-25,168.96231079101562,171.10000610351562,173.05999755859375,170.64999389648438,171.8800048828125,57157000,174.76576675210316,175.847477925132,-1.0817111730288502,-0.6167438186401284,-0.46496735438872183,-1.0817111730288502,175.42200241088867,177.21320098876953,174.76576675210316,175.847477925132,37.13998869800604,181.57179518115626,175.42200241088867,169.27220964062107,0.07011426942742355,3.1623048908452125,3.8146226728804384,52793550.0,1.082651195079702,945958000,2885828618.13707,-0.013491676112499795,-0.026956268955253715,-0.04838707897984729,-2.339996337890625,0.008683715170329117,-0.02463770934075693,-0.03449627257532195,sell,none,Hold,Downtrend,-3.0,Sell,"MACD below signal, trend down",,171.10000610351562
2023-10-26,164.80494689941406,166.88999938964844,171.3800048828125,165.6699981689453,170.3699951171875,70625300,173.55411023480244,175.1839609965777,-1.6298507617752591,-0.8193652072671546,-0.8104855545081046,-1.6298507617752591,175.23200225830078,177.01960083007813,173.55411023480244,175.1839609965777,30.326449132630742,182.1425884312644,175.23200225830078,168.32141608533718,0.07887356286412858,3.344283592489639,3.160936748181762,53510095.0,1.3198500208231736,875332700,2845382950.677001,-0.02460553222493822,-0.04884308102298407,-0.07647615965230459,-4.2100067138671875,0.010295170883638462,-0.04760547594700093,-0.0572230498370242,sell,none,Hold,Downtrend,-3.0,Sell,"MACD below signal, trend down",,166.88999938964844
2023-10-27,166.11830139160156,168.22000122070312,168.9600067138672,166.8300018310547,166.91000366210938,58499100,172.73347807878716,174.6681121242907,-1.9346340455035431,-1.0424189749144324,-0.8922150705891108,-1.9346340455035431,175.08250198364257,176.90400085449218,172.73347807878716,174.6681121242907,34.41961293081033,182.44898974945266,175.08250198364257,167.71601421783248,0.08414876052546154,3.257549398941272,4.865545243499075,53841995.0,1.0864957734199856,933831800,2863234580.152902,0.007969332110484562,-0.026955133795074637,-0.05943530623454396,1.3300018310546875,0.010456469455926643,-0.03919581160418073,-0.049088769003770905,sell,none,Hold,Downtrend,-3.0,Sell,"MACD below signal, trend down",,168.22000122070312
2023-10-30,168.16246032714844,170.2899932861328,171.1699981689453,168.8699951171875,169.02000427246094,51131000,172.35755734145573,174.34380702516788,-1.9862496837121455,-1.2311851166739751,-0.7550645670381704,-1.9862496837121455,174.9095016479492,176.82000061035157,172.35755734145573,174.34380702516788,40.29828348852962,182.55044014757664,174.9095016479492,167.2685631483218,0.08737019347304295,3.2355813667484803,16.719068242232446,53790320.0,0.9505613649444733,984962800,2875239084.5348225,0.012305267212035398,-0.01566477869287397,-0.047168799669825456,2.0699920654296875,0.010270631050964193,-0.026410848571933876,-0.036930252808948794,sell,none,Hold,Downtrend,-3.0,Sell,"MACD below signal, trend down",,170.2899932861328
2023-10-31,168.6364288330078,170.77000427246094,170.89999389648438,167.89999389648438,169.35000610351562,44846000,172.1133184077642,174.0790808953377,-1.9657624875734996,-1.37810059085388,-0.5876618967196197,-1.9657624875734996,174.82800216674804,176.71860076904298,172.1133184077642,174.0790808953377,41.6054904221226,182.60777943648696,174.82800216674804,167.0482248970091,0.08899921263549883,3.218754126266446,30.126468581726296,53552890.0,0.8374151236282487,1029808800,2916198741.415519,0.0028187856318813154,-0.015394361919749855,-0.03601461949669338,0.480010986328125,0.010173296070709043,-0.02321137257186434,-0.03366140559451569,sell,none,Hold,Downtrend,-3.0,Sell,"MACD below signal, trend down",,170.77000427246094
2023-11-01,171.7964630126953,173.97000122070312,174.22999572753906,170.1199951171875,171.0,56934900,172.3989619174471,174.07100091943886,-1.6720390019917488,-1.4368882730814536,-0.2351507289102952,-1.6720390019917488,174.84350204467773,176.65340087890624,172.3989619174471,174.07100091943886,49.53791238290272,182.61514037936615,174.84350204467773,167.07186370998932,0.08889822319736576,3.2824145894153824,52.601145130802266,53748620.0,1.059281149916035,1086743700,2965930352.3405876,0.018738635990994235,0.0167737873454612,-0.010634640332874867,3.1999969482421875,0.01092398957826747,-0.004995900984363755,-0.015190195291188036,sell,none,Hold,Downtrend,-1.0,Hold,"MACD below signal, trend down",,
2023-11-02,175.3514862060547,177.57000732421875,177.77999877929688,175.4600067138672,175.52000427246094,77334800,173.19450736464276,174.33018657905217,-1.1356792144094072,-1.3766464613470444,0.24096724693763716,-1.1356792144094072,174.97650222778321,176.58240112304688,173.19450736464276,174.33018657905217,56.66921274327787,182.8386576526793,174.97650222778321,167.11434680288713,0.08986527133410391,3.3200990872138374,74.08095546540223,55188965.0,1.4012728812725515,1164078500,3029265408.615457,0.020693257908003027,0.06399429548582503,0.012025535903418039,3.600006103515625,0.011766791033128686,0.014822019319253199,0.005592891448359394,buy,bullish,Buy,Mixed,4.0,Buy,bullish MACD crossover,177.57000732421875,
2023-11-03,174.4429931640625,176.64999389648438,176.82000732421875,173.35000610351562,174.24000549316406,79829200,173.72612067723378,174.5020241581212,-0.7759034808874219,-1.25649786525512,0.4805943843676981,-0.7759034808874219,174.93450164794922,176.5878009033203,173.72612067723378,174.5020241581212,54.54765332568409,182.75134288149258,174.93450164794922,167.11766041440586,0.0893687769983137,3.3843778110345006,91.32233158061021,56317090.0,1.4174951156034519,1084249300,3101272112.2749267,-0.005181130764130404,0.05011290342770347,0.02180696961587536,-0.920013427734375,0.01136201940620099,0.009806483182988934,0.0003521930328478362,buy,none,Hold,Mixed,2.0,Buy,MACD above signal,176.64999389648438,
2023-11-06,176.99075317382812,179.22999572753906,179.42999267578125,176.2100067138672,176.3800048828125,63841300,174.57287068497305,174.85224427437439,-0.27937358940133095,-1.0610730100843622,0.7816994206830312,-0.27937358940133095,174.94650115966797,176.60020080566406,174.57287068497305,174.85224427437439,59.164604843337436,182.78890273744665,174.94650115966797,167.1040995818893,0.0896548547789609,3.3726355360973264,97.31544312136849,57389615.0,1.112419032607206,1148090600,3157182902.4386516,0.014605162299448304,0.052498695131102835,0.03601153599733564,2.5800018310546875,0.011686637801863286,0.024484596945220982,0.014891234040944834,buy,none,Hold,Mixed,2.0,Buy,MACD above signal,179.22999572753906,
2023-11-07,179.5484161376953,181.82000732421875,182.44000244140625,178.97000122070312,179.17999267578125,70530000,175.68781478331857,175.36837487065915,0.3194399126594192,-0.7849704255356059,1.104410338195025,0.3194399126594192,175.11800155639648,176.63280090332032,175.68781478331857,175.36837487065915,63.20525440004229,183.3922443827632,175.11800155639648,166.84375873002975,0.0944990549552614,3.3795902278548833,97.31544312136849,58731215.0,1.200894617964229,1218620600,3202509305.7630434,0.014450770844278482,0.06470693198629718,0.04831644813683367,2.5900115966796875,0.012078724676192568,0.03827136963794042,0.02936717526059973,buy,none,Hold,Uptrend,3.0,Buy,"MACD above signal, trend up",181.82000732421875,
2023-11-08,180.6050262451172,182.88999938964844,183.4499969482422,181.58999633789062,182.35000610351562,49340300,176.79584318429238,175.92553224243613,0.8703109418562462,-0.45391415205723556,1.3242250939134819,0.8703109418562462,175.27250137329102,176.60820098876954,176.79584318429238,175.92553224243613,64.75676148935727,183.9939792319742,175.27250137329102,166.55102351460783,0.09951906648617287,3.271048112318932,100.0,58820675.0,0.8388258040221401,1267960900,3222139456.866844,0.005884897273828127,0.05127319713948353,0.06890703019028455,1.0699920654296875,0.01202650085752357,0.043460884945858425,0.0355691206054376,buy,none,Hold,Uptrend,3.0,Buy,"MACD above signal, trend up",182.88999938964844,
2023-11-09,180.1310272216797,182.41000366210938,184.1199951171875,181.80999755859375,182.9600067138672,53763500,177.6595601808796,176.40586345870824,1.2536967221713553,-0.11239197721151739,1.3660886993828727,1.2536967221713553,175.3575012207031,176.50340118408204,177.6595601808796,176.40586345870824,63.463946050514345,184.31912892230284,175.3575012207031,166.3958735191034,0.10220980156783499,3.2024016441957044,98.74837476015485,58671695.0,0.9163447553373053,1214197400,3196305361.4035316,-0.0026245050529877245,0.027256834703247135,0.09299541212308005,-0.4799957275390625,0.012010028987454421,0.04021785433934788,0.03346452498027008,buy,none,Hold,Uptrend,3.0,Buy,"MACD above signal, trend up",182.41000366210938,
2023-11-10,184.3136749267578,186.39999389648438,186.57000732421875,183.52999877929688,183.97000122070312,66133400,179.00424229097266,177.14616941706203,1.8580728739106291,0.2817009930129119,1.5763718808977172,1.8580728739106291,175.73500061035156,176.47400115966798,179.00424229097266,177.14616941706203,69.00359105509051,185.81907512083504,175.73500061035156,165.6509260998681,0.11476455430574573,3.270801788332395,98.74837476015485,59407010.0,1.1132255267518092,1280330800,3255041699.2863803,0.02187374680264753,0.05519388812271031,0.10807271753570658,3.989990234375,0.012621674019566235,0.06068792926333311,0.0562462043790557,buy,none,Hold,Uptrend,3.0,Buy,"MACD above signal, trend up",186.39999389648438,
2023-11-13,182.7316131591797,184.8000030517578,186.02999877929688,184.2100067138672,185.82000732421875,43627500,179.89589779263193,177.71312005666914,2.1827777359627873,0.661916341602887,1.5208613943599003,2.1827777359627873,176.03900070190429,176.38080108642578,179.89589779263193,177.71312005666914,64.76308056658394,186.80801656381604,176.03900070190429,165.26998483999253,0.1223480685413282,3.193600745067023,95.09375235035357,58962535.0,0.7399190011080765,1236703300,3239700108.5716453,-0.008583642151914983,0.031077428203960533,0.08520764776380196,-1.5999908447265625,0.012836211526620638,0.04976739424173959,0.04773309744299592,buy,none,Hold,Uptrend,3.0,Buy,"MACD above signal, trend up",184.8000030517578,
2023-11-14,185.342041015625,187.44000244140625,188.11000061035156,186.3000030517578,187.6999969482422,60108400,181.05652927705876,178.43362986294596,2.622899414112794,1.0541129561048685,1.5687864580079256,2.622899414112794,176.5535011291504,176.33560119628908,181.05652927705876,178.43362986294596,68.23209449451608,188.41362620575504,176.5535011291504,164.69337605254574,0.13435162713571863,3.201914803176075,95.6804744784149,59090485.0,1.01722637747854,1296811700,3255308428.7267623,0.01428571074703422,0.03090966280276297,0.09761666423775806,2.6399993896484375,0.012876014398091652,0.061661203219596894,0.06297311019319496,buy,none,Hold,Uptrend,5.0,Strong Buy,"MACD above signal, trend up",187.44000244140625,
2023-11-15,185.9056396484375,188.00999450683594,189.5,187.77999877929688,187.85000610351562,53790500,182.12629315856293,179.1429902069378,2.98330295162512,1.439950955208919,1.5433519964162012,2.98330295162512,177.16200103759766,176.43760101318358,182.12629315856293,179.1429902069378,68.94300864414201,190.02006887703394,177.16200103759766,164.3039331981614,0.14515604660287743,3.1203492857059087,95.6220828818488,59041790.0,0.9110580827579923,1350602200,3215903482.682512,0.003040930740533243,0.027994943049233223,0.08070353042258871,0.5699920654296875,0.012646015163630444,0.061232055439112365,0.06558915688718558,buy,none,Hold,Uptrend,3.0,Buy,"MACD above signal, trend up",188.00999450683594,
2023-11-16,187.58663940429688,189.7100067138672,190.9600067138672,188.64999389648438,189.57000732421875,54412900,183.29301832091744,179.92573217041405,3.3672861505033893,1.8254179942678133,1.541868156235576,3.3672861505033893,177.87450103759767,176.68060119628908,183.29301832091744,179.92573217041405,71.02563077571156,191.81044075899004,177.87450103759767,163.9385613162053,0.15669406958388832,3.108182351514862,99.27670529165007,58797290.0,0.9254321075001926,1405015100,3211428289.5185437,0.009042137421952035,0.040019751686865224,0.06836739814670634,1.70001220703125,0.012633554127317124,0.06653851792825449,0.07374553532961259,buy,none,Hold,Uptrend,1.0,Hold,"MACD above signal, RSI overbought, trend up",,
2023-11-17,187.56686401367188,189.69000244140625,190.3800048828125,188.57000732421875,190.25,50922700,184.27716972406955,180.64901144974678,3.6281582743227716,2.185966050278805,1.4421922240439664,3.6281582743227716,178.71500091552736,176.91080139160155,184.27716972406955,180.64901144974678,70.96532586150485,193.35456621152338,178.71500091552736,164.07543561953133,0.16383141002154214,3.015454866306211,99.87328229136473,58131225.0,0.875995646057691,1354092400,3223525757.786964,-0.0001054465855937492,0.017650261012073676,0.07381833566642082,-0.0200042724609375,0.011897003151567427,0.06141063408027181,0.07223527873528335,buy,none,Hold,Uptrend,1.0,Hold,"MACD above signal, RSI overbought, trend up",,
2023-11-20,189.30715942382812,191.4499969482422,191.91000366210938,189.8800048828125,189.88999938964844,46505100,185.38068160471147,181.44908444963534,3.9315971550761333,2.535092271238271,1.3965048838378622,3.9315971550761333,179.63750076293945,177.1526013183594,185.38068160471147,181.44908444963534,73.12716937506934,195.0263482142461,179.63750076293945,164.2486533116328,0.17133223726614524,2.9586367487631335,99.9316738879308,57657475.0,0.806575383330609,1400597500,3248954334.5424776,0.009278267089376957,0.035984814862918935,0.06818055856721483,1.7599945068359375,0.011899048675458471,0.06575740663911378,0.08070666489502498,buy,none,Hold,Uptrend,1.0,Hold,"MACD above signal, RSI overbought, trend up",,
2023-11-21,188.5062255859375,190.63999938964844,191.52000427246094,189.74000549316406,191.41000366210938,38134500,186.1898074177787,182.12989296371038,4.05991445406832,2.840056707804281,1.2198577462640388,4.05991445406832,180.49750061035155,177.43940124511718,186.1898074177787,182.12989296371038,70.52458442274026,196.32113562404095,180.49750061035155,164.67386559666215,0.17533356373558462,2.8744483223726864,95.26240093627214,57373370.0,0.6646724778412005,1362463000,3249382576.9945154,-0.004230856994020926,0.017072113244570142,0.048509469311053266,-0.80999755859375,0.01207221579779452,0.05619190706242505,0.07439496555951397,buy,none,Hold,Uptrend,1.0,Hold,"MACD above signal, RSI overbought, trend up",,
2023-11-22,189.16873168945312,191.30999755859375,192.92999267578125,190.8300018310547,191.49000549316406,39617700,186.9775289779041,182.80990071147951,4.167628266424572,3.1055710195283392,1.0620572468962326,4.167628266424572,181.50800018310548,177.78140106201172,186.9775289779041,182.80990071147951,71.43032947991931,197.38321435332256,181.50800018310548,165.6327860128884,0.17492577907532608,2.8327015340698383,92.28644270379802,56496405.0,0.701242848991896,1402080700,3227875743.318221,0.0035144679557825853,0.017552274603347406,0.046038592580485815,0.6699981689453125,0.011288925943926966,0.05400311482469089,0.07609680436629662,buy,none,Hold,Uptrend,1.0,Hold,"MACD above signal, RSI overbought, trend up",,
2023-11-24,187.84371948242188,189.97000122070312,190.89999389648438,189.25,190.8699951171875,24048300,187.43790932295008,183.34027852697756,4.0976307959725204,3.3039829748171754,0.793647821155345,4.0976307959725204,182.6620002746582,178.0660009765625,187.43790932295008,183.34027852697756,66.99617592135074,197.43628411441182,182.6620002746582,167.88771643490458,0.16176636429622354,2.7775083929644033,77.64970115156848,54167555.0,0.4439613344187309,1378032400,3224815163.8094635,-0.0070043194552873445,0.0013704838840056244,0.0414450819955996,-1.339996337890625,0.009319763648571665,0.04000832649952546,0.0668516178206724,buy,none,Hold,Uptrend,3.0,Buy,"MACD above signal, trend up",189.97000122070312,
2023-11-27,187.66571044921875,189.7899932861328,190.6699981689453,188.89999389648438,189.9199981689453,40552600,187.79976839420897,183.81803517580389,3.9817332184050827,3.439533023534757,0.5422001948703254,3.9817332184050827,183.7404998779297,178.36160095214845,187.79976839420897,183.81803517580389,66.39987149211122,197.23398745305337,183.7404998779297,170.247012302806,0.14687548563423142,2.705543812928442,59.71816938662964,53270230.0,0.761261965641973,1337479800,3225044148.1369147,-0.0009475597905649336,0.0005271276474227982,0.018186692600060006,-0.1800079345703125,0.00945994733309423,0.03292411532689954,0.06407428657836745,buy,none,Hold,Uptrend,3.0,Buy,"MACD above signal, trend up",189.7899932861328,
2023-11-28,188.26890563964844,190.39999389648438,191.0800018310547,189.39999389648438,189.77999877929688,38415400,188.19980308686672,184.3055876736321,3.894215413234633,3.530469501474733,0.36374591175990023,3.894215413234633,184.74599990844726,178.61020080566405,188.19980308686672,184.3055876736321,67.45693193159772,197.02267015310125,184.74599990844726,172.46932966379327,0.13290323201301044,2.6322912501885756,43.202943572476336,52634450.0,0.7298527865304948,1375895200,3232361151.1922913,0.003214082048213829,-0.005484476722356302,0.030302980261088797,0.6100006103515625,0.009363647398853422,0.030604148348754467,0.06600850924325519,buy,none,Hold,Uptrend,1.0,Hold,"MACD above signal, trend up",,
2023-11-29,187.25042724609375,189.3699951171875,192.08999633789062,188.97000122070312,190.89999389648438,43014200,188.379832629993,184.6807289657473,3.6991036642456834,3.5641963340289236,0.13490733021675982,3.6991036642456834,185.6759994506836,178.81620056152343,188.379832629993,184.6807289657473,63.806733158366924,196.28107423761475,185.6759994506836,175.07092466375246,0.11423204741922391,2.6671272406884987,25.688797497598166,52542860.0,0.8186497651631449,1332881000,3200376082.210719,-0.0054096576277038455,-0.006661793309520436,0.010296589045257543,-1.029998779296875,0.009669812375383797,0.01989484735470648,0.05902034895341002,buy,none,Hold,Uptrend,1.0,Hold,"MACD above signal, trend up",,
2023-11-30,187.82395935058594,189.9499969482422,190.32000732421875,188.19000244140625,189.83999633789062,48794400,188.62139637126208,185.0710451125988,3.5503512586632837,3.561427318955796,-0.011076060292512402,3.5503512586632837,186.47499923706056,179.105400390625,188.62139637126208,185.0710451125988,64.9566665346617,195.75731255926897,186.47499923706056,177.19268591485215,0.099555579677553,2.62876135798307,19.068856709581006,52135835.0,0.9359090537247557,1381675400,3232218000.61292,0.0030627968844576525,-0.007108884155074158,0.010318613361459894,0.5800018310546875,0.009137617762731953,0.018635193593774746,0.06054868548890968,sell,bearish,Sell,Uptrend,-3.0,Sell,"bearish MACD crossover, trend up",,189.9499969482422
2023-12-01,189.09950256347656,191.24000549316406,191.55999755859375,189.22999572753906,190.3300018310547,45704800,189.02425931309315,185.5280051407888,3.4962541723043614,3.5483926896255094,-0.05213851732114794,3.4962541723043614,187.15849914550782,179.45160064697265,189.02425931309315,185.5280051407888,67.4349159045463,195.70097728963225,187.15849914550782,178.6160210013834,0.09128602957521063,2.6074213917739,18.27075935514996,50554335.0,0.9040728159118303,1427380200,3265369013.6097307,0.006791305952341675,0.006685288541876,0.00806493450608814,1.290008544921875,0.008329416219827438,0.021807753141272146,0.06569127722288881,sell,none,Hold,Uptrend,1.0,Hold,"MACD below signal, trend up",,
2023-12-04,187.3097686767578,189.42999267578125,190.0500030517578,187.4499969482422,189.97999572753906,43389500,189.0866798304298,185.81704125449193,3.2696385759378757,3.492641866887983,-0.2230032909501074,3.2696385759378757,187.79749908447266,179.7444006347656,189.0866798304298,185.81704125449193,60.924546319884975,194.88882119059082,187.79749908447266,180.7061769783545,0.07552094293788682,2.6918919027130412,17.088313648924345,48732350.0,0.8903633828452763,1383990700,3288064762.0281024,-0.00946461391650355,-0.0018968366251471691,-0.001370708852752034,-1.8100128173828125,0.008621055858176135,0.008692839890132253,0.053885361695891865,sell,none,Hold,Uptrend,-1.0,Hold,"MACD below signal, trend up",,
2023-12-05,191.25511169433594,193.4199981689453,194.39999389648438,190.17999267578125,190.2100067138672,66628400,189.7533441902014,186.38022324815515,3.3731209420462562,3.468737681919638,-0.09561673987338182,3.3731209420462562,188.50699920654296,180.09120056152344,189.7533441902014,186.38022324815515,68.21042686204535,194.82485991699033,188.50699920654296,182.18913849609558,0.06703051597065673,2.85461399685519,32.87822413064045,48871705.0,1.363332832361793,1450619100,3323747413.949914,0.02106321938149014,0.015861367485667133,0.0102898994625511,3.9900054931640625,0.009161564838582565,0.026062687237513593,0.07401137626859478,sell,none,Hold,Uptrend,1.0,Hold,"MACD below signal, trend up",,
2023-12-06,190.1674346923828,192.32000732421875,194.75999450683594,192.11000061035156,194.4499969482422,41089700,190.14821544158866,186.8202072537895,3.3280081877991563,3.4405917830955417,-0.1125835952963854,3.3280081877991563,189.03199920654296,180.49840057373046,190.14821544158866,186.8202072537895,64.6325173787491,194.75716278943327,189.03199920654296,183.30683562365266,0.06057348604386065,2.8399982754001316,30.03138901995797,47399690.0,0.8668769774654644,1409529400,3289170266.965403,-0.0056870585003612195,0.015578033918233425,0.008812462966581114,-1.0999908447265625,0.009041771333598214,0.01739392341760726,0.06549424655793201,sell,none,Hold,Uptrend,1.0,Hold,"MACD below signal, trend up",,
2023-12-07,192.09561157226562,194.27000427246094,195.0,193.58999633789062,193.6300048828125,47477700,190.7823368001844,187.3720440699874,3.410292730197,3.4345319725158334,-0.024239242318833565,3.410292730197,189.6009994506836,180.97520080566406,190.7823368001844,187.3720440699874,67.85183829055032,195.02547730606238,189.6009994506836,184.1765215953048,0.057219928914876185,2.828569303998783,48.9543477404937,47306560.0,1.0036176800849608,1457007100,3287487075.990791,0.010139334827264257,0.022742865983808702,0.015472305429101274,1.9499969482421875,0.009166128526753236,0.024625423047897943,0.0734620180423129,sell,none,Hold,Uptrend,1.0,Hold,"MACD below signal, trend up",,
2023-12-08,193.5194854736328,195.7100067138672,195.99000549316406,193.6699981689453,194.1999969482422,53406400,191.5404398638279,187.98967093249703,3.550768931330879,3.4577793642788426,0.0929895670520362,3.550768931330879,190.2659996032715,181.4756008911133,191.5404398638279,187.98967093249703,70.02192852529329,195.24374699077472,190.2659996032715,185.28825221576827,0.0523240873081103,2.792243448300209,53.90274190967007,47288705.0,1.1293690533500547,1510413500,3328002372.889057,0.00741237663940475,0.023373776889286324,0.03021532587398079,1.44000244140625,0.009112987978869086,0.02861261140690985,0.07843702267884844,buy,bullish,Buy,Uptrend,3.0,Buy,"bullish MACD crossover, RSI overbought, trend up",195.7100067138672,
2023-12-11,191.01779174804688,193.17999267578125,193.49000549316406,191.4199981689453,193.11000061035156,60943700,191.79267875797458,188.37413920977735,3.4185395481972307,3.4499314010625204,-0.03139185286528967,3.4185395481972307,190.60499954223633,181.91500061035157,191.79267875797458,188.37413920977735,62.09147521530181,195.40368231146243,190.60499954223633,185.80631677301022,0.05035211857769513,2.899226669487471,47.47634812538328,47029220.0,1.2958688236802567,1449469800,3370691714.1554585,-0.012927361664163084,0.019796231563067757,0.01786184472085184,-2.5300140380859375,0.008748127449200947,0.01350957813136655,0.061924481365659645,sell,bearish,Sell,Uptrend,-1.0,Hold,"bearish MACD crossover, trend up",,
2023-12-12,192.5306854248047,194.7100067138672,194.72000122070312,191.72000122070312,193.0800018310547,52696900,192.2414984434965,188.84346272859884,3.3980357148976736,3.439552263829551,-0.041516548931877395,3.3980357148976736,191.1004997253418,182.3342007446289,192.2414984434965,188.84346272859884,64.69553386497856,195.42206130870167,191.1004997253418,186.7789381419819,0.04522815575648439,2.90642476452408,40.518188498991606,47482690.0,1.1098128602233783,1502166700,3423037494.4706035,0.007920147510585007,0.0066694682924932636,0.022636622665681783,1.5300140380859375,0.008489260711465909,0.018888003923135388,0.06787429850624349,sell,none,Hold,Uptrend,1.0,Hold,"MACD below signal, trend up",,
2023-12-13,195.74429321289062,197.9600067138672,198.0,194.85000610351562,195.08999633789062,70404200,193.12126894663047,189.51876228306315,3.6025066635673113,3.472143143777103,0.13036351979020822,3.6025066635673113,191.62649993896486,182.84540100097655,193.12126894663047,189.51876228306315,69.48988988796687,196.55599370322017,191.62649993896486,186.69700617470954,0.05144897773351191,2.933822516067561,47.051209086115485,47997480.0,1.46683117530337,1572570900,3491653947.9491296,0.016691489332522957,0.02932611883765346,0.045360996029830014,3.25,0.008677771303209304,0.03305130958880742,0.08266330807417965,buy,bullish,Buy,Uptrend,5.0,Strong Buy,"bullish MACD crossover, trend up",197.9600067138672,
2023-12-14,195.89260864257812,198.11000061035156,199.6199951171875,196.16000366210938,198.02000427246094,66831600,193.8887661256645,190.15515030730674,3.733615818357748,3.524437678693232,0.20917813966451604,3.733615818357748,192.13150024414062,183.33440093994142,193.8887661256645,190.15515030730674,69.6944391269684,197.5232663204808,192.13150024414062,186.73973416780046,0.05612578957108927,2.971406011711173,75.48210544211624,48649535.0,1.3737356379665293,1639402500,3500152832.2801666,0.000757697976345284,0.01976628534225533,0.04295869330460067,0.149993896484375,0.008689026463191966,0.031116710995407137,0.08059371069835652,buy,none,Hold,Uptrend,3.0,Buy,"MACD above signal, trend up",198.11000061035156,
2023-12-15,195.358642578125,197.57000732421875,198.39999389648438,197.0,197.52999877929688,128538400,194.45511092544206,190.70439897522616,3.7507119502159014,3.5696925329977662,0.1810194172181352,3.7507119502159014,192.5245002746582,183.7876010131836,194.45511092544206,190.70439897522616,67.92877801695855,198.28610517213306,192.5245002746582,186.76289537718336,0.059853212336666406,2.8591622891949733,89.1812154408158,52355810.0,2.455093331571033,1510864100,3476283216.3760796,-0.002725724519050843,0.009503860541331122,0.03309977854649748,-0.5399932861328125,0.008632037252634044,0.026207090746177997,0.07499094734930734,buy,none,Hold,Uptrend,2.0,Buy,"MACD above signal, trend up, volume spike",197.57000732421875,
2023-12-18,193.6974639892578,195.88999938964844,196.6300048828125,194.38999938964844,196.08999633789062,55751900,194.6758629968584,191.0885175244426,3.587345472415791,3.573223120881371,0.014122351534419764,3.587345472415791,192.83450012207032,184.1556008911133,194.6758629968584,191.0885175244426,62.61396391393054,198.61983785104366,192.83450012207032,187.049162393097,0.06000313974222486,2.8820798352932115,63.98742592061496,52597270.0,1.0599770672508289,1455112200,3495198856.4827547,-0.008503355126233125,0.014028402612145552,0.03410234368178333,-1.6800079345703125,0.008941971075473232,0.015845189868223253,0.06372001960164875,buy,none,Hold,Uptrend,3.0,Buy,"MACD above signal, trend up",195.88999938964844,
2023-12-19,194.73568725585938,196.94000244140625,196.9499969482422,195.88999938964844,196.16000366210938,40714100,195.02419214217346,191.5219608516251,3.502231290548366,3.55902475481477,-0.0567934642664043,3.502231290548366,193.1090003967285,184.51460083007814,195.02419214217346,191.5219608516251,64.48429555777808,199.12201886387788,193.1090003967285,187.09598192957912,0.06227590070681394,2.75193110124325,44.89715924993492,52307720.0,0.7783573820460918,1495826300,3535145186.128059,0.005360166700849378,0.011452907660858491,0.01819876075785265,1.0500030517578125,0.008807902296689235,0.019838547332373002,0.06734102101096506,sell,bearish,Sell,Uptrend,-1.0,Hold,"bearish MACD crossover, trend up",,
2023-12-20,192.64930725097656,194.8300018310547,197.67999267578125,194.8300018310547,196.89999389648438,52242800,194.99431670969363,191.76700092417545,3.2273157855181864,3.4926829609554533,-0.26536717543726684,3.2273157855181864,193.31850051879883,184.84340087890624,194.99431670969363,191.76700092417545,58.18493512486199,199.2644239857203,193.31850051879883,187.37257705187736,0.06151427257054762,2.758935368634915,19.233250157091284,53013135.0,0.9854689785842697,1443583500,3482902386.128059,-0.010713925988598105,-0.015811299134459222,0.01305113566579963,-2.1100006103515625,0.009141024919599422,0.007818710098617121,0.05402735994178576,sell,none,Hold,Uptrend,-1.0,Hold,"MACD below signal, trend up",,
2023-12-21,192.5009765625,194.67999267578125,197.0800018310547,193.5,196.10000610351562,46482500,194.9459591660148,191.98277809096106,2.9631810750537397,3.3867825837751107,-0.4236015087213709,2.9631810750537397,193.48700027465821,185.1410006713867,194.9459591660148,191.98277809096106,57.75298184249691,199.38652165813193,193.48700027465821,187.5874788911845,0.06098106203620126,2.81758297309347,13.04312661055713,53356375.0,0.8711705021190064,1397101000,3467061775.233374,-0.0007699489496669765,-0.017313653646978455,0.002110405076973798,-0.1500091552734375,0.00913233266718977,0.006165749633978201,0.05152284998894241,sell,none,Hold,Uptrend,-1.0,Hold,"MACD below signal, trend up",,
2023-12-22,191.43310546875,193.60000610351562,195.41000366210938,192.97000122070312,195.17999267578125,37149600,194.73888946409187,192.1025727585577,2.6363167055341705,3.2366894081269226,-0.6003727025927521,2.6363167055341705,193.66850051879882,185.3988006591797,194.73888946409187,192.1025727585577,54.609713928757074,199.34311775645796,193.66850051879882,187.9938832811397,0.05860134428116065,2.7906129351158113,0.0,54011440.0,0.6878098417668553,1359951400,3449096114.558486,-0.005547496470601487,-0.020094149281415064,-0.010781260732551257,-1.079986572265625,0.00907146649169904,-0.00035366833067695946,0.04423548272791833,sell,none,Hold,Uptrend,-1.0,Hold,"MACD below signal, trend up",,
2023-12-26,190.8892364501953,193.0500030517578,193.88999938964844,192.8300018310547,193.61000061035156,28919300,194.47906078527126,192.17275278027623,2.3063080049950315,3.0506131275005446,-0.7443051225055131,2.3063080049950315,193.83150100708008,185.68280059814452,194.47906078527126,192.17275278027623,53.02688305157299,199.2317739918279,193.83150100708008,188.43122802233225,0.05572131420011625,2.666997551078521,0.0,53429775.0,0.5412581280755908,1331032100,3432181146.5501943,-0.0028409247645567737,-0.014497913863594114,-0.0006728938241632454,-0.5500030517578125,0.009102530783242344,-0.004031841838204153,0.03967627820067965,sell,none,Hold,Uptrend,-1.0,Hold,"MACD below signal, trend up",,
2023-12-27,190.9881134033203,193.14999389648438,193.5,191.08999633789062,192.49000549316406,48087700,194.27458895622712,192.24514101110645,2.0294479451206655,2.846380091024569,-0.8169321459039036,2.0294479451206655,193.96900100708007,185.97140045166014,194.27458895622712,192.24514101110645,53.29193822151598,199.14830264804885,193.96900100708007,188.78969936611128,0.05340339553308045,2.6486408447235816,0.5198675311045585,53913390.0,0.8919435412983676,1379119800,3466301242.4600854,0.0005179530854488856,-0.019244483080828045,-0.00801198070767517,0.0999908447265625,0.009086267695945192,-0.004222360822314086,0.038600523668638864,sell,none,Hold,Uptrend,-1.0,Hold,"MACD below signal, trend up",,
2023-12-28,191.41329956054688,193.5800018310547,194.66000366210938,193.1699981689453,194.13999938964844,34049900,194.1677293985083,192.34401959036188,1.8237098081464183,2.641846034448939,-0.8181362263025207,1.8237098081464183,194.17950134277345,186.30000061035156,194.1677293985083,192.34401959036188,54.48146998749512,198.9174351708857,194.17950134277345,189.4415675146612,0.0487995261636672,2.567310053359397,3.3728302532331536,53465175.0,0.636861284004027,1413169700,3450990311.891416,0.002226290179438317,-0.006415849654838768,-0.02212570587120355,0.4300079345703125,0.008973267560774949,-0.003087347055549916,0.03907676434166696,sell,none,Hold,Uptrend,-1.0,Hold,"MACD below signal, trend up",,
2023-12-29,190.37506103515625,192.52999877929688,194.39999389648438,191.72999572753906,193.89999389648438,42672100,193.91577084170655,192.3577958265793,1.557975015127255,2.4250718305846024,-0.8670968154573475,1.557975015127255,194.30850143432616,186.63380065917968,193.91577084170655,192.3577958265793,51.06183765920385,198.70712430083782,194.30850143432616,189.9098785678145,0.045274631156561496,2.574644918758391,3.3728302532331536,53159060.0,0.802724878882358,1370497600,3433889622.8548923,-0.005424129774904141,-0.011043733189701532,-0.028166179465263785,-1.0500030517578125,0.00907752691148629,-0.009152984259056751,0.031592338040012935,sell,none,Hold,Uptrend,-1.0,Hold,"MACD below signal, trend up",,
2024-01-02,183.56219482421875,185.63999938964844,188.44000244140625,183.88999938964844,187.14999389648438,82488700,192.6425752336976,191.86018127569554,0.7823939580020749,2.096536256068097,-1.314142298066022,0.7823939580020749,194.02850112915038,186.83740051269533,192.6425752336976,191.86018127569554,35.3723736657564,199.70121957005117,194.02850112915038,188.3557826882496,0.058473042959032835,3.0078845238219656,2.852962722128576,54998255.0,1.4998421313548949,1288008900,3414853726.449928,-0.03578662771169838,-0.041115735862172764,-0.06038369940935817,-6.8899993896484375,0.012075044182767976,-0.0432333481456848,-0.00640878710451509,sell,none,Hold,Mixed,-2.0,Sell,MACD below signal,,185.63999938964844
2024-01-03,182.187744140625,184.25,185.8800048828125,183.42999267578125,184.22000122070312,58414500,191.35140981312875,191.29646414416254,0.054945668966212224,1.68821813864772,-1.6332724696815077,0.054945668966212224,193.76950149536134,187.06480041503906,191.35140981312875,191.29646414416254,33.158816237552145,200.61099052450854,193.76950149536134,186.92801246621414,0.0706147146620076,2.968036501194057,0.0,55749505.0,1.0478030253362787,1229594400,3395541331.903205,-0.007487607165581278,-0.045584060671568505,-0.059421100749993405,-1.3899993896484375,0.012013616149404601,-0.04912796607256187,-0.015047194388222107,sell,none,Hold,Mixed,-2.0,Sell,MACD below signal,,184.25
2024-01-04,179.87393188476562,181.91000366210938,183.08999633789062,180.8800048828125,182.14999389648438,71983600,189.89888578989502,190.60117077512157,-0.7022849852265551,1.210117513872865,-1.9124024990994202,-0.7022849852265551,193.19400177001953,187.24300048828124,189.89888578989502,190.60117077512157,29.7801959037089,201.77224632568553,193.19400177001953,184.61575721435352,0.08880446056371512,2.9967478309078746,0.0,56017265.0,1.2850252506972628,1157610800,3390655747.109579,-0.012700115809447077,-0.058193065439074765,-0.07631765305663896,-2.339996337890625,0.011035742075543248,-0.05840760067355899,-0.028481688566540764,sell,none,Hold,Downtrend,-1.0,Hold,"MACD below signal, RSI oversold, trend down",,
2024-01-05,179.152099609375,181.17999267578125,182.75999450683594,180.1699981689453,181.99000549316406,62379700,188.5575176184929,189.90330573072598,-1.3457881122330662,0.6989363886516788,-2.0447245008847448,-1.3457881122330662,192.63700103759766,187.39780029296875,188.5575176184929,189.90330573072598,28.794487128601972,202.68985088419186,192.63700103759766,182.58415119100346,0.1043709130898705,2.967694152835214,0.0,57081765.0,1.0928130901348267,1095231100,3376927200.3304253,-0.004013033761925966,-0.064056250841941,-0.0700611252219252,-0.730010986328125,0.011020662805546647,-0.05947459885746609,-0.0331797257356643,sell,none,Hold,Downtrend,-1.0,Hold,"MACD below signal, RSI oversold, trend down",,
2024-01-08,183.48309326171875,185.55999755859375,185.60000610351562,181.5,182.08999633789062,59144500,188.0963606862007,189.5815791994569,-1.4852185132562,0.26210540827010315,-1.747323921526303,-1.4852185132562,192.2015007019043,187.68700012207032,188.0963606862007,189.5815791994569,41.34010929482108,202.6793155315319,192.2015007019043,181.72368587227672,0.10902947990898572,3.07143124389944,11.717277955428075,57665105.0,1.0256549433145055,1154375600,3434917416.4950414,0.024174881663950876,-0.036202156884097114,-0.04684608311227889,4.3800048828125,0.012271924501693085,-0.034554897433455634,-0.011332711173886234,sell,none,Hold,Downtrend,-3.0,Sell,"MACD below signal, trend down",,185.55999755859375
2024-01-09,183.06777954101562,185.13999938964844,185.14999389648438,182.72999572753906,183.9199981689453,42841800,187.64153587134652,189.25257328761924,-1.6110374162727226,-0.11252315663846199,-1.4985142596342607,-1.6110374162727226,191.67300033569336,188.05200012207033,187.64153587134652,189.25257328761924,40.601394126123296,202.45160833139602,191.67300033569336,180.8943923399907,0.11246871470499399,3.0541862858391005,22.744615559804494,57136875.0,0.7498099957339284,1111533800,3477405346.2578993,-0.002263409002323802,-0.002693385055181574,-0.043698380408850435,-0.4199981689453125,0.01206116152727043,-0.03408409601040896,-0.015485082480014123,sell,none,Hold,Downtrend,-3.0,Sell,"MACD below signal, trend down",,185.13999938964844
2024-01-10,184.1060333251953,186.19000244140625,186.39999389648438,183.9199981689453,184.35000610351562,46792900,187.4182230359711,189.02571618789977,-1.6074931519286793,-0.4115171556965055,-1.1959759962321739,-1.6074931519286793,191.3235008239746,188.41140014648437,187.4182230359711,189.02571618789977,43.3278767130775,202.33477861946196,191.3235008239746,180.31222302848724,0.11510638001149877,3.0131726745319547,39.227736863166875,56429335.0,0.8292300449757205,1158326700,3516273951.0268946,0.005671400319862574,0.010529185570725907,-0.0355348381347208,1.0500030517578125,0.011947800516808821,-0.02683150977511839,-0.011790144881631659,sell,none,Hold,Downtrend,-1.0,Hold,"MACD below signal, trend down",,
2024-01-11,183.5127410888672,185.58999633789062,187.0500030517578,183.6199951171875,186.5399932861328,49128400,187.13695739011257,188.77121842123245,-1.6342610311198769,-0.6560659307811798,-0.978195100338697,-1.6342610311198769,190.86750030517578,188.71740020751952,187.13695739011257,188.77121842123245,42.13760499525744,202.03430034398488,190.86750030517578,179.70070026636668,0.11701101571461497,3.042946621677552,42.86935790954951,56250910.0,0.8733796484359098,1109198300,3523578661.28051,-0.0032225473744458277,0.02022974328897642,-0.0391405529251293,-0.600006103515625,0.011729829398752703,-0.02765009212593561,-0.016571889323347522,sell,none,Hold,Downtrend,-1.0,Hold,"MACD below signal, trend down",,
2024-01-12,183.83901977539062,185.9199981689453,186.74000549316406,185.19000244140625,186.05999755859375,40477800,186.9497328945484,188.56001692106304,-1.6102840265146483,-0.8469095499278736,-0.7633744765867747,-1.6102840265146483,190.2654998779297,189.0204000854492,186.9497328945484,188.56001692106304,43.064031107933936,201.13208310796404,190.2654998779297,179.39891664789536,0.11422547163838011,2.9363077952547134,50.267249324461595,54754590.0,0.7392585717471357,1149676100,3521228039.193702,0.0017781229460982484,0.026161859392754394,-0.0395702220769405,0.3300018310546875,0.010901785923050513,-0.022839146938211985,-0.016402472511444888,sell,none,Hold,Downtrend,-1.0,Hold,"MACD below signal, trend down",,
2024-01-16,181.57469177246094,183.6300048828125,184.25999450683594,180.92999267578125,182.16000366210938,65603000,186.43900550812748,188.1948308441556,-1.7558253360281242,-1.0286927071479237,-0.7271326288802005,-1.7558253360281242,189.54150009155273,189.2136001586914,186.43900550812748,188.1948308441556,38.46200720798226,200.147378119817,189.54150009155273,178.93562206328846,0.1119108799196102,3.0830004879625243,46.329418804485606,54693160.0,1.1994735721980592,1084073100,3562008704.91185,-0.012317089655153213,-0.010400909146228154,-0.04622653068567628,-2.2899932861328125,0.011050822326899155,-0.031188395184615803,-0.029509481724336983,sell,none,Hold,Downtrend,-3.0,Sell,"MACD below signal, trend down",,183.6300048828125
2024-01-17,180.6353302001953,182.67999267578125,182.92999267578125,180.3000030517578,181.27000427246094,47317400,185.86069584161268,187.7863243131649,-1.9256284715522156,-1.208079860028782,-0.7175486115234335,-1.9256284715522156,188.79699935913087,189.31579986572265,185.86069584161268,187.7863243131649,36.70937480243049,199.13103025295223,188.79699935913087,178.4629684653095,0.1094724061176831,3.100643441040536,41.24146484035867,50632110.0,0.9345334413280426,1036755700,3600330365.9994636,-0.005173512943255187,-0.01328727839460464,-0.015944875692734173,-0.95001220703125,0.011052676592580591,-0.03239991474501036,-0.0350515234050619,sell,none,Hold,Downtrend,-5.0,Strong Sell,"MACD below signal, trend down",,182.67999267578125
2024-01-18,186.5187225341797,188.6300048828125,189.13999938964844,185.8300018310547,186.08999633789062,78005800,186.28674338641267,187.84881917017583,-1.562075783763163,-1.2788790447756584,-0.2831967389875045,-1.562075783763163,188.43399963378906,189.5554000854492,186.28674338641267,187.84881917017583,51.58858878519791,198.24259621314232,188.43399963378906,178.6254030544358,0.10410644149586298,3.3405979605281537,52.39555203454071,51744805.0,1.5075097876975283,1114761500,3654298366.093506,0.032570683411353496,0.013104905791996524,0.023772075347693322,5.95001220703125,0.013652980317228757,0.0010401798476091795,-0.004881924768271206,sell,none,Hold,Downtrend,0.0,Hold,"MACD below signal, trend down, volume spike",,
2024-01-19,189.4159393310547,191.55999755859375,191.9499969482422,188.82000732421875,189.3300018310547,68903000,187.0980132590559,188.1237212730216,-1.0257080139656978,-1.2282448386136664,0.20253682464796863,-1.0257080139656978,188.16499938964844,189.80200012207033,187.0980132590559,188.1237212730216,56.955139851579084,197.29752796522092,188.16499938964844,179.03247081407596,0.09706936577148459,3.3391261108782637,73.18359458448765,53154250.0,1.2962839283782577,1183664500,3706030620.389625,0.015533014896551123,0.03216768866051356,0.05304817603329193,2.92999267578125,0.014115360856804064,0.01804266563897472,0.009262270341686474,buy,bullish,Buy,Mixed,4.0,Buy,bullish MACD crossover,191.55999755859375,
2024-01-22,191.7198486328125,193.88999938964844,195.3300018310547,192.25999450683594,192.3000030517578,60133900,188.14293420222398,188.55085298536434,-0.4079187831403601,-1.0641796275190052,0.6562608443786451,-0.4079187831403601,188.1179992675781,190.0433999633789,188.14293420222398,188.55085298536434,60.687257112706796,197.12160496912674,188.1179992675781,179.1143935660295,0.09572295831981434,3.3699031224198834,96.24598288013719,53548805.0,1.1229737059491804,1243798400,3709752301.3514733,0.01216330058858972,0.04286790716005062,0.07015127071238791,2.3300018310546875,0.014237847950150298,0.030682870031273568,0.020240636754608632,buy,none,Hold,Mixed,2.0,Buy,MACD above signal,193.88999938964844,
2024-01-23,192.9954071044922,195.17999267578125,195.75,193.8300018310547,195.02000427246094,42355600,189.22555858277127,189.04190036983965,0.18365821293161844,-0.8146120594288805,0.9982702723604989,0.18365821293161844,188.14299926757812,190.28919982910156,189.22555858277127,189.04190036983965,62.61964062314482,197.22181055048293,188.14299926757812,179.0641879846733,0.09650969016384041,3.2663384828859856,100.0,53342460.0,0.7940316213387983,1286154000,3726958916.7199497,0.006653222395139657,0.06289815109649233,0.051843043995243754,1.2899932861328125,0.014317247747047672,0.03740236647442341,0.02570189401748557,buy,none,Hold,Uptrend,3.0,Buy,"MACD above signal, trend up",195.17999267578125,
2024-01-24,192.32301330566406,194.5,196.3800048828125,194.33999633789062,195.4199981689453,53631300,190.03701110849877,189.44620404614784,0.5908070623509332,-0.5335282350729178,1.124335297423851,0.5908070623509332,188.18799896240233,190.53099975585937,190.03701110849877,189.44620404614784,60.91975540969563,197.3827377494137,188.18799896240233,178.99326017539096,0.09771865196194972,3.1787434873171208,98.32483123964394,54166545.0,0.9901185316508557,1232522700,3681740526.9747105,-0.0034839261261312426,0.06470334901532859,0.05055633920929403,-0.67999267578125,0.014280842938512919,0.0335409328565035,0.02083125711420397,buy,none,Hold,Uptrend,3.0,Buy,"MACD above signal, trend up",194.5,
2024-01-25,191.99671936035156,194.1699981689453,196.27000427246094,193.11000061035156,195.22000122070312,54822100,190.67285527164438,189.79611472191064,0.8767405497337393,-0.2514744781115864,1.1282150278453256,0.8767405497337393,188.2439987182617,190.6863998413086,190.67285527164438,189.79611472191064,60.06754718440807,197.56921848077565,188.2439987182617,178.91877895574777,0.09907587839196588,3.1774049283737105,95.80984542280353,55461685.0,0.9884679846997075,1177700600,3663697683.1849337,-0.0016966675118492702,0.029369629129652797,0.042859421144539445,-0.3300018310546875,0.014269763633989197,0.03148041632685916,0.018268729865033917,buy,none,Hold,Uptrend,3.0,Buy,"MACD above signal, trend up",194.1699981689453,
2024-01-26,190.2663116455078,192.4199981689453,194.75999450683594,191.94000244140625,194.27000427246094,44594000,190.94164648661376,189.990476458728,0.9511700278857518,-0.010945576912118782,0.9621156047978705,0.9511700278857518,188.20749893188477,190.83879974365234,190.94164648661376,189.990476458728,55.623750113476696,197.4610620956737,188.20749893188477,178.95393576809585,0.09833362874810779,3.151875438163423,86.8096926672946,55287000.0,0.8065910611897914,1133106600,3634284526.944234,-0.009012720896651283,0.004489458244477662,0.036801562400054166,-1.75,0.014423434837856696,0.022382207196670167,0.008285518602175967,buy,none,Hold,Uptrend,3.0,Buy,"MACD above signal, trend up",192.4199981689453,
2024-01-29,189.5840301513672,191.72999572753906,192.1999969482422,189.5800018310547,192.00999450683594,47145600,191.06293098521766,190.11932973789922,0.9436012473184405,0.1799637879339931,0.7636374593844475,0.9436012473184405,188.114998626709,190.924599609375,191.06293098521766,190.11932973789922,53.92964957475888,197.18710120853433,188.114998626709,179.04289604488366,0.09645272995831451,3.1295983595725088,77.30526295174643,55941785.0,0.8427618103355122,1085961000,3664515217.9007635,-0.003585918553020817,-0.01114035622728815,0.031249987176281024,-0.69000244140625,0.014432848224532857,0.019216953072431986,0.00421839888527642,buy,none,Hold,Uptrend,1.0,Hold,"MACD above signal, trend up",,
2024-01-30,185.93531799316406,188.0399932861328,191.8000030517578,187.47000122070312,190.94000244140625,55859400,190.5978636468969,189.96530481554615,0.6325588313507637,0.2704827966173472,0.36207603473341654,0.6325588313507637,187.89049835205077,190.92519958496095,190.5978636468969,189.96530481554615,45.88179650085186,196.73380789388113,187.89049835205077,179.0471888102204,0.09413258913455687,3.2153414646783784,58.28715677831781,56601150.0,0.986895142589859,1030101600,3623362238.8317256,-0.01924582758897042,-0.03658161521457215,0.024015619920800146,-3.69000244140625,0.015006538821781155,0.0007956492499261447,-0.015111710267162626,buy,none,Hold,Mixed,0.0,Hold,MACD above signal,,
2024-01-31,182.3360595703125,184.39999389648438,187.10000610351562,184.35000610351562,187.0399932861328,55467800,189.64434522375652,189.5530595622823,0.0912856614742168,0.23464336958872112,-0.14335770811450432,0.0912856614742168,187.82849807739257,190.81899932861327,189.64434522375652,189.5530595622823,39.60345597323949,196.75108305436578,187.82849807739257,178.90591310041935,0.09500778708560789,3.249244730245436,37.677186646415414,55250105.0,1.0039401735073625,974633800,3569910957.3065124,-0.01935758093816564,-0.05192805194609573,0.009415378200478441,-3.6399993896484375,0.013366290174226102,-0.018253375904094815,-0.03363923642149802,sell,bearish,Sell,Mixed,-4.0,Sell,bearish MACD crossover,,184.39999389648438
2024-02-01,184.7685546875,186.86000061035156,186.9499969482422,183.82000732421875,183.99000549316406,64885400,189.21598451400192,189.35357371399115,-0.13758919998923602,0.1601968556731297,-0.2977860556623657,-0.13758919998923602,187.95899810791016,190.76239929199218,189.21598451400192,189.35357371399115,45.07367436518486,196.74369328817681,187.95899810791016,179.1743029276435,0.09347459040213892,3.240726508372436,26.284050979838568,55573650.0,1.167556926708971,1039519200,3631065068.0154877,0.013340600842146166,-0.03764741014331885,-0.009383471487267148,2.4600067138671875,0.01358241750569742,-0.005847006573889257,-0.02045685468480285,sell,none,Hold,Downtrend,-3.0,Sell,"MACD below signal, trend down",,186.86000061035156
2024-02-02,183.76980590820312,185.85000610351562,187.3300018310547,179.25,179.86000061035156,102551700,188.6981416816194,189.09405018728927,-0.39590850566986546,0.048975783404530654,-0.44488428907439614,-0.39590850566986546,188.15599822998047,190.65039947509766,188.6981416816194,189.09405018728927,43.338151410313365,196.55761330755166,188.15599822998047,179.75438315240928,0.08930478067780774,3.586389031421168,23.011673526387998,57102055.0,1.7959371164487863,936967500,3696048440.427112,-0.0054050867148502935,-0.034144018958264466,-0.029807848861198583,-1.0099945068359375,0.013295992370719474,-0.012255746020099045,-0.025179036523388154,sell,none,Hold,Downtrend,-4.0,Sell,"MACD below signal, trend down, volume spike",,185.85000610351562
2024-02-05,185.579345703125,187.67999267578125,189.25,185.83999633789062,188.14999389648438,69668800,188.54150337302892,188.98930518643684,-0.4478018134079207,-0.050379735957959616,-0.39742207744996105,-0.4478018134079207,188.48099822998046,190.5911993408203,188.54150337302892,188.98930518643684,47.29774126556291,196.25769556694516,188.48099822998046,180.70430089301576,0.0825196959905289,3.5737900764703254,32.9103051415734,57466510.0,1.2123374118247305,1006636300,3701564507.9917045,0.009846577950857638,-0.021123471246059622,-0.032028504478909925,1.829986572265625,0.01337339150069735,-0.00424979473645315,-0.01527461223344928,sell,none,Hold,Downtrend,-3.0,Sell,"MACD below signal, trend down",,187.67999267578125
2024-02-06,187.18121337890625,189.3000030517578,189.30999755859375,186.77000427246094,186.86000061035156,43490800,188.6581956312949,189.01231984312727,-0.35412421183238507,-0.11112863113284471,-0.24299558069954036,-0.35412421183238507,188.66799850463866,190.5509994506836,188.6581956312949,189.01231984312727,50.58953760713137,196.33382199954355,188.66799850463866,181.00217500973378,0.0812625729393786,3.4999474485890745,38.060367370064405,56683825.0,0.7672523863730085,1050127100,3744713047.9548187,0.0086317691773099,0.006700754151313326,-0.0301259854732695,1.6200103759765625,0.012425708814632532,0.0033498237757771943,-0.0065651526495905665,sell,none,Hold,Downtrend,-1.0,Hold,"MACD below signal, trend down",,
2024-02-07,187.28997802734375,189.41000366210938,191.0500030517578,188.61000061035156,190.63999938964844,53439000,188.77385840526637,189.0417779037926,-0.26791949852622565,-0.1424868046115209,-0.12543269391470474,-0.26791949852622565,188.88149871826172,190.53979949951173,188.77385840526637,189.0417779037926,50.8141871630539,196.37838335588526,188.88149871826172,181.3846140806382,0.07938188428720587,3.4242370909331585,45.768515023832926,57213685.0,0.934024787950645,1103566100,3726316113.7801685,0.0005810914346444651,0.02716925125516778,-0.02616964698144275,0.1100006103515625,0.01240178778746208,0.0027980768229500796,-0.0059294480227751745,sell,none,Hold,Downtrend,-1.0,Hold,"MACD below signal, trend down",,
2024-02-08,186.2122039794922,188.32000732421875,189.5399932861328,187.35000610351562,189.38999938964844,40962000,188.70403516202828,188.98831341641676,-0.2842782543884823,-0.1708450945669132,-0.1134331598215691,-0.2842782543884823,188.98799896240234,190.51039978027345,188.70403516202828,188.98831341641676,48.46287418548517,196.38881879112938,188.98799896240234,181.5871791336753,0.07832052690498481,3.3360763831963034,44.97738078420641,56922140.0,0.7196145471691683,1062604100,3721640344.4191604,-0.005754692554861496,0.007813372091931337,-0.030128191275134775,-1.089996337890625,0.012448707961021826,-0.0035345717286339173,-0.011497495457366114,sell,none,Hold,Downtrend,-1.0,Hold,"MACD below signal, trend down",,
2024-02-09,186.9745635986328,188.85000610351562,189.99000549316406,188.0,188.64999389648438,45155200,188.72649222994943,188.97806843027595,-0.25157620032652517,-0.1869913157188356,-0.06458488460768957,-0.25157620032652517,189.1509994506836,190.47940002441408,188.72649222994943,188.97806843027595,49.6820954231049,196.3870468205633,189.1509994506836,181.9149520808039,0.07651080238427535,3.2399284624797144,43.66317196719439,56723480.0,0.7960583518500628,1107759300,3715060108.8977175,0.0028143519471321987,0.01614204951023268,-0.018553123892534384,0.529998779296875,0.012423231101298414,-0.0015912860521070105,-0.0085541739457895,sell,none,Hold,Downtrend,-1.0,Hold,"MACD below signal, trend down",,
2024-02-12,185.29144287109375,187.14999389648438,188.6699981689453,186.7899932861328,188.4199981689453,41781900,188.48395402480097,188.84265550184693,-0.3587014770459689,-0.22133334798426224,-0.13736812906170665,-0.3587014770459689,189.21249923706054,190.435,188.48395402480097,188.84265550184693,45.928827741566906,196.35800015955112,189.21249923706054,182.06699831456996,0.07552884668087523,3.1556487735442214,37.318451650952404,56788685.0,0.7357433967699728,1065977400,3689279773.1906204,-0.009001917670574011,-0.00282394927525631,-0.023887768909999774,-1.70001220703125,0.012617472204958182,-0.01090047089326851,-0.01725001235862955,sell,none,Hold,Downtrend,-3.0,Sell,"MACD below signal, trend down",,187.14999389648438
2024-02-13,183.202392578125,185.0399932861328,186.2100067138672,183.50999450683594,185.77000427246094,56529500,187.9541139111597,188.56097681920144,-0.6068629080417338,-0.2984392599957566,-0.3084236480459772,-0.6068629080417338,189.28299865722656,190.3367999267578,187.9541139111597,188.56097681920144,41.716406890440965,196.23191334222608,189.28299865722656,182.33408397222703,0.07342354817173352,3.190245246123094,27.929465062692444,56335010.0,1.003452382452759,1009447900,3696816699.0897546,-0.011274382469489308,-0.02250401319042894,-0.01595405289892249,-2.1100006103515625,0.012564179605508437,-0.022416199031046746,-0.02782859984334729,sell,none,Hold,Downtrend,-3.0,Sell,"MACD below signal, trend down",,185.0399932861328
2024-02-14,182.3212127685547,184.14999389648438,185.52999877929688,182.44000244140625,185.32000732421875,54630500,187.36886467813275,188.23423734344462,-0.8653726653118667,-0.41182594105897863,-0.4535467242528881,-0.8653726653118667,189.35649871826172,190.19499969482422,187.36886467813275,188.23423734344462,40.04793707539826,196.0509304521786,189.35649871826172,182.66206698434485,0.0707071769834246,3.183084609820775,14.25784171810954,56700665.0,0.9634895816477638,954817400,3702650793.8474407,-0.004809767736384418,-0.02777049608746318,-0.0013557484179763657,-0.8899993896484375,0.012555860527978436,-0.027495781011054432,-0.03178320044185867,sell,none,Hold,Downtrend,-3.0,Sell,"MACD below signal, trend down",,184.14999389648438
2024-02-15,182.03411865234375,183.86000061035156,184.49000549316406,181.35000610351562,183.5500030517578,65434500,186.82903943693563,187.91021980765996,-1.0811803707243257,-0.545696826992048,-0.5354835437322777,-1.0811803707243257,189.11799850463868,190.08359985351564,186.82903943693563,187.91021980765996,39.493666490107564,196.22606620718224,189.11799850463868,182.0099308020951,0.07517071625913192,3.1800070940941794,4.3665504909692645,56072100.0,1.1669707394586613,889382900,3741827929.186609,-0.0015747667431138535,-0.023683127338608667,-0.01605480033287454,-0.2899932861328125,0.010029265099757554,-0.02780273657643506,-0.03274137930868404,sell,none,Hold,Downtrend,-3.0,Sell,"MACD below signal, trend down",,183.86000061035156
2024-02-16,180.49949645996094,182.30999755859375,184.85000610351562,181.6699981689453,183.4199981689453,49752500,186.13380222488303,187.49538852995136,-1.3615863050683288,-0.7088747226073042,-0.6527115824610246,-1.3615863050683288,188.65549850463867,189.86139984130858,186.13380222488303,187.49538852995136,36.57953492888143,196.25458430256916,188.65549850463867,181.0564127067082,0.0805604486289981,3.1800071541281887,0.9248292577483148,55114575.0,0.9027103992002116,839630400,3712101523.642116,-0.008430343993322875,-0.034630703381269945,-0.019047664399591935,-1.5500030517578125,0.009327878215787762,-0.033635388294229296,-0.039773236102896625,sell,none,Hold,Downtrend,-3.0,Sell,"MACD below signal, trend down",,182.30999755859375
2024-02-20,179.75694274902344,181.55999755859375,182.42999267578125,180.0,181.7899932861328,53665600,185.43013996853082,187.05572993948044,-1.625589970949619,-0.8922177722757673,-0.7333721986738518,-1.625589970949619,188.03899841308595,189.6461996459961,185.43013996853082,187.05572993948044,35.22513248466784,195.8373983992883,188.03899841308595,180.2405984268836,0.08294449611001174,3.1264346913891217,0.0,54791160.0,0.9794572701143761,785964800,3727340003.7365575,-0.004113872031395016,-0.029869070372412265,-0.03260867090803787,-0.75,0.008674816069650614,-0.034455623084414966,-0.04263835554045636,sell,none,Hold,Downtrend,-3.0,Sell,"MACD below signal, trend down",,181.55999755859375
2024-02-21,180.5093994140625,182.32000732421875,182.88999938964844,180.66000366210938,181.94000244140625,41371400,184.95165802325204,186.7049356716833,-1.7532776484312649,-1.064429747506867,-0.688847900924398,-1.7532776484312649,187.3959991455078,189.40719970703125,184.95165802325204,186.7049356716833,37.74081356322814,194.8460905620822,187.3959991455078,179.9459077289334,0.07951174465351958,3.062403336828403,5.379161064094184,54741950.0,0.7557531289988756,827336200,3747562152.691363,0.004185997884141424,-0.014699449095353478,-0.03687266568944858,0.760009765625,0.008543208369569285,-0.027086980748973644,-0.037417755997526725,sell,none,Hold,Downtrend,-3.0,Sell,"MACD below signal, trend down",,182.32000732421875
2024-02-22,182.5390167236328,184.3699951171875,184.9600067138672,182.4600067138672,183.47999572753906,52292200,184.86217142231902,186.53197711209103,-1.669805689772005,-1.1855049359598946,-0.48430075381211046,-1.669805689772005,186.88949890136718,189.18039947509766,184.86217142231902,186.53197711209103,44.05251443630138,193.68770944340054,186.88949890136718,180.09128835933382,0.07275112386727714,3.0322316263155487,24.25433156833381,54674995.0,0.956418926055686,879628400,3775171949.158648,0.011243899246467626,0.0011946849198745113,-0.02660898816048174,2.04998779296875,0.00914609916679942,-0.013481248539862434,-0.02542760439906655,sell,none,Hold,Downtrend,-1.0,Hold,"MACD below signal, trend down",,
2024-02-23,180.70741271972656,182.52000427246094,185.0399932861328,182.22999572753906,185.00999450683594,45119700,184.50183801464857,186.2347939387851,-1.7329559241365189,-1.2949951335952194,-0.43796079054129944,-1.7329559241365189,186.30699920654297,188.96719970703126,184.50183801464857,186.2347939387851,40.101516928419855,192.47755880363778,186.30699920654297,180.13643960944816,0.0662407705923493,3.0163577643354205,34.681272231415484,54189875.0,0.8326223302784884,834508700,3739365494.6483417,-0.010034121026855192,-0.0072881340881230106,-0.03079865561906181,-1.8499908447265625,0.009290146608478019,-0.020326638023318244,-0.03411806622824409,sell,none,Hold,Downtrend,-3.0,Sell,"MACD below signal, trend down",,182.52000427246094
2024-02-26,179.36090087890625,181.16000366210938,182.75999450683594,180.64999389648438,182.24000549316406,40867400,183.98770965271947,185.85888354792024,-1.8711738952007693,-1.4102308859163295,-0.46094300928443976,-1.8711738952007693,185.74399948120117,188.6961996459961,183.98770965271947,185.85888354792024,37.44287728896923,191.62893723298544,185.74399948120117,179.8590617294169,0.06336611431024848,2.951617967622288,34.04420928264457,54003545.0,0.7567540242034111,793641300,3718254271.962651,-0.007451241390074692,-0.00630790363602951,-0.04072015987752242,-1.3600006103515625,0.00924382545249104,-0.024679105822504543,-0.03993824993839312,sell,none,Hold,Downtrend,-3.0,Sell,"MACD below signal, trend down",,181.16000366210938
2024-02-27,180.81629943847656,182.6300048828125,183.9199981689453,179.55999755859375,181.10000610351562,54318900,183.77883199581072,185.61970735050485,-1.840875354694134,-1.4963597796718906,-0.3445155750222435,-1.840875354694134,185.28899993896485,188.389599609375,183.77883199581072,185.61970735050485,41.924687918806434,190.63477923371306,185.28899993896485,179.94322064421664,0.05770206862262885,3.052216727817236,29.49437915846747,54362210.0,0.9992033068559942,847960200,3740430508.4301014,0.008114380608232441,0.005893409003122629,-0.024151692017537307,1.470001220703125,0.009567355623079359,-0.014350528401730456,-0.030572785007797698,sell,none,Hold,Downtrend,-1.0,Hold,"MACD below signal, trend down",,
2024-02-28,179.61831665039062,181.4199981689453,183.1199951171875,180.1300048828125,182.50999450683594,48953900,183.41593448398527,185.30861778150043,-1.8926832975151626,-1.575624483240545,-0.3170588142746176,-1.8926832975151626,184.95800018310547,188.0557995605469,183.41593448398527,185.30861778150043,39.42111411237155,190.40036685346982,184.95800018310547,179.51563351274112,0.05884975686346624,3.0477719782856476,28.74208834075029,54016935.0,0.9062694875227556,799006300,3733717684.4068713,-0.006625454095802064,-0.004936425620436502,-0.01956331197866934,-1.2100067138671875,0.008780586945523266,-0.019128677919622805,-0.03528634270843156,sell,none,Hold,Downtrend,-3.0,Sell,"MACD below signal, trend down",,181.4199981689453
2024-02-29,178.95497131347656,180.75,182.57000732421875,179.52999877929688,181.27000427246094,136682600,183.0057907172183,184.97094239027817,-1.9651516730598644,-1.653529921204409,-0.3116217518554554,-1.9651516730598644,184.77550048828124,187.7193994140625,183.0057907172183,184.97094239027817,38.06563099423121,190.5170429051994,184.77550048828124,179.0339580713631,0.0621461438528999,3.0472174473310925,30.549310719316892,58077675.0,2.3534447616919927,662323700,3706740656.8648343,-0.003693077806788292,-0.01963440480044809,-0.01846317680789933,-0.6699981689453125,0.007767923379050196,-0.02178589952479415,-0.03712668715016365,sell,none,Hold,Downtrend,-4.0,Sell,"MACD below signal, trend down, volume spike",,180.75
2024-03-01,177.8758087158203,179.66000366210938,180.52999877929688,177.3800048828125,179.5500030517578,73563100,182.49105424720153,184.57753952152493,-2.086485274323394,-1.7401209918282061,-0.3463642824951878,-2.086485274323394,184.41550064086914,187.39479949951172,182.49105424720153,184.57753952152493,35.902766835147716,190.48275233901515,184.41550064086914,178.34824894272313,0.06579980182860419,3.070272995177979,18.334251988771953,58511560.0,1.2572404495795362,588760600,3739669050.952163,-0.00603040850838521,-0.015669518646746372,-0.022843451181875585,-1.089996337890625,0.007065502547227132,-0.025786861528633742,-0.04127540282900166,sell,none,Hold,Downtrend,-3.0,Sell,"MACD below signal, trend down",,179.66000366210938
2024-03-04,173.36109924316406,175.10000610351562,176.89999389648438,173.7899932861328,176.14999389648438,81510100,181.35396991740367,183.8755000090798,-2.5215300916761123,-1.8964028117977874,-0.625127279878325,-2.5215300916761123,183.87800064086915,186.95799957275392,181.35396991740367,183.8755000090798,28.585267037896188,191.13058946688673,183.87800064086915,176.62541181485156,0.07888479101078076,3.2702542366635923,8.659602143407463,57459480.0,1.418566614247118,507250500,3726827282.006982,-0.025381261636673647,-0.03345107880377696,-0.03954797625819095,-4.55999755859375,0.008784186052532323,-0.047738144349838585,-0.0634259753331593,sell,none,Hold,Downtrend,-1.0,Hold,"MACD below signal, RSI oversold, trend down",,
2024-03-05,168.4305419921875,170.1199951171875,172.0399932861328,169.6199951171875,170.75999450683594,95132400,179.62566610198581,182.85657372079146,-3.230907618805645,-2.1633037731993587,-1.0676038456062864,-3.230907618805645,183.00000076293946,186.46379943847657,179.62566610198581,182.85657372079146,23.058037345066424,192.19141110346504,183.00000076293946,173.8085904224139,0.10045257160880834,3.4280940044967734,2.1102816495175687,58732660.0,1.6197529619806084,412118100,3671005820.8418903,-0.028440952671264008,-0.06849920293027567,-0.06300948774640891,-4.980010986328125,0.009946555999089042,-0.07038254421887624,-0.08765135308036931,sell,none,Hold,Downtrend,-2.0,Sell,"MACD below signal, RSI oversold, trend down, volume spike",,170.1199951171875
2024-03-06,167.4404754638672,169.1199951171875,171.24000549316406,168.67999267578125,171.05999755859375,68587700,178.00940902740146,181.83904937978375,-3.8296403523822846,-2.496571089035944,-1.3330692633463408,-3.8296403523822846,181.99100036621093,185.9525994873047,178.00940902740146,181.83904937978375,22.132589659091636,192.5267776238661,181.99100036621093,171.45522310855574,0.11578349738673444,3.366088205417205,0.0,59987505.0,1.1433664393943372,343530400,3625995155.492281,-0.005878203789690617,-0.0677984961740743,-0.07240023956097008,-1.0,0.00942687291044023,-0.07072330622461431,-0.0905209414470508,sell,none,Hold,Downtrend,-1.0,Hold,"MACD below signal, RSI oversold, trend down",,
2024-03-07,167.3217010498047,169.0,170.72999572753906,168.49000549316406,169.14999389648438,71765100,176.62334610010893,180.88800868498492,-4.2646625848759925,-2.8501893882039537,-1.4144731966720387,-4.2646625848759925,180.97050018310546,185.46059936523437,176.62334610010893,180.88800868498492,22.018390380468546,192.35390108310534,180.97050018310546,169.58709928310557,0.12580393918878702,3.2856526360570477,0.0,60903810.0,1.17833514849071,271765300,3586908596.87239,-0.0007095264939214196,-0.06500691562932226,-0.08336494833347563,-0.1199951171875,0.00938682656214147,-0.06614614078534198,-0.08875523653850548,sell,none,Hold,Downtrend,-1.0,Hold,"MACD below signal, RSI oversold, trend down",,
2024-03-08,169.03448486328125,170.72999572753906,173.6999969482422,168.94000244140625,169.0,76267000,175.71667681202126,180.13556328072966,-4.4188864687083935,-3.1639288043048417,-1.2549576644035518,-4.4188864687083935,180.09099960327148,185.01419921875,175.71667681202126,180.13556328072966,27.802289304811723,191.78109225593442,180.09099960327148,168.40090695060854,0.129824285260401,3.3909627696841116,8.749911288640583,62669060.0,1.2169801174614714,348032300,3568001922.7120247,0.010236661109698675,-0.04970504148138155,-0.06459570605379816,1.7299957275390625,0.010035409223888458,-0.05197929877869567,-0.07720598500832976,sell,none,Hold,Downtrend,-1.0,Hold,"MACD below signal, RSI oversold, trend down",,
2024-03-11,171.034423828125,172.75,174.3800048828125,172.0500030517578,172.94000244140625,60139500,175.2602649947872,179.58848451919414,-4.328219524406933,-3.39678694832526,-0.9314325760816726,-4.328219524406933,179.2859992980957,184.60619934082033,175.2602649947872,179.58848451919414,33.96140374493885,190.66581389778463,179.2859992980957,167.90618469840678,0.12694593715338484,3.4094660829404924,26.817361779233558,63418275.0,0.9482992087060078,408171800,3543997558.665764,0.01183157220764297,-0.013420936731014965,-0.04642307072258234,2.0200042724609375,0.010585030965206287,-0.03645571502339351,-0.0642242751497819,sell,none,Hold,Downtrend,-3.0,Sell,"MACD below signal, trend down",,172.75
2024-03-12,171.5096435546875,173.22999572753906,174.02999877929688,171.00999450683594,173.14999389648438,59825400,174.94791587674905,179.11748534944192,-4.169569472692871,-3.5513434531987826,-0.6182260194940881,-4.169569472692871,178.58999938964843,184.19919921875,174.94791587674905,179.11748534944192,35.37226259121181,189.65928439246952,178.58999938964843,167.52071438682734,0.12396310029286776,3.381647382191953,47.01916660539856,64320450.0,0.9301147613239646,467997200,3572127306.4383373,0.002778557033511264,0.01828121737370858,-0.051470234375261104,0.4799957275390625,0.010642609279199107,-0.03001289926887163,-0.05955076644054358,sell,none,Hold,Downtrend,-1.0,Hold,"MACD below signal, trend down",,
2024-03-13,169.4305419921875,171.1300048828125,173.19000244140625,170.75999450683594,172.77000427246094,52488700,174.36054495460496,178.5258201296916,-4.165275175086634,-3.674129797576353,-0.4911453775102812,-4.165275175086634,177.8944999694824,183.77119934082032,174.36054495460496,178.5258201296916,32.13736382091551,189.00323581364316,177.8944999694824,166.78576412532166,0.1248912793376573,3.3165297992284652,55.21359737895989,64118410.0,0.8186213600742751,415508500,3535623215.6613975,-0.012122559005482425,0.011885110120966047,-0.05671917864617315,-2.0999908447265625,0.010675587896481323,-0.03802531887062477,-0.06878768002467883,sell,none,Hold,Downtrend,-1.0,Hold,"MACD below signal, trend down",,
2024-03-14,171.28195190429688,173.0,174.30999755859375,172.0500030517578,172.91000366210938,72913500,174.1512303462042,178.1165001200848,-3.965269773880607,-3.732357792837204,-0.23291198104340305,-3.965269773880607,177.3370002746582,183.51839935302735,174.1512303462042,178.1165001200848,37.60911980534752,188.25147568818707,177.3370002746582,166.42252486112935,0.1230930420230928,3.3067771475536643,63.25300979586728,65032560.0,1.1211845266432692,488422000,3524008627.916395,0.010927336316434166,0.023668639053254337,-0.04287690179806358,1.8699951171875,0.011169297078127886,-0.02445626275363344,-0.05731523046249709,sell,none,Hold,Downtrend,-1.0,Hold,"MACD below signal, trend down",,
2024-03-15,170.9056854248047,172.6199951171875,172.6199951171875,170.2899932861328,171.1699981689453,121752700,173.91565569558625,177.70935160135167,-3.793695905765418,-3.744625415422847,-0.04907049034257094,-3.793695905765418,176.775,183.2857992553711,173.91565569558625,177.70935160135167,36.95700191375157,187.44282626278155,176.775,166.10717373721846,0.1206938341143436,3.26415068800463,68.06608866754125,67848470.0,1.7944796691804545,366669300,3645761327.916395,-0.002196560016257232,0.011070107403180707,-0.039185174225879305,-0.3800048828125,0.011165814969187525,-0.02350448243706693,-0.05819220136811032,sell,none,Hold,Downtrend,-2.0,Sell,"MACD below signal, trend down, volume spike",,172.6199951171875
2024-03-18,171.99478149414062,173.72000122070312,177.7100067138672,173.52000427246094,175.57000732421875,75604200,173.88555500714267,177.41384416574806,-3.5282891586053893,-3.7013581640593554,0.17306900545396608,-3.5282891586053893,176.34550018310546,183.12199920654297,173.88555500714267,177.41384416574806,40.189942811322,186.77641580521723,176.34550018310546,165.9145845609937,0.11830089921524506,3.394569324338563,84.45507993867265,69141055.0,1.0934776740100365,442273500,3577374598.304893,0.006372414173507979,0.005615057717528904,-0.007881238347854036,1.100006103515625,0.011283147565464315,-0.014888380818768754,-0.05134280985669748,buy,bullish,Buy,Downtrend,3.0,Buy,"bullish MACD crossover, trend down",173.72000122070312,
2024-03-19,174.33135986328125,176.0800018310547,176.61000061035156,173.02999877929688,174.33999633789062,55215200,174.22316221082144,177.31504102984482,-3.0918788190233784,-3.5794622950521604,0.48758347602878205,-3.0918788190233784,176.0715003967285,183.01999938964843,174.22316221082144,177.31504102984482,46.52581991746376,186.22431274026513,176.0715003967285,165.9186880531919,0.11532601608619299,3.407814503389715,91.68155036450564,69218535.0,0.7976938546879099,497488700,3616241209.684193,0.013585082856137465,0.016452151323713027,0.035034134052035704,2.3600006103515625,0.011818825073428867,4.828398864686889e-05,-0.037919339863063506,buy,none,Hold,Downtrend,1.0,Hold,"MACD above signal, trend down",,
2024-03-20,176.8956298828125,178.6699981689453,178.6699981689453,175.08999633789062,175.72000122070312,53423100,174.90729081976357,177.41540822533375,-2.508117405570175,-3.3651933171557635,0.8570759115855884,-2.508117405570175,175.88899993896484,182.88219940185547,174.90729081976357,177.41540822533375,52.47584320330585,185.71183268642616,175.88899993896484,166.06616719150352,0.11169354252818466,3.420113598222927,100.0,69821120.0,0.765142409631928,550911800,3669664309.684193,0.014709202129471022,0.04406003080112164,0.05646879924009207,2.589996337890625,0.012307740079525604,0.01581109808427761,-0.02303231942029793,buy,none,Hold,Downtrend,1.0,Hold,"MACD above signal, trend down",,
2024-03-21,169.66812133789062,171.3699951171875,177.49000549316406,170.83999633789062,177.0500030517578,106181300,174.3630914809057,176.96759984695257,-2.604508366046872,-3.213056326933985,0.6085479608871132,-2.604508366046872,175.23899993896484,182.60679931640624,174.3630914809057,176.96759984695257,39.22722254202815,184.43121774849482,175.23899993896484,166.04678212943486,0.10491063990015462,3.7351056148537674,85.50040637744581,72515575.0,1.4642550927852396,444730500,3580408086.9495463,-0.04085746418856029,-0.009421993542268803,0.014023639746671535,-7.3000030517578125,0.01484577558300548,-0.02207844613998544,-0.06153551916623057,buy,none,Hold,Downtrend,-1.0,Hold,"MACD above signal, trend down",,
2024-03-22,170.56912231445312,172.27999877929688,173.0500030517578,170.05999755859375,171.75999450683594,71160100,174.0426156806582,176.62037013823732,-2.5777544575791183,-3.0859959530630117,0.5082414954838934,-2.5777544575791183,174.72699966430665,182.32859924316406,174.0426156806582,176.62037013823732,41.21949767638102,183.3639449509543,174.72699966430665,166.090054377659,0.09886217131000184,3.681884177590217,73.18120425156009,73817595.0,0.9639991657815458,515890600,3614917029.515876,0.005310169154682409,-0.001969623146263033,0.00907868031714476,0.910003662109375,0.014889106261968927,-0.014004709573855578,-0.055112585220192356,buy,none,Hold,Downtrend,-1.0,Hold,"MACD above signal, trend down",,
2024-03-25,169.15330505371094,170.85000610351562,171.94000244140625,169.4499969482422,170.57000732421875,54288300,173.55144497648243,176.19293576529498,-2.641490788812547,-2.997094920212919,0.35560413140037195,-2.641490788812547,174.21149978637695,182.03379943847656,173.55144497648243,176.19293576529498,39.05294441880091,182.47366482436163,174.21149978637695,165.94933474839226,0.09485211995896926,3.6210354385519645,58.49087666290467,74488640.0,0.7288131451990532,461602300,3621676078.39353,-0.0083003986876804,-0.016520809906864442,-0.010998517490502846,-1.42999267578125,0.014904342624752518,-0.019295475252685823,-0.06143800420284484,buy,none,Hold,Downtrend,-1.0,Hold,"MACD above signal, trend down",,
2024-03-26,168.02462768554688,169.7100067138672,171.4199981689453,169.5800018310547,170.0,57388400,172.96045447454162,175.71271879852253,-2.75226432398091,-2.948128800966517,0.19586447698560727,-2.75226432398091,173.56549987792968,181.709599609375,172.96045447454162,175.71271879852253,37.36675058574564,181.0803218952944,173.56549987792968,166.05067786056497,0.08659349954512799,3.4938183599332975,56.45473358039504,74642115.0,0.7688474529426182,404213900,3572397229.552039,-0.006672515943357493,-0.03617670973958409,-0.020319743118900835,-1.1399993896484375,0.01469880297840955,-0.022213476565182022,-0.06603719848210332,buy,none,Hold,Downtrend,-1.0,Hold,"MACD above signal, trend down",,
2024-03-27,171.5888671875,173.30999755859375,173.60000610351562,170.11000061035156,170.41000366210938,60273300,173.01423033362656,175.5347394474167,-2.5205091137901547,-2.862604863531245,0.34209574974109014,-2.5205091137901547,173.1599998474121,181.50319946289062,173.01423033362656,175.5347394474167,45.386087573562236,179.7546383105876,173.1599998474121,166.5653613842366,0.0761681504849465,3.52211700491295,59.19585917015014,75208085.0,0.8014204855767834,464487200,3622653483.9829836,0.021212602099510702,-0.029999444032474343,0.012738810340559903,3.5999908447265625,0.015678445956131538,0.0008662376490748969,-0.04514081255064606,buy,none,Hold,Downtrend,-1.0,Hold,"MACD above signal, trend down",,
2024-03-28,169.77703857421875,171.47999572753906,172.22999572753906,170.50999450683594,171.75,65672700,172.77819424038233,175.23438806075913,-2.4561938203767966,-2.7813226549003556,0.325128834523559,-2.4561938203767966,172.69649963378907,181.27919952392577,172.77819424038233,175.23438806075913,42.41325829901464,178.3243579274191,172.69649963378907,167.06864134015905,0.06517628678709946,3.4705374368304405,57.39431976602914,71657590.0,0.9164793289866433,398814500,3631053521.1416574,-0.010559124440792766,0.0006418895575992511,-0.008786151863936054,-1.8300018310546875,0.015788429448740513,-0.007044172341823196,-0.05405586422557751,buy,none,Hold,Downtrend,1.0,Hold,"MACD above signal, trend down",,
2024-04-01,168.34144592285156,170.02999877929688,171.25,169.47999572753906,171.19000244140625,46240500,172.35539493867688,174.84887774361377,-2.493482804936889,-2.723754684907662,0.23027187997077325,-2.493482804936889,172.21499938964843,180.90719940185548,172.35539493867688,174.84887774361377,40.168189145308126,176.955187858862,172.21499938964843,167.47481092043486,0.05504965869422973,3.365499048485409,53.7586794692409,70291460.0,0.6578395156395955,352574000,3613550145.125485,-0.008455779008450959,-0.013060134757038266,-0.015004034359590523,-1.4499969482421875,0.015826167574540327,-0.012687632425139928,-0.06012585822190908,buy,none,Hold,Downtrend,-1.0,Hold,"MACD above signal, trend down",,
2024-04-02,167.1632537841797,168.83999633789062,169.33999633789062,168.22999572753906,169.0800018310547,49329500,171.81456438470977,174.4037754172639,-2.589211032554118,-2.696845954436953,0.10763492188283497,-2.589211032554118,171.9019989013672,180.4527993774414,171.81456438470977,174.4037754172639,38.37296417136348,176.66550452990077,171.9019989013672,167.1384932728336,0.05542117786852208,3.253677905862009,40.22313187974314,68682430.0,0.7182258985303811,303244500,3618438678.5710826,-0.006998779332762939,-0.01176476262112136,-0.02809120912112295,-1.19000244140625,0.014944589453662557,-0.017812489575723123,-0.06435368738869518,buy,none,Hold,Downtrend,-1.0,Hold,"MACD above signal, trend down",,
2024-04-03,167.9652099609375,169.64999389648438,170.67999267578125,168.5800018310547,168.7899932861328,47691700,171.4815535403674,174.0516434527617,-2.570089912394309,-2.6714947460284244,0.10140483363411557,-2.570089912394309,171.87849884033204,179.96799926757814,171.4815535403674,174.0516434527617,40.32788249816324,176.68141198473032,171.87849884033204,167.07558569593377,0.05588730617038936,3.171271687209477,30.622069899960703,66310395.0,0.7192190606012828,350936200,3619346943.3899746,0.004797427008780275,-0.00035361979263837107,-0.036517536731625944,0.80999755859375,0.013603659645890671,-0.012965583007086057,-0.05733244472953691,buy,none,Hold,Downtrend,-1.0,Hold,"MACD above signal, trend down",,
2024-04-04,167.14346313476562,168.82000732421875,171.9199981689453,168.82000732421875,170.2899932861328,53704400,171.07208489172913,173.66411485064742,-2.592029958918289,-2.6556017886063974,0.06357182968810848,-2.592029958918289,171.8634994506836,179.44079956054688,171.07208489172913,173.66411485064742,38.963951582309626,176.70251590638836,171.8634994506836,167.02448299497885,0.05631232310724956,3.1661801984606974,21.770894317960884,65566230.0,0.8190862887800625,297231800,3565642543.3899746,-0.00489234660846527,-0.02590727769675838,-0.05512951780193498,-0.829986572265625,0.013583198460620314,-0.017708775488644024,-0.059188279713078606,buy,none,Hold,Downtrend,-1.0,Hold,"MACD above signal, trend down",,
2024-04-05,167.89588928222656,169.5800018310547,170.38999938964844,168.9499969482422,169.58999633789062,42104800,170.84253365162536,173.36158796030722,-2.5190543086818593,-2.62829229262149,0.10923798393963047,-2.5190543086818593,171.89249954223632,178.94239959716796,170.84253365162536,173.36158796030722,40.93387571109677,176.66907391015923,171.89249954223632,167.11592517431342,0.0555762977517147,3.0521667603870535,19.42089468545858,64083215.0,0.6570332028441457,339336600,3560379666.468854,0.004501803541427263,-0.01107997401343086,-0.01044519657544929,0.7599945068359375,0.013618813104655176,-0.01345316239707961,-0.05232073442174545,buy,none,Hold,Downtrend,-1.0,Hold,"MACD above signal, trend down",,
2024-04-08,166.77713012695312,168.4499969482422,169.1999969482422,168.24000549316406,169.02999877929688,37425500,170.47445108187412,172.99776640385795,-2.52331532198383,-2.6072968984939577,0.08398157651012772,-2.52331532198383,171.77849960327148,178.42799957275392,170.47445108187412,172.99776640385795,38.92238916685736,176.7648369911802,171.77849960327148,166.79216221536277,0.05805543067875015,2.9298688730658804,15.612504455706356,62141140.0,0.6022660672140872,301911100,3539327302.2097063,-0.0066635503633162285,-0.009292488633759088,-0.022231262237012217,-1.1300048828125,0.013490937699811443,-0.019376712817474773,-0.055921731165535005,buy,none,Hold,Downtrend,-1.0,Hold,"MACD above signal, trend down",,
2024-04-09,167.98501586914062,169.6699981689453,170.0800018310547,168.35000610351562,168.6999969482422,42373800,170.35068909526967,172.75126505312366,-2.400575957853988,-2.5659527103659636,0.1653767525119756,-2.400575957853988,171.62449951171874,177.9729995727539,170.35068909526967,172.75126505312366,42.22342822283853,176.6711904561699,171.62449951171874,166.57780856726757,0.0588108452908447,2.8441636483853934,22.016414433688617,61252855.0,0.6917848972100974,344284900,3561616181.8819504,0.007242512572309456,0.004915907658477048,-0.006906689449313608,1.220001220703125,0.013306412320063675,-0.01138824205363509,-0.04665315201598541,buy,none,Hold,Downtrend,1.0,Hold,"MACD above signal, trend down",,
2024-04-10,166.11378479003906,167.77999877929688,169.08999633789062,167.11000061035156,168.8000030517578,49709300,169.95519827742768,172.3830231069143,-2.4278248294866103,-2.538327134190093,0.11050230470348277,-2.4278248294866103,171.35199966430665,177.49399963378906,169.95519827742768,172.3830231069143,38.73110381969974,176.60676686923236,171.35199966430665,166.09723245938093,0.061333012923342076,2.823866070543133,19.817802257297913,60747050.0,0.8182998186743224,294575600,3545548510.0090456,-0.01113926687125033,-0.01102266539619512,-0.011372387356181846,-1.8899993896484375,0.013471545458585624,-0.02084598307581842,-0.05472861547170271,buy,none,Hold,Downtrend,-1.0,Hold,"MACD above signal, trend down",,
2024-04-11,173.30166625976562,175.0399932861328,175.4600067138672,168.16000366210938,168.33999633789062,91070300,170.73747443261308,172.5798357127823,-1.8423612801692286,-2.3991339633859203,0.5567726832166917,-1.8423612801692286,171.54749908447266,177.23399963378907,170.73747443261308,172.5798357127823,54.350290524886056,177.04023076726455,171.54749908447266,166.05476740168078,0.06403744399779536,3.170733346545074,49.719121459609,62676130.0,1.4530300450905314,385645900,3626139157.166,0.04327091762818491,0.036843891079619384,0.009982088465232186,7.2599945068359375,0.016523427353159138,0.020358759062645282,-0.012379150457528687,buy,none,Hold,Downtrend,1.0,Hold,"MACD above signal, trend down",,
2024-04-12,174.79672241210938,176.5500030517578,178.36000061035156,174.2100067138672,174.25999450683594,101670900,171.6317096047892,172.87392218233606,-1.2422125775468658,-2.1677496862181096,0.9255371086712438,-1.2422125775468658,171.72499923706056,177.07699981689453,171.6317096047892,172.87392218233606,56.81614754432797,177.6094816721682,171.72499923706056,165.84051680195293,0.06853378903771953,3.2406805286835954,72.33776406547861,64114000.0,1.5857831362884862,487316800,3639123622.742121,0.00862665575607413,0.04110155174810681,0.029566173609395063,1.510009765625,0.016460468583634192,0.02809727084660807,-0.002976088174532321,buy,none,Hold,Downtrend,2.0,Buy,"MACD above signal, trend down, volume spike",176.5500030517578,
2024-04-15,170.9750213623047,172.69000244140625,176.6300048828125,172.5,175.36000061035156,73531800,171.79452388734566,172.86029849782275,-1.0657746104770922,-1.9473546710699063,0.8815800605928141,-1.0657746104770922,171.72849960327147,176.79359985351562,171.79452388734566,172.86029849782275,49.46109321998874,177.61519028910052,171.72849960327147,165.84180891744242,0.0685581100333204,3.30420369683566,87.39454606227314,61702955.0,1.1917062967243628,413785000,3572357539.45066,-0.021863497839872292,0.02517070685650924,0.01564431971538216,-3.8600006103515625,0.01723958916535445,0.005598970702918038,-0.023211232847283214,buy,none,Hold,Downtrend,1.0,Hold,"MACD above signal, trend down",,
2024-04-16,167.69789123535156,169.3800048828125,173.75999450683594,168.27000427246094,171.75,73711200,171.42305942510978,172.60249897078495,-1.1794395456751658,-1.7937716459909583,0.6143321003157924,-1.1794395456751658,171.51149978637696,176.46419982910157,171.42305942510978,172.60249897078495,44.17955504705079,177.40850252509563,171.51149978637696,165.6144970476583,0.06876510025349407,3.460331306659899,64.55576918784823,61608305.0,1.1964490826358556,340073800,3528453123.614844,-0.019167279586534414,-0.0017091606604725529,0.003198344922024088,-3.30999755859375,0.017695178753764727,-0.0124277083823493,-0.04014522465831505,buy,none,Hold,Downtrend,-1.0,Hold,"MACD above signal, trend down",,
2024-04-17,166.33160400390625,168.0,170.64999389648438,168.0,169.61000061035156,50901200,170.89643489816982,172.26157312109717,-1.3651382229273565,-1.708044961378238,0.3429067384508815,-1.3651382229273565,171.1074996948242,176.07059997558594,170.89643489816982,172.26157312109717,42.158316354679286,176.80079935038927,171.1074996948242,165.41420003925916,0.06654646541757948,3.402450063075933,38.06390153638245,61392605.0,0.8291096297347214,289172600,3477551923.614844,-0.008147389556206863,0.0013112481958741373,-0.009725870650435509,-1.3800048828125,0.01740989600445213,-0.01816109580448866,-0.04583729468011699,buy,none,Hold,Downtrend,1.0,Hold,"MACD above signal, trend down",,
2024-04-18,165.38111877441406,167.0399932861328,168.63999938964844,166.5500030517578,168.02999877929688,43122900,170.30313618862567,171.87478942961832,-1.5716532409926458,-1.6807666173011198,0.10911337630847395,-1.5716532409926458,170.5259994506836,175.62539978027343,170.30313618862567,171.87478942961832,40.76123427316157,175.3147086582934,170.5259994506836,165.7372902430738,0.05616397761087102,3.3087033684198395,21.652468048371677,60877595.0,0.7083541982892064,246049700,3454648963.2337384,-0.0057143256777808515,-0.04570384087551138,-0.010543857131029677,-0.9600067138671875,0.016958873294712584,-0.020442666665378195,-0.04888476555715682,buy,none,Hold,Downtrend,-1.0,Hold,"MACD above signal, trend down",,
2024-04-19,163.3614044189453,165.0,166.39999389648438,164.0800018310547,166.2100067138672,68149400,169.48726908268327,171.3655457681651,-1.8782766854818362,-1.7202686309372632,-0.158008054544573,-1.8782766854818362,170.2074996948242,175.13719970703124,169.48726908268327,171.3655457681651,37.88794798843072,175.54518044079362,170.2074996948242,164.8698189488548,0.06271968926797789,3.283795374609717,11.15791158946325,58976000.0,1.155544628323386,177900300,3440549164.651758,-0.012212603975853775,-0.06542057690235092,-0.02700791238118716,-2.0399932861328125,0.014668127916882498,-0.030595007294984433,-0.05788147648808306,sell,bearish,Sell,Downtrend,-5.0,Strong Sell,"bearish MACD crossover, trend down",,165.0
2024-04-22,164.19305419921875,165.83999633789062,167.25999450683594,164.77000427246094,165.52000427246094,48116400,168.926150198869,170.956245810367,-2.030095611497984,-1.7822340270494075,-0.24786158444857653,-2.030095611497984,169.8854995727539,174.68759948730468,168.926150198869,170.956245810367,39.77061427396246,175.45614280805236,169.8854995727539,164.31485633745544,0.06558115023716689,3.2270950074500946,7.631898212804823,57823815.0,0.8321208138895713,226016700,3433785670.7847123,0.005090886896306879,-0.03966648912313164,-0.015494215836367786,0.839996337890625,0.01466262131046638,-0.023813116746498886,-0.05064814660789385,sell,none,Hold,Downtrend,-3.0,Sell,"MACD below signal, trend down",,165.83999633789062
2024-04-23,165.24252319335938,166.89999389648438,167.0500030517578,164.9199981689453,165.35000610351562,49537800,168.614433844656,170.65578270563495,-2.0413488609789567,-1.8340569938353173,-0.20729186714363945,-2.0413488609789567,169.68799896240233,174.24859924316405,168.614433844656,170.65578270563495,42.153413025054746,175.38647545613736,169.68799896240233,163.9895224686673,0.06716416633562444,3.1487314271188382,10.827110636345505,57586290.0,0.860236004090557,275554500,3476345905.9987645,0.006391688265803275,-0.014641698635231126,-0.016325834280393914,1.05999755859375,0.014687942127608624,-0.016430184120066693,-0.04217311001980961,sell,none,Hold,Downtrend,-3.0,Sell,"MACD below signal, trend down",,166.89999389648438
2024-04-24,167.3414764404297,169.02000427246094,169.3000030517578,166.2100067138672,166.5399932861328,48251800,168.67682929508751,170.53461393280725,-1.8577846377197318,-1.8388025226122002,-0.01898211510753156,-1.8577846377197318,169.65349884033202,173.88599945068358,168.67682929508751,170.53461393280725,46.69554975479742,175.35937474407302,169.65349884033202,163.94762293659102,0.06726505427525595,3.1445360636025375,26.337657462448,57129460.0,0.8446045175291347,323806300,3515853070.9756045,0.012702279529689164,0.006071454002743781,0.0073906633817253375,2.1200103759765625,0.014935655911306567,-0.0037340495315530964,-0.027983823847777423,sell,none,Hold,Downtrend,-1.0,Hold,"MACD below signal, trend down",,
2024-04-25,168.2028350830078,169.88999938964844,170.61000061035156,168.14999389648438,169.52999877929688,50558300,168.86347084809688,170.48686470738807,-1.623393859291184,-1.7957207899479972,0.17232693065681315,-1.623393859291184,169.48249893188478,173.58299957275392,168.86347084809688,170.48686470738807,48.483248937225135,174.93935204341085,169.48249893188478,164.0256458203587,0.06439429611808106,3.0956411100500127,41.68096333707388,56643710.0,0.8925668887154461,374364600,3536816299.1317153,0.005147290824730311,0.017061818834209763,-0.02942181269434707,0.8699951171875,0.014139979809246734,0.0024043807492326597,-0.021275125975442233,buy,bullish,Buy,Downtrend,3.0,Buy,"bullish MACD crossover, trend down",169.88999938964844,
2024-04-26,167.61868286132812,169.3000030517578,171.33999633789062,169.17999267578125,169.8800048828125,44838400,168.9306296486601,170.39894902919323,-1.4683193805331314,-1.7302405080650243,0.2619211275318929,-1.4683193805331314,169.3734992980957,173.28599975585936,168.9306296486601,170.39894902919323,47.324122719641196,174.75294020395478,169.3734992980957,163.99405839223664,0.0635216362435933,3.028809863768539,50.786794523529686,55601995.0,0.8064171078753559,329526200,3496960365.908584,-0.003472813820767917,0.026060624556107914,-0.041064853439139126,-0.589996337890625,0.013973059700950906,-0.00043393002236169487,-0.023002416292818628,buy,none,Hold,Downtrend,1.0,Hold,"MACD above signal, trend down",,
2024-04-29,171.7769775390625,173.5,176.02999877929688,173.10000610351562,173.3699951171875,68169400,169.63360970271242,170.62865650851225,-0.9950468057998307,-1.5832017676119856,0.5881549618121549,-0.9950468057998307,169.54699935913087,173.07879974365235,169.63360970271242,170.62865650851225,55.48329920143099,175.21598327776329,169.54699935913087,163.87801544049844,0.06687212324677594,3.2931802826092906,66.26238060288233,56698440.0,1.202315266522324,397695600,3447403533.8869195,0.024808014604454476,0.046189121027852,0.004690471637862181,4.1999969482421875,0.014929200144685973,0.023315072845942586,0.0024335750939541434,buy,none,Hold,Mixed,2.0,Buy,MACD above signal,173.5,
2024-04-30,168.63845825195312,170.3300018310547,174.99000549316406,170.0,173.3300018310547,65934800,169.74074695322662,170.60653393981167,-0.86578698658505,-1.4397188114065986,0.5739318248215486,-0.86578698658505,169.62149963378906,172.83919982910157,169.74074695322662,170.60653393981167,49.27902001627676,175.29052295582747,169.62149963378906,163.95247631175064,0.06684321662380974,3.4143820833632033,67.66376600970462,57528705.0,1.1461200108710947,331760800,3390189607.9460893,-0.01827088281812861,0.02055127657283018,0.0056086723394503935,-3.1699981689453125,0.015455154031633351,0.004176959871214914,-0.014517528434104698,buy,none,Hold,Downtrend,1.0,Hold,"MACD above signal, trend down",,
2024-05-01,167.61868286132812,169.3000030517578,172.7100067138672,169.11000061035156,169.5800018310547,50383100,169.6729401991545,170.5097538740299,-0.8368136748754011,-1.3191377841003593,0.48232410922495816,-0.8368136748754011,169.60400009155273,172.59399993896486,169.6729401991545,170.5097538740299,47.423420248630954,175.27472404143356,169.60400009155273,163.9332761416719,0.06687016752930061,3.427640941945519,67.83863301822367,57663275.0,0.8737467651637892,281377700,3345124783.3769374,-0.006047077838456816,0.001656601421246684,0.0077381134033203125,-1.029998779296875,0.015488557901307218,-0.001792393101759493,-0.01908523406591145,buy,none,Hold,Downtrend,1.0,Hold,"MACD above signal, trend down",,
2024-05-02,171.31163024902344,173.02999877929688,173.4199981689453,170.88999938964844,172.50999450683594,94214900,170.18941074994564,170.6964386818275,-0.5070279318818507,-1.1567158136566575,0.6496878817748069,-0.5070279318818507,169.81449966430665,172.4081997680664,170.18941074994564,170.6964386818275,54.15572360180151,175.66295538398788,169.81449966430665,163.96604394462543,0.06888052234929988,3.4770948116056606,67.67082141525628,59688800.0,1.5784351503129566,375592600,3410293223.9110556,0.02203187040935095,0.0184825440045282,0.03585970865613852,3.7299957275390625,0.01619408824013203,0.018935362535865252,0.0036065512665115484,buy,none,Hold,Mixed,3.0,Buy,"MACD above signal, volume spike",173.02999877929688,
2024-05-03,181.55885314941406,183.3800048828125,187.0,182.66000366210938,186.64999389648438,163224100,172.21873292423285,171.63596210412265,0.5827708201101984,-0.8088184869032864,1.3915893070134848,0.5827708201101984,170.50449981689454,172.3883999633789,172.21873292423285,171.63596210412265,66.84289708282185,178.81675715065705,170.50449981689454,162.19224248313202,0.0975019115939941,4.226588126541194,80.94401116193234,65744765.0,2.482693488979693,538816700,3301226566.4978795,0.05981625253732603,0.08316598687095245,0.11139396898674248,10.350006103515625,0.020821886756327995,0.07551416578298542,0.0637606992220392,buy,none,Hold,Uptrend,4.0,Buy,"MACD above signal, trend up, volume spike",183.3800048828125,
2024-05-06,179.90542602539062,181.7100067138672,184.1999969482422,180.4199981689453,182.35000610351562,78569700,173.6789288918689,172.3821876307704,1.2967412610985036,-0.3877065373029284,1.684447798401432,1.2967412610985036,171.1675003051758,172.37220001220703,173.6789288918689,172.3821876307704,63.77601412831001,180.73848896617653,171.1675003051758,161.59651164417505,0.11183184475950814,4.194688887452314,93.95435037473831,67801975.0,1.158811376807239,460247000,3276284177.1346316,-0.009106762593950823,0.04731992342286562,0.09569471012072506,-1.6699981689453125,0.02089552894932693,0.06159175304830122,0.054172347402881016,buy,none,Hold,Uptrend,3.0,Buy,"MACD above signal, trend up",181.7100067138672,
2024-05-07,180.58859252929688,182.39999389648438,184.89999389648438,181.32000732421875,183.4499969482422,77305800,175.0206312002713,173.1242473541566,1.896383846114702,0.06911153938059766,1.8272723067341043,1.896383846114702,171.80400009155272,172.39699981689452,175.0206312002713,173.1242473541566,64.50073539400344,182.51700975097748,171.80400009155272,161.09099043212797,0.12471199336122436,4.150781579224693,93.77303384222026,69548575.0,1.1115367928099174,537552800,3245620577.75351,0.0037971886914498487,0.07086239614675494,0.09286998542141056,0.6899871826171875,0.02088158158600328,0.0616748958073452,0.058023017165114155,buy,none,Hold,Uptrend,3.0,Buy,"MACD above signal, trend up",182.39999389648438,
2024-05-08,180.9252166748047,182.74000549316406,183.07000732421875,181.4499969482422,182.85000610351562,45057100,176.20822724533173,173.83652573482382,2.3717015105079042,0.529629533606059,1.8420719769018452,2.3717015105079042,172.5520004272461,172.39919982910158,176.20822724533173,173.83652573482382,64.87368040984924,184.0937196869901,172.5520004272461,161.0102811675021,0.1337767076726578,3.9700122075641127,91.5060446808244,69315965.0,0.6500248535817109,582609900,3272321097.175375,0.0018640987283840005,0.07938571883721357,0.08117383075311269,0.3400115966796875,0.02059148586737643,0.05904310028682391,0.059981749766317094,buy,none,Hold,Uptrend,5.0,Strong Buy,"MACD above signal, trend up",182.74000549316406,
2024-05-09,182.73707580566406,184.57000732421875,184.66000366210938,182.11000061035156,182.55999755859375,48983000,177.49465494977588,174.63159844514936,2.8630565046265133,0.99631492781015,1.8667415768163633,2.8630565046265133,173.02850112915038,172.46220001220703,177.49465494977588,174.63159844514936,66.88985882766548,185.67569639359724,173.02850112915038,160.38130586470353,0.14618626621526176,3.868582982149377,95.03668227524048,67211600.0,0.7287878878050813,631592900,3317846618.474824,0.01001423758369735,0.06669368679613408,0.08640889980169586,1.8300018310546875,0.01853387244784465,0.0667029195753921,0.0702055714884462,buy,none,Hold,Uptrend,3.0,Buy,"MACD above signal, trend up",184.57000732421875,
2024-05-10,181.4779815673828,183.0500030517578,185.08999633789062,182.1300048828125,184.89999389648438,50759500,178.34932388854233,175.2551839715648,3.094139916977525,1.4158799256436252,1.6782599913339,3.094139916977525,173.3535011291504,172.5082000732422,178.34932388854233,175.2551839715648,63.62330008331925,186.66270670483473,173.3535011291504,160.04429555346607,0.15354989070303018,3.8036835873585733,93.33119449250982,64666030.0,0.7849484497502012,580833400,3298640349.46572,-0.008235380680192916,-0.0017995518718934012,0.08121677349170753,-1.5200042724609375,0.018638786337212908,0.055934849076877846,0.06110899640735834,buy,none,Hold,Uptrend,1.0,Hold,"MACD above signal, trend up",,
2024-05-13,184.6802215576172,186.27999877929688,187.10000610351562,184.6199951171875,185.44000244140625,72044800,179.5694277178892,176.0718369202857,3.4975907976034932,1.832222100035599,1.6653686975678943,3.4975907976034932,174.03300094604492,172.64059997558593,179.5694277178892,176.0718369202857,67.2799696235932,188.47664644326304,174.03300094604492,159.5893554488268,0.1659874324835213,3.8212778348156617,95.59818365390568,64591680.0,1.1153882357603953,652878200,3323042405.9476004,0.017645428427694565,0.025149919633352447,0.07365993532735948,3.2299957275390625,0.018064528389338686,0.07037169827950551,0.07900458412238942,buy,none,Hold,Uptrend,3.0,Buy,"MACD above signal, trend up",186.27999877929688,
2024-05-14,185.82032775878906,187.42999267578125,188.3000030517578,186.2899932861328,187.50999450683594,52393600,180.77874540371874,176.91318179106315,3.865563612655592,2.2388904025595977,1.6266732100959942,3.865563612655592,174.93550033569335,172.88719970703124,180.77874540371874,176.91318179106315,68.49428105117443,190.32792307106803,174.93550033569335,159.54307760031867,0.17597826291218552,3.69261543750461,95.59818365390568,63525800.0,0.8247609632621706,705271800,3330080031.649046,0.006173469529849429,0.02757674861629389,0.10039329924793594,1.149993896484375,0.017227287840071454,0.071423423582472,0.08411723362628187,buy,none,Hold,Uptrend,3.0,Buy,"MACD above signal, trend up",187.42999267578125,
2024-05-15,188.09068298339844,189.72000122070312,190.64999389648438,187.3699951171875,187.91000366210938,70400000,182.15432322171634,177.8618350821476,4.292488139568746,2.6496099499614276,1.6428781896073188,4.292488139568746,176.02150039672853,173.27919982910157,182.15432322171634,177.8618350821476,70.81688064672872,192.34035922437627,176.02150039672853,159.70264156908078,0.18541892656144002,3.6631428190612003,100.0,64500740.0,1.0914603460363401,775671800,3360558379.9775567,0.012217940748059153,0.03819632000503681,0.12061428116278639,2.290008544921875,0.01699629964181402,0.07782288409711335,0.09488040923444063,buy,none,Hold,Uptrend,1.0,Hold,"MACD above signal, RSI overbought, trend up",,
2024-05-16,188.20960998535156,189.83999633789062,191.10000610351562,189.66000366210938,190.47000122070312,52845200,183.33673447035855,178.7491062862767,4.5876281840818365,3.0372135967855094,1.550414587296327,4.5876281840818365,177.1615005493164,173.69359985351562,183.33673447035855,178.7491062862767,70.93778025356202,193.98896096569362,177.1615005493164,160.33404013293918,0.18996746318134697,3.5043470778001327,100.0,64986855.0,0.8131675244170533,828517000,3320923920.0106173,0.000632485327932919,0.028552791919298715,0.09715076967685365,0.1199951171875,0.01681984274332287,0.07156462182394363,0.09295907562507799,buy,none,Hold,Uptrend,1.0,Hold,"MACD above signal, RSI overbought, trend up",,
2024-05-17,188.23939514160156,189.8699951171875,190.80999755859375,189.17999267578125,189.50999450683594,41282900,184.34185149294763,179.57287582930712,4.768975663640504,3.3835660101565086,1.385409653483995,4.768975663640504,178.40500030517578,174.11099975585938,184.34185149294763,179.57287582930712,70.9701591858543,195.12920447779845,178.40500030517578,161.6807961325531,0.18748582320018622,3.370465492443873,100.0,63643530.0,0.6486582375301936,869799900,3314592205.8490057,0.00015802138577525326,0.0372575359285916,0.035390937188175764,0.029998779296875,0.016313412110556515,0.06426386475939538,0.09051119908234151,buy,none,Hold,Uptrend,1.0,Hold,"MACD above signal, RSI overbought, trend up",,
2024-05-20,189.3993377685547,191.0399932861328,191.9199981689453,189.00999450683594,189.3300018310547,44361300,185.37233484574534,180.42229193722014,4.950042908525205,3.6968613898302483,1.2531815186949569,4.950042908525205,179.66500015258788,174.51719970703124,185.37233484574534,180.42229193722014,72.26788520775492,196.20892203743261,179.66500015258788,163.12107826774314,0.18416410398012,3.337575361705695,100.0,63455775.0,0.6990900355405004,914161200,3332123188.68053,0.006162101432736655,0.025552901750206303,0.051345474808975444,1.1699981689453125,0.016307991463876206,0.06331223735220681,0.09467716423847627,buy,none,Hold,Uptrend,1.0,Hold,"MACD above signal, RSI overbought, trend up",,
2024-05-21,190.69810485839844,192.35000610351562,192.72999572753906,190.9199981689453,191.08999633789062,42309400,186.44582273155615,181.30582631990868,5.1399964116474735,3.9854883941936934,1.15450801745378,5.1399964116474735,180.93750076293946,174.90919982910157,186.44582273155615,181.30582631990868,73.68627543232364,197.2720383557153,180.93750076293946,164.60296317016363,0.1805544734938834,3.228462661483413,100.0,63094355.0,0.6705734609696858,956470600,3356667776.874764,0.006857270013722827,0.02624987259240341,0.05455050734638767,1.3100128173828125,0.01630707690959905,0.0630742952259995,0.09971348729200602,buy,none,Hold,Uptrend,1.0,Hold,"MACD above signal, RSI overbought, trend up",,
2024-05-22,189.2605438232422,190.89999389648438,192.82000732421875,190.27000427246094,192.27000427246094,34648500,187.1310798338528,182.01650539965502,5.1145744341977775,4.2113056021945106,0.9032688320032669,5.1145744341977775,182.03150024414063,175.26259979248047,187.1310798338528,182.01650539965502,69.45200745267061,197.9523886702746,182.03150024414063,166.11061181800667,0.17492454223341414,3.1800012607887274,85.97410198342594,62414190.0,0.5551381825190714,921822100,3339139409.7098436,-0.0075384047882530725,0.006219653532515856,0.04465354141420086,-1.45001220703125,0.016576405594186456,0.048719554804796505,0.08922265287927567,buy,none,Hold,Uptrend,3.0,Buy,"MACD above signal, trend up",190.89999389648438,
2024-05-23,185.27505493164062,186.8800048828125,191.0,186.6300048828125,190.97999572753906,51005900,187.09245291830814,182.37676462062964,4.715688297678497,4.3121821412913075,0.40350615638718956,4.715688297678497,182.88100051879883,175.57759979248047,187.09245291830814,182.37676462062964,59.28137630559556,197.90785901474356,182.88100051879883,167.8541420228541,0.16433482377410863,3.265000821960068,52.6407686500926,62436570.0,0.8169234793006727,870816200,3293969431.5624094,-0.021058088749084547,-0.015592032828581237,0.012515563021764153,-4.019989013671875,0.017666562348046387,0.02186670213236619,0.06437270530916606,buy,none,Hold,Uptrend,1.0,Hold,"MACD above signal, trend up",,
2024-05-24,188.34841918945312,189.97999572753906,190.5800018310547,188.0399932861328,188.82000732421875,36327000,187.53669027357444,182.93996692484515,4.5967233487292845,4.369090382778903,0.22763296595038174,4.5967233487292845,183.91500015258788,175.91719970703124,187.53669027357444,182.93996692484515,63.69639985721108,197.86922185934142,183.91500015258788,169.96077844583434,0.15174642302342073,3.2960719738373627,29.5239214181753,62011000.0,0.5858154198448662,907143200,3313133952.5101333,0.016588135507972,0.0005793469909960436,0.03785846796091974,3.0999908447265625,0.017734187652271995,0.032977166462329066,0.0799398583192985,buy,none,Hold,Uptrend,3.0,Buy,"MACD above signal, trend up",189.97999572753906,
2024-05-28,188.3583526611328,189.99000549316406,193.0,189.10000610351562,191.50999450683594,52280100,187.91412338428054,183.46219200397988,4.451931380300664,4.385658582283256,0.06627279801740826,4.451931380300664,184.7395004272461,176.2645999145508,187.91412338428054,183.46219200397988,63.71008262934907,198.0694589032321,184.7395004272461,171.4095419512601,0.1443108641644896,3.3392092540264353,20.464634514423892,61216535.0,0.8540192612992552,959423300,3284715047.335439,5.268852431883353e-05,-0.005496167451158329,0.019916291272165987,0.010009765625,0.017202854515394994,0.02842112842015454,0.07786819126056543,buy,none,Hold,Uptrend,1.0,Hold,"MACD above signal, trend up",,
2024-05-29,188.65577697753906,190.2899932861328,192.25,189.50999450683594,189.61000061035156,53068000,188.27964183071936,183.96795506191714,4.311686768802218,4.370864219587048,-0.059177450784829944,4.311686768802218,185.7375,176.59599975585937,188.27964183071936,183.96795506191714,64.14622040210958,197.49924496489467,185.7375,173.97575503510535,0.1266491146364591,3.2964089853934087,31.72201774614069,60573195.0,0.8760970921213583,1012491300,3261860837.288048,0.0015789661787211084,-0.010709710174244491,0.015259033890583584,0.29998779296875,0.0163605616424844,0.02451036159166997,0.07754418870872004,sell,bearish,Sell,Uptrend,-3.0,Sell,"bearish MACD crossover, trend up",,190.2899932861328
2024-05-30,189.64718627929688,191.2899932861328,192.17999267578125,190.6300048828125,190.75999450683594,49889100,188.7427728238599,184.5103282637109,4.232444560148991,4.343180287699437,-0.1107357275504457,4.232444560148991,186.83699951171874,176.90019958496094,188.7427728238599,184.5103282637109,65.62911255889797,196.09069191356366,186.83699951171874,177.58330710987383,0.09905631567653717,3.195951157125911,36.194368170543115,60548495.0,0.8239527671166723,1062380400,3254457526.66194,0.005255137081729533,0.002042951294487283,0.008275311276238595,1.0,0.016127706953609405,0.02383357571600686,0.08134413491297843,sell,none,Hold,Uptrend,1.0,Hold,"MACD below signal, trend up",,
2024-05-31,190.59893798828125,192.25,192.57000732421875,189.91000366210938,191.44000244140625,75158300,189.28234623557375,185.08363728121378,4.198708954359972,4.314286021031545,-0.1155770666715723,4.198708954359972,187.7979995727539,177.17179962158204,189.28234623557375,185.08363728121378,67.03853158056779,194.84570839271314,187.7979995727539,180.75029075279465,0.07505627148311472,3.1576691931961585,43.89649071912067,59595665.0,1.2611370306883898,1137538700,3311532237.6666093,0.005018593484036549,0.02873499024443449,0.012694920504633167,0.9600067138671875,0.015694070685459697,0.02370632508000381,0.08510496823209568,sell,none,Hold,Uptrend,1.0,Hold,"MACD below signal, trend up",,
2024-06-03,192.3636474609375,194.02999877929688,194.99000549316406,192.52000427246094,192.89999389648438,50080500,190.01275431922346,185.74633072551623,4.266423593707231,4.304713535566682,-0.03828994185945156,4.266423593707231,188.33049926757812,177.62499969482423,190.01275431922346,185.74633072551623,69.53316555701949,195.5692701105445,188.33049926757812,181.09172842461174,0.07687305955347785,3.1278360717652944,56.36203018019312,53938485.0,0.928474353701258,1187619200,3322683512.9918623,0.009258771283728873,0.021318050020203927,0.02190974755933306,1.779998779296875,0.009191508715589323,0.03026328467180961,0.09235748972643454,sell,none,Hold,Uptrend,1.0,Hold,"MACD below signal, trend up",,
2024-06-04,192.68092346191406,194.35000610351562,195.32000732421875,193.02999877929688,194.63999938964844,47471400,190.6800238244992,186.38364001277543,4.296383811723757,4.303047590798097,-0.006663779074339793,4.296383811723757,188.96249923706054,178.0663998413086,190.6800238244992,186.38364001277543,69.9731476364275,195.98267128980316,188.96249923706054,181.94232718431792,0.0743022777650242,3.067991248419336,66.41424699733888,52383570.0,0.9062268951887014,1235090600,3329939066.59199,0.0016492672588364066,0.022948578789890206,0.017326282106936652,0.32000732421875,0.008758528185179271,0.028510984392179584,0.09144682139201366,sell,none,Hold,Uptrend,1.0,Hold,"MACD below signal, trend up",,
2024-06-05,194.1878662109375,195.8699951171875,196.89999389648438,194.8699951171875,195.39999389648438,54156800,191.47848094645124,187.08633298347263,4.392147962978612,4.3208676652342,0.07128029774441202,4.392147962978612,189.6359992980957,178.56679962158202,191.47848094645124,187.08633298347263,72.0386735110951,196.59285281955405,189.6359992980957,182.67914577663734,0.07337059996211612,3.0309910016014365,77.98471314347016,51226120.0,1.0572106573755733,1289247400,3329138751.8789005,0.007820884826019947,0.029323674538493494,0.018299916308697872,1.519989013671875,0.008814057169868005,0.03287348310534832,0.09690040663927646,buy,bullish,Buy,Uptrend,3.0,Buy,"bullish MACD crossover, RSI overbought, trend up",195.8699951171875,
2024-06-06,192.80978393554688,194.47999572753906,196.5,194.1699981689453,195.69000244140625,41181800,191.94025245123396,187.63401170525532,4.306240745978641,4.317942281383089,-0.011701535404447405,4.306240745978641,190.22299880981444,179.06219940185548,191.94025245123396,187.63401170525532,67.46802650289439,196.7192632273206,190.22299880981444,183.7267343923083,0.06830156666808875,2.980920346562383,73.20592449210719,51032355.0,0.8069743205070588,1248065600,3298915104.1759033,-0.007096540686677422,0.016676264066958435,0.018753284156708405,-1.3899993896484375,0.009129351318042808,0.022378981218673655,0.08610302105740697,sell,bearish,Sell,Uptrend,-1.0,Hold,"bearish MACD crossover, trend up",,
2024-06-07,195.1990966796875,196.88999938964844,196.94000244140625,194.13999938964844,194.64999389648438,53103900,192.7017519802208,188.31964042261777,4.382111557603025,4.330776136627076,0.05133542097594912,4.382111557603025,190.83899841308593,179.53379943847656,192.7017519802208,188.31964042261777,70.91380007575793,197.4103107733601,190.83899841308593,184.26768605281177,0.06886760478641837,2.9679976826477708,75.38262014510457,51238400.0,1.0364082406944792,1301169500,3350122322.628664,0.012392038847459208,0.024135237397391096,0.053563753452986695,2.410003662109375,0.009238176026812843,0.03170736079564107,0.09667371829402849,buy,bullish,Buy,Uptrend,3.0,Buy,"bullish MACD crossover, RSI overbought, trend up",196.88999938964844,
2024-06-10,191.4614715576172,193.1199951171875,197.3000030517578,192.14999389648438,196.89999389648438,97010200,192.7660970782157,188.67522225184516,4.090874826370538,4.282795874575768,-0.1919210482052307,4.090874826370538,191.3424980163574,179.96659942626954,192.7660970782157,188.67522225184516,60.176143682502044,196.91699334592587,191.3424980163574,185.76800268678895,0.058267195080644485,3.1238556449781756,47.93239939212406,53550935.0,1.8115500691071034,1204159300,3289655751.8081574,-0.019147769232301326,-0.004690015295750638,0.016528052743782995,-3.7700042724609375,0.010223573150754594,0.00928960957057301,0.07308798261927918,sell,bearish,Sell,Uptrend,-4.0,Sell,"bearish MACD crossover, trend up, volume spike",,193.1199951171875
2024-06-11,205.37095642089844,207.14999389648438,207.16000366210938,193.6300048828125,193.64999389648438,172373300,194.97900428102625,190.04372385515177,4.935280425874481,4.4132927848355115,0.5219876410389697,4.935280425874481,192.3859977722168,180.7089993286133,194.97900428102625,190.04372385515177,75.21614937911004,200.8458462763252,192.3859977722168,183.9261492681084,0.08794661360048446,3.903580852117011,62.32159868403112,58567360.0,2.9431632226550763,1376532600,3461774001.329417,0.07264912559045644,0.06586049596597987,0.09032047953668676,14.029998779296875,0.018497139333205112,0.07674153158354069,0.14631808413585978,buy,bullish,Buy,Uptrend,4.0,Buy,"bullish MACD crossover, RSI overbought, trend up, volume spike",207.14999389648438,
2024-06-12,211.2401580810547,213.07000732421875,220.1999969482422,206.89999389648438,207.3699951171875,198134300,197.7622355184405,191.74937448249008,6.012861035950408,4.7332064350584915,1.2796546008919165,6.012861035950408,193.66799850463866,181.59359954833985,197.7622355184405,191.74937448249008,78.84641505272934,205.73647753585993,193.66799850463866,181.5995194734174,0.12463059591058058,4.574753866377067,68.73718302140288,65854395.0,3.0086723900508083,1574666900,3447472936.064379,0.02857839054869915,0.08781341009755272,0.11971209649386227,5.920013427734375,0.01920614052978103,0.10018180065569982,0.17333434578182882,buy,none,Hold,Uptrend,2.0,Buy,"MACD above signal, RSI overbought, trend up, volume spike",213.07000732421875,
2024-06-13,212.4001007080078,214.24000549316406,216.75,211.60000610351562,214.74000549316406,97862700,200.29727705301335,193.41534714994742,6.881929903065924,5.162951128659978,1.7189787744059455,6.881929903065924,194.8939987182617,182.48539978027344,200.29727705301335,193.41534714994742,79.4859556098983,209.7654491461187,194.8939987182617,180.02254829040473,0.1526106552860575,4.61584243995616,100.0,67227530.0,1.4556938206713828,1672529600,3449943352.360193,0.005491144359726752,0.10160433052100748,0.11997497523408063,1.1699981689453125,0.01916145552317248,0.09926425083446966,0.17401176067304913,buy,none,Hold,Uptrend,1.0,Hold,"MACD above signal, RSI overbought, trend up",,
2024-06-14,210.66514587402344,212.49000549316406,215.1699981689453,211.3000030517578,213.85000610351562,70122700,202.17308142842114,194.8282848050005,7.344796623420649,5.599320227612113,1.7454763958085362,7.344796623420649,196.0264991760254,183.35879974365236,202.17308142842114,194.8282848050005,75.79481038138522,212.54452301524995,196.0264991760254,179.50847533680084,0.1685284786358594,4.56256763118697,93.6282044203027,68091405.0,1.0298318855368016,1602406900,3422945349.7673783,-0.008168409051202308,0.07923208975506646,0.10527961244818762,-1.75,0.019397223645597147,0.08398612629588897,0.15887541688884887,buy,none,Hold,Uptrend,1.0,Hold,"MACD above signal, RSI overbought, trend up",,
2024-06-17,214.80921936035156,216.6699981689453,218.9499969482422,212.72000122070312,213.3699951171875,93728300,204.4033763115787,196.44618949862604,7.957186812952671,6.070893544680225,1.8862932682724454,7.957186812952671,197.3664993286133,184.30059967041015,204.4033763115787,196.44618949862604,78.37764119172584,215.8952070980798,197.3664993286133,178.83779155914678,0.18775940022745594,4.6980979043220525,91.71498982877854,70713675.0,1.3254621542438574,1696135200,3448069939.931453,0.019671478976528656,0.12194492360807785,0.11668298475536631,4.17999267578125,0.01958700215750157,0.09780534642909133,0.17563371229622837,buy,none,Hold,Uptrend,1.0,Hold,"MACD above signal, RSI overbought, trend up",,
2024-06-18,212.4496612548828,214.2899932861328,218.6300048828125,213.0,217.58999633789062,79943300,205.92439430766396,197.76795274214507,8.15644156551889,6.488003148847959,1.6684384166709307,8.15644156551889,198.52899932861328,185.21739959716797,205.92439430766396,197.76795274214507,73.56435264537969,218.20597522459946,198.52899932861328,178.8520234326271,0.1982277245392855,4.764662688499941,81.49289309235685,72492775.0,1.1027761042393536,1616191900,3404761180.1913133,-0.010984469021671939,0.03446777504235121,0.10259833576746402,-2.3800048828125,0.01998758554409619,0.07938887523142801,0.15696470068252366,buy,none,Hold,Uptrend,1.0,Hold,"MACD above signal, RSI overbought, trend up",,
2024-06-20,207.87925720214844,209.67999267578125,214.24000549316406,208.85000610351562,213.92999267578125,86172500,206.5021786719897,198.65032607056256,7.85185260142714,6.760773039363796,1.091079562063344,7.85185260142714,199.39549865722657,186.0175994873047,206.5021786719897,198.65032607056256,65.21070041040971,219.43079339266353,199.39549865722657,179.3602039217896,0.20096035136559323,4.812900152365458,63.222199052160896,74685930.0,1.153798312480008,1530019400,3345127465.348105,-0.021512906597537684,-0.015910332434912244,0.07050593711574527,-4.6100006103515625,0.020904971465852105,0.051578366050451185,0.1272051314160274,buy,none,Hold,Uptrend,1.0,Hold,"MACD above signal, trend up",,
2024-06-21,205.70806884765625,207.49000549316406,211.88999938964844,207.11000061035156,210.38999938964844,241805100,206.65415202909344,199.30511713890343,7.349034890190012,6.87842540952904,0.47060948066097197,7.349034890190012,200.22499923706056,186.81179962158203,206.65415202909344,199.30511713890343,61.630323912523984,220.1581434507439,200.22499923706056,180.29185502337722,0.1991074470184722,4.810550054289131,34.312341648800746,85043760.0,2.84330208353911,1288214300,3141768868.3417654,-0.010444426073609514,-0.03150672062606619,0.06689639063881736,-2.1899871826171875,0.021003099984791277,0.03628421168078999,0.11069004160052587,buy,none,Hold,Uptrend,0.0,Hold,"MACD above signal, trend up, volume spike",,
2024-06-24,206.35250854492188,208.13999938964844,212.6999969482422,206.58999633789062,207.72000122070312,80727000,206.88274393071728,199.95955286118084,6.923191069536443,6.887378541530522,0.03581252800592161,6.923191069536443,201.28799896240236,187.47379974365234,206.88274393071728,199.95955286118084,62.29207528853811,220.5161563155993,201.28799896240236,182.05984160920542,0.19105120476445764,4.9033679511507335,14.853706837951442,86529815.0,0.9329385484066965,1368941300,3101999997.264785,0.00313265159417897,-0.02047157979698755,0.057138503910176164,0.649993896484375,0.020139896532402352,0.03404077969161956,0.11023513511890526,buy,none,Hold,Uptrend,1.0,Hold,"MACD above signal, trend up",,
2024-06-25,207.27452087402344,209.07000732421875,211.3800048828125,208.61000061035156,209.14999389648438,55549700,207.21924599125597,200.63440133992438,6.5848446513315935,6.826871763490736,-0.24202711215914263,6.5848446513315935,202.24249954223632,188.12419982910157,207.21924599125597,200.63440133992438,63.268212440890686,221.02055836545946,202.24249954223632,183.46444071901317,0.18569844484444317,4.784556347008829,11.5005100679662,87490950.0,0.6349193830904797,1424491000,3064900257.943442,0.004468184574312861,-0.03507634148222305,0.08259120034335443,0.9300079345703125,0.01997317561163652,0.0337590160200556,0.11134031408051204,sell,bearish,Sell,Uptrend,-3.0,Sell,"bearish MACD crossover, trend up",,209.07000732421875
2024-06-26,211.41859436035156,213.25,214.86000061035156,210.63999938964844,211.5,66213200,208.14705430029352,201.56889012955963,6.578164170733885,6.777130244939366,-0.1989660742054813,6.578164170733885,203.40549926757814,188.93539978027343,208.14705430029352,201.56889012955963,67.35823242245047,221.88287762341832,203.40549926757814,184.92812091173795,0.18168022420606592,4.856373271231972,21.388244054299303,88187605.0,0.750822068475496,1490704200,3080590585.158316,0.01999326794540668,-0.004853205089908941,0.02944729077116892,4.17999267578125,0.02021039386727364,0.048398400081954174,0.12869266557777825,sell,none,Hold,Uptrend,-1.0,Hold,"MACD below signal, trend up",,
2024-06-27,212.26129150390625,214.10000610351562,215.74000549316406,212.35000610351562,214.69000244140625,49772700,209.06289303925075,202.49712094244526,6.565772096805489,6.734858615312591,-0.1690865185071022,6.565772096805489,204.59599990844725,189.8297998046875,209.06289303925075,202.49712094244526,68.1352399480638,222.6019861259292,204.59599990844725,186.59001369096532,0.17601503671175647,4.75163227969029,31.47493759900366,88022840.0,0.5654521031132375,1540476900,3082205637.773241,0.003985960626099017,0.02107980533254228,0.004834086187126108,0.850006103515625,0.020189962311079186,0.046452551366210626,0.12785245690507652,sell,none,Hold,Uptrend,1.0,Hold,"MACD below signal, trend up",,
2024-06-28,208.81118774414062,210.6199951171875,216.07000732421875,210.3000030517578,215.77000427246094,82542700,209.30244720508716,203.0988153257595,6.2036318793276735,6.628613268115608,-0.4249813887879341,6.2036318793276735,205.5625,190.68219970703126,209.30244720508716,203.0988153257595,61.66347404059377,222.66006682000784,205.5625,188.46493317999216,0.1663490842931745,4.8243731363167655,28.704777008573195,89655520.0,0.9206650075756629,1457934200,3008818220.096066,-0.016254137725925877,0.015085013933967772,-0.016896986011756154,-3.480010986328125,0.020800987499404185,0.02460319911067188,0.10456033882968185,sell,none,Hold,Uptrend,1.0,Hold,"MACD below signal, trend up",,
2024-07-01,214.88853454589844,216.75,217.50999450683594,211.9199981689453,212.08999633789062,60402900,210.44822455815066,204.11001419051803,6.338210367632627,6.5705326880190125,-0.23232232038638578,6.338210367632627,206.7875,191.67639984130858,210.44822455815066,204.11001419051803,67.51648019537758,223.3980927397138,206.7875,190.17690726028619,0.16065374105991714,4.9719178686975996,27.295203306382305,88917750.0,0.6793120608652378,1518337100,3052796825.9025984,0.029104572333703782,0.041366391061783414,0.020047975889261327,6.1300048828125,0.02148654037543131,0.048177476878437986,0.13081214056321055,sell,none,Hold,Uptrend,1.0,Hold,"MACD below signal, trend up",,
2024-07-02,218.37832641601562,220.27000427246094,220.3800048828125,215.10000610351562,216.14999389648438,58046200,211.95926759112146,205.30705049288417,6.652217098237287,6.586869570062667,0.06534752817461964,6.652217098237287,208.0995002746582,192.7817999267578,211.95926759112146,205.30705049288417,70.31878254138445,224.6171038869852,208.0995002746582,191.5818966623312,0.15874717229523763,4.9939236480261195,29.775736684967306,89316035.0,0.6498967402661795,1576383300,3108424420.256845,0.016239927439266166,0.053570557975222144,0.016615157308067063,3.5200042724609375,0.021594778015180685,0.058484061623115924,0.14258713403519696,buy,bullish,Buy,Uptrend,3.0,Buy,"bullish MACD crossover, RSI overbought, trend up",220.27000427246094,
2024-07-03,219.64730834960938,221.5500030517578,221.5500030517578,219.02999877929688,220.0,37369800,213.43476535429627,206.51023216391187,6.924533190384409,6.654402294127016,0.2701308962573927,6.924533190384409,209.45950012207032,193.89600006103515,213.43476535429627,206.51023216391187,71.28874544834119,225.70161567864147,209.45950012207032,193.21738456549917,0.15508597649765662,4.817215121200035,45.238829702292655,88810955.0,0.42077917076784055,1613753100,3145794220.256845,0.0058110444203451905,0.03892146800355367,0.033879369047023156,1.279998779296875,0.021564811346854364,0.05772238987795397,0.14262286474201447,buy,none,Hold,Uptrend,1.0,Hold,"MACD above signal, RSI overbought, trend up",,
2024-07-05,224.39617919921875,226.33999633789062,226.4499969482422,221.64999389648438,221.64999389648438,60412400,215.4201855056185,207.9791035842066,7.441081921411893,6.811738219583992,0.6293437018279011,7.441081921411893,210.98300018310547,195.0848001098633,215.4201855056185,207.9791035842066,74.62996160439418,227.55337764567497,210.98300018310547,194.41262272053598,0.15707784464329913,4.823127890863202,60.12447788870933,89123735.0,0.6778486112593912,1674165500,3203437704.9869394,0.021620371113304726,0.05716949969845886,0.07945442695560367,4.7899932861328125,0.021818911582597723,0.07278783665725341,0.16021338520697537,buy,none,Hold,Uptrend,1.0,Hold,"MACD above signal, RSI overbought, trend up",,
2024-07-08,225.8634796142578,227.82000732421875,227.85000610351562,223.25,227.08999633789062,59085900,217.32785040078775,209.44880015754083,7.8790502432469225,7.025200624316579,0.8538496189303437,7.8790502432469225,212.65000076293944,196.26080017089845,217.32785040078775,209.44880015754083,75.57573821008884,228.9499693580397,212.65000076293944,196.35003216783917,0.15330325451793764,4.807190620338375,71.66116298407582,90018940.0,0.6563718701864296,1733251400,3261752951.716587,0.006538884025246272,0.08166371952226692,0.09798063180312777,1.480010986328125,0.02155097164818878,0.07133790974301801,0.1608023972481485,buy,none,Hold,Uptrend,1.0,Hold,"MACD above signal, RSI overbought, trend up",,
2024-07-09,226.716064453125,228.67999267578125,229.39999389648438,226.3699951171875,227.92999267578125,48076100,219.07433382770984,210.87333293666975,8.201000891040081,7.2603606776612795,0.9406402133788019,8.201000891040081,214.2395004272461,197.4366000366211,219.07433382770984,210.87333293666975,76.13251973096914,230.28005961194594,214.2395004272461,198.19894124254625,0.14974418025351102,4.680248345978268,86.96391694705943,89767550.0,0.5355621268487332,1781327500,3286980956.24991,0.00377484559702701,0.05504033529772201,0.09868354639360266,0.8599853515625,0.021548011998820733,0.06740350038035592,0.15824519178999763,buy,none,Hold,Uptrend,1.0,Hold,"MACD above signal, RSI overbought, trend up",,
2024-07-10,230.97914123535156,232.97999572753906,233.0800018310547,229.25,229.3000030517578,62627700,221.21366642768356,212.51086351377117,8.702802913912393,7.548849124911502,1.1539537890008909,8.702802913912393,216.23250045776368,198.71019989013672,221.21366642768356,212.51086351377117,78.74196866845095,231.1471199427867,216.23250045776368,201.31788097274065,0.13794984059703155,4.660231260927923,94.42318047138484,88048425.0,0.7112869991711948,1843955200,3346338082.226492,0.018803582252402418,0.057701871378531555,0.11436355079971605,4.3000030517578125,0.02071156866938537,0.07745133240526281,0.17246118144085965,buy,none,Hold,Uptrend,1.0,Hold,"MACD above signal, RSI overbought, trend up",,
2024-07-11,225.61561584472656,227.57000732421875,232.38999938964844,225.77000427246094,231.38999938964844,64710600,222.19156502715052,213.6263556478784,8.565209379272119,7.752121175783627,0.8130882034884923,8.565209379272119,217.25350112915038,199.7916000366211,222.19156502715052,213.6263556478784,68.58256517392645,232.33612464766952,217.25350112915038,202.17087761063124,0.1388481514924171,4.842356989081509,80.20957143622796,82665290.0,0.7828025523166978,1779244600,3316817622.2248325,-0.023220827978926883,0.027172214802698713,0.06715126529528126,-5.4099884033203125,0.015890512355556146,0.047486029644859595,0.13903691287574627,buy,none,Hold,Uptrend,3.0,Buy,"MACD above signal, trend up",227.57000732421875,
2024-07-12,228.5601043701172,230.5399932861328,232.63999938964844,228.67999267578125,228.9199981689453,53046500,223.4759386054555,214.87921769515648,8.596720910299013,7.921041122686704,0.6756797876123084,8.596720910299013,218.1270004272461,200.99579986572266,223.4759386054555,214.87921769515648,70.8092080332249,234.1344792665456,218.1270004272461,202.11952158794656,0.1467720988960158,4.858616637392093,64.72662869042976,75410900.0,0.7034327928721179,1832291100,3313602614.6975613,0.013050867277438316,0.01855614127505878,0.07678648628654683,2.9699859619140625,0.015024972041991247,0.05690718175454368,0.1469891084298649,buy,none,Hold,Uptrend,1.0,Hold,"MACD above signal, RSI overbought, trend up",,
2024-07-15,232.38694763183594,234.39999389648438,237.22999572753906,233.08999633789062,236.47999572753906,62631300,225.156562496383,216.3252011174771,8.83136137890591,8.103105173930546,0.7282562049753647,8.83136137890591,219.1349998474121,202.29779968261718,225.156562496383,216.3252011174771,73.44352445140136,236.51646827884392,219.1349998474121,201.7535314159803,0.15863708164861717,4.989429909107391,54.38527185052976,73649330.0,0.8503987748428941,1894922400,3290607480.0055566,0.01674330147811176,0.02888239118920488,0.11290475420467971,3.8600006103515625,0.015289907295479972,0.06966022798595195,0.15868780710532682,buy,none,Hold,Uptrend,1.0,Hold,"MACD above signal, RSI overbought, trend up",,
2024-07-16,232.80335998535156,234.82000732421875,236.27000427246094,232.3300018310547,235.0,43234300,226.64324631605004,217.69518676242092,8.948059553629122,8.27209604987026,0.6759635037588616,8.948059553629122,220.25149993896486,203.53359985351562,226.64324631605004,217.69518676242092,73.72142180412243,238.62272354902984,220.25149993896486,201.88027632889987,0.16682041770572226,4.914470804271595,64.37673593933496,72304910.0,0.5979441783414156,1938156700,3302019666.1913266,0.0017918662059346335,0.02684981128691355,0.08336796920054779,0.420013427734375,0.015011196997470444,0.06614487251751311,0.15371617999789788,buy,none,Hold,Uptrend,1.0,Hold,"MACD above signal, RSI overbought, trend up",,
2024-07-17,226.9143524169922,228.8800048828125,231.4600067138672,226.63999938964844,229.4499969482422,57345900,226.98736301862888,218.52369180837584,8.46367121025304,8.310411081946818,0.15326012830622204,8.46367121025304,220.86200027465821,204.44359985351562,226.98736301862888,218.52369180837584,63.587171802268514,239.52575667091867,220.86200027465821,202.19824387839776,0.16900830720586332,5.147723456435789,50.280965423401355,70485790.0,0.8135810068951487,1880810800,3297974569.434922,-0.025295980990260425,-0.017598038114488346,0.03908839353224636,-5.94000244140625,0.016048087047566603,0.03630323277966929,0.11952638794662995,buy,none,Hold,Uptrend,1.0,Hold,"MACD above signal, trend up",,
2024-07-18,222.2547149658203,224.17999267578125,230.44000244140625,222.27000427246094,230.27999877929688,66034600,226.55545988896003,218.94267705781328,7.612782831146745,8.170885431786804,-0.5581026006400585,7.612782831146745,221.35650024414062,205.2929995727539,226.55545988896003,218.94267705781328,56.91974986157335,239.82055292720608,221.35650024414062,202.89244756107516,0.16682638786483264,5.36360022161504,27.288988929968035,69790355.0,0.9461851856176975,1814776200,3262815207.742149,-0.020534830945314275,-0.01489657924740384,0.01187086250415903,-4.70001220703125,0.01661405424305293,0.012755407808338726,0.09200018092352913,sell,bearish,Sell,Uptrend,-3.0,Sell,"bearish MACD crossover, trend up",,224.17999267578125
2024-07-19,222.38360595703125,224.30999755859375,226.8000030517578,223.27999877929688,224.82000732421875,49151500,226.21000414582676,219.3402563541674,6.869747791659364,7.910657903761316,-1.040910112101952,6.869747791659364,222.08800048828124,206.1311996459961,226.21000414582676,219.3402563541674,57.05388965340662,239.78707771091663,222.08800048828124,204.38892326564584,0.15938796498435143,5.231914796675461,3.9595179527020843,67939305.0,0.7234619194294084,1863927700,3242428437.033353,0.0005799129586043783,-0.0270234922745346,-0.008968802739867554,0.1300048828125,0.015647499153777313,0.010005029832441448,0.08819042407853539,sell,none,Hold,Uptrend,-1.0,Hold,"MACD below signal, trend up",,
2024-07-22,222.03662109375,223.9600067138672,227.77999877929688,223.08999633789062,227.00999450683594,48201800,225.86385069475605,219.68246008451553,6.181390610240527,7.564804445057159,-1.3834138348166318,6.181390610240527,222.9115005493164,206.95559967041015,225.86385069475605,219.68246008451553,56.543451149348634,239.30129356255927,222.9115005493164,206.52170753607354,0.14705201815836172,5.193206771299089,0.20489788110055304,58259140.0,0.8273688901003344,1815725900,3212109811.5794935,-0.0015602998017738567,-0.04453919562484154,-0.01694320290692586,-0.3499908447265625,0.01535432765647964,0.004703688064397582,0.08216451775423139,sell,none,Hold,Uptrend,-1.0,Hold,"MACD below signal, trend up",,
2024-07-23,223.0775909423828,225.00999450683594,226.94000244140625,222.67999267578125,224.3699951171875,39960300,225.7324882043068,220.07709226394667,5.655395940360137,7.182922744117755,-1.5275268037576186,5.655395940360137,223.75500030517577,207.7643994140625,225.7324882043068,220.07709226394667,57.76426780656067,238.68887568098964,223.75500030517577,208.8211249293619,0.13348417112865235,5.126549842322368,2.038078341855036,56220805.0,0.7107742409593744,1855686200,3215861886.570181,0.004688282557118395,-0.04177673329103515,-0.016048619409169684,1.04998779296875,0.015353969945674293,0.005608787289439254,0.08300553483373241,sell,none,Hold,Uptrend,-1.0,Hold,"MACD below signal, trend up",,
2024-07-24,216.6631622314453,218.5399932861328,224.8000030517578,217.1300048828125,224.0,61777600,224.62595052458772,219.9632330804049,4.662717444182817,6.6788816841307685,-2.016164239947951,4.662717444182817,224.22849960327147,208.47419921875,224.62595052458772,219.9632330804049,48.68774207517766,237.80912121167856,224.22849960327147,210.6478779948644,0.12113198484969878,5.3232241124438735,1.8331804607544608,56532200.0,1.0927860582110727,1793908600,3176797642.6013827,-0.02875428371474653,-0.04517656141249127,-0.06197958067736109,-6.470001220703125,0.017010326718566234,-0.02536923864363072,0.04828316455995063,sell,none,Hold,Uptrend,-1.0,Hold,"MACD below signal, trend up",,
2024-07-25,215.6221923828125,217.49000549316406,220.85000610351562,214.6199951171875,218.92999267578125,51391200,223.52811282744563,219.7800310369056,3.748081790540027,6.09272170541262,-2.3446399148725927,3.748081790540027,224.44049987792968,209.09839935302733,223.52811282744563,219.7800310369056,47.386437370858786,237.44932290968381,224.44049987792968,211.43167684617555,0.11592224254383203,5.387994603435606,1.8331804607544608,55791100.0,0.9211361668796636,1742517400,3172755725.791272,-0.004804556718339459,-0.0298420349771914,-0.04429406998565377,-1.04998779296875,0.016554682788082614,-0.03096809349714469,0.0401323308361099,sell,none,Hold,Uptrend,-1.0,Hold,"MACD below signal, trend up",,
2024-07-26,216.08815002441406,217.9600067138672,219.49000549316406,216.00999450683594,218.6999969482422,41601300,222.6714811176643,219.64521442038424,3.0262666972800787,5.479430703786112,-2.453164006506033,3.0262666972800787,224.63349990844728,209.70899963378906,222.6714811176643,219.64521442038424,48.05570016374346,237.12728542983874,224.63349990844728,212.13971438705582,0.11123706416436985,5.2517100593565,0.7114776512983171,55382530.0,0.7511628667018282,1784118700,3177776717.0122347,0.002161024455525684,-0.028308996093978522,-0.05456748043126769,0.470001220703125,0.016543053409339287,-0.029708361385545667,0.03934503094519881,sell,none,Hold,Uptrend,-1.0,Hold,"MACD below signal, trend up",,
2024-07-29,216.36573791503906,218.24000549316406,219.3000030517578,215.75,216.9600067138672,36311800,221.98971563697197,219.54112487021976,2.448590766752204,4.8732627163793305,-2.4246719496271263,2.448590766752204,225.0145004272461,210.27939971923828,221.98971563697197,219.54112487021976,48.476183540406204,236.16859034682045,225.0145004272461,213.86041050767176,0.09914107667190805,5.1301595588137365,1.869961364219383,53070985.0,0.68421190976576,1820430500,3192403792.358781,0.0012846337432190769,-0.02554027973401085,-0.0689419318434662,0.279998779296875,0.01603602345409205,-0.03010692609240284,0.037857278385589055,sell,none,Hold,Uptrend,-1.0,Hold,"MACD below signal, trend up",,
2024-07-30,216.9209442138672,218.8000030517578,220.3300018310547,216.1199951171875,219.19000244140625,41643800,221.4989906238621,219.48622695774108,2.0127636661210317,4.301162906327671,-2.2883992402066395,2.0127636661210317,225.11700057983398,210.8585998535156,221.4989906238621,219.48622695774108,49.359114817887445,235.99979888139356,225.11700057983398,214.2342022782744,0.09668570808538444,5.064434355603269,4.3668648679062585,52133030.0,0.798798765389236,1862074300,3203779249.5766115,0.0025659711533103646,-0.027598736085874043,-0.06822248434028,0.55999755859375,0.014709692626426013,-0.028060952801456485,0.0376622210512596,sell,none,Hold,Uptrend,-1.0,Hold,"MACD below signal, trend up",,
2024-07-31,220.17276000976562,222.0800018310547,223.82000732421875,220.6300048828125,221.44000244140625,50036300,221.58837696343022,219.6783584298384,1.910018533591824,3.822934031780502,-1.9129154981886778,1.910018533591824,225.20750045776367,211.50279998779297,221.58837696343022,219.6783584298384,54.29899956403675,235.95685093116842,225.20750045776367,214.45814998435893,0.09546174484913057,5.06126077823596,12.404917346633644,51732535.0,0.9672114463364303,1912110600,3199230364.4823804,0.014990853444005525,0.016198447211842604,-0.029709904345901483,3.279998779296875,0.01464217578738704,-0.013887186795963458,0.05000974854173168,sell,none,Hold,Uptrend,1.0,Hold,"MACD below signal, trend up",,
2024-08-01,216.4846954345703,218.36000061035156,224.47999572753906,217.02000427246094,224.3699951171875,62501000,221.0917036783412,219.5807022950616,1.5110013832795914,3.36054750208032,-1.8495461188007285,1.5110013832795914,225.04800033569336,212.04920013427736,221.0917036783412,219.5807022950616,48.51836198246929,236.10010275203925,225.04800033569336,213.99589791934747,0.09821995663022995,5.232598683724686,12.679159765851814,52989095.0,1.179506840039446,1849609600,3159182771.1970735,-0.016750725819666967,0.004000161364724697,-0.02596124656782739,-3.720001220703125,0.015075129456264737,-0.0297181033173618,0.02976101995234104,sell,none,Hold,Uptrend,1.0,Hold,"MACD below signal, trend up",,
2024-08-02,217.97183227539062,219.86000061035156,225.60000610351562,217.7100067138672,219.14999389648438,105568600,220.90221089865048,219.60139105915715,1.3008198394933288,2.9486019695629215,-1.6477821300695927,1.3008198394933288,224.7240005493164,212.59940002441405,220.90221089865048,219.60139105915715,50.79315704165854,235.9835867704526,224.7240005493164,213.4644143281802,0.10020813258586726,5.4224130198620974,14.494289278465407,55246905.0,1.9108509336405362,1955178200,3111148230.314539,0.006869389978967133,0.008717167544312954,-0.01983860281162797,1.5,0.014269245245135224,-0.021644327829138166,0.034151557272051214,sell,none,Hold,Uptrend,2.0,Buy,"MACD below signal, trend up, volume spike",219.86000061035156,
2024-08-05,207.4727783203125,209.27000427246094,213.5,196.0,199.08999633789062,119548600,219.11264064846748,218.8361031490315,0.2765374994359888,2.4141890755375353,-2.1376515761015464,0.2765374994359888,223.7965003967285,212.9668002319336,219.11264064846748,218.8361031490315,38.02015378068998,236.80362937794348,223.7965003967285,210.78937141551353,0.11624068256793095,6.739383562039917,5.744759148439682,58270040.0,2.0516306493010816,1835629600,3172903679.773593,-0.0481669985831521,-0.041101544148302804,-0.06559207894726626,-10.589996337890625,0.017544153052376752,-0.06490939804025608,-0.017358555208824233,sell,none,Hold,Mixed,-3.0,Sell,"MACD below signal, volume spike",,209.27000427246094
2024-08-06,205.45028686523438,207.22999572753906,209.99000549316406,201.07000732421875,205.3000030517578,69660500,217.2845414298631,217.9763914881802,-0.691850058317101,1.7929812487666081,-2.4848313070837094,-0.691850058317101,222.7240005493164,213.37380004882812,217.2845414298631,217.9763914881802,36.13504145455426,237.37679880310083,222.7240005493164,208.07120229553198,0.13157808065269505,6.895141748247445,4.31203301630045,59349260.0,1.1737383077733403,1765969100,3199455726.915905,-0.009748212850733573,-0.052879374601662255,-0.07901870678351897,-2.040008544921875,0.017485612753415584,-0.06956594162983609,-0.02879362095947635,sell,none,Hold,Downtrend,-3.0,Sell,"MACD below signal, trend down",,207.22999572753906
2024-08-07,208.01806640625,209.82000732421875,213.63999938964844,206.38999938964844,206.89999389648438,63516400,216.1361515674563,217.37221488344233,-1.23606331598603,1.1871723358160806,-2.4232356518021105,-1.23606331598603,221.56600112915038,213.77060028076173,216.1361515674563,217.37221488344233,40.18969530783499,236.4524435130518,221.56600112915038,206.67955874524895,0.13437478952580045,6.920488766229771,6.248726895872212,59393695.0,1.0694131759271754,1829485500,3196039121.6677237,0.01249824663455068,-0.055205306221866035,-0.0399010992486718,2.5900115966796875,0.017090680335311557,-0.05301352077968369,-0.018480525158063643,sell,none,Hold,Downtrend,-3.0,Sell,"MACD below signal, trend down",,209.82000732421875
2024-08-08,211.47808837890625,213.30999755859375,214.1999969482422,208.8300018310547,213.11000061035156,47161100,215.7013586430159,217.07130989641652,-1.3699512534006146,0.6757476179727416,-2.0456988713733564,-1.3699512534006146,220.85300064086914,214.2370001220703,215.7013586430159,217.07130989641652,45.235149234761124,235.88614365812884,220.85300064086914,205.81985762360944,0.13613709547650857,6.809739219869608,20.27312707876441,58516220.0,0.8059491881054518,1876646600,3227567674.7848387,0.016633257613904107,-0.023126960238332273,-0.019219310446436544,3.489990234375,0.017187424306101866,-0.034153953355341216,-0.004326995630765662,sell,none,Hold,Downtrend,-3.0,Sell,"MACD below signal, trend down",,213.30999755859375
2024-08-09,214.3829345703125,216.24000549316406,216.77999877929688,211.97000122070312,212.10000610351562,42201600,215.78422738919255,217.00973179247188,-1.2255044032793307,0.2954972137223271,-1.5210016170016578,-1.2255044032793307,220.13800125122071,214.75600036621094,215.78422738919255,217.00973179247188,49.11606475585796,234.61000429203247,220.13800125122071,205.66599821040896,0.13148118869577957,6.666900529778475,40.27850173563394,57973975.0,0.7279404249924212,1918848200,3260293768.659748,0.013735914716165532,-0.01646500094213621,-0.007891361569652977,2.9300079345703125,0.017221927605394625,-0.017707055283055273,0.006910191679964761,sell,none,Hold,Mixed,-2.0,Sell,MACD below signal,,216.24000549316406
2024-08-12,215.91146850585938,217.52999877929688,219.50999450683594,215.60000610351562,216.07000732421875,38028100,216.05280760305476,217.04827008779225,-0.9954624847374873,0.03730527403036424,-1.0327677587678517,-0.9954624847374873,219.29450149536132,215.2808004760742,216.05280760305476,217.04827008779225,50.77017300368221,232.2278828473793,219.29450149536132,206.36112014334333,0.11795445178812716,6.469978235031464,60.887231533057495,56743815.0,0.6701717182744938,1956876300,3259807444.6975245,0.005965562584919537,0.03947051339513408,-0.0032533298020349655,1.2899932861328125,0.016731501475368702,-0.008046269760675129,0.010447742196465049,sell,none,Hold,Mixed,0.0,Hold,MACD below signal,,
2024-08-13,219.62364196777344,221.27000427246094,221.88999938964844,219.00999450683594,219.00999450683594,44155300,216.85545324450186,217.36099113850847,-0.5055378940066078,-0.07126335957703016,-0.4342745344295776,-0.5055378940066078,218.61700134277345,215.86120056152345,216.85545324450186,217.36099113850847,55.30643099224385,229.4801769082234,218.61700134277345,207.7538257773235,0.09938088528089713,6.319265547554329,80.19616468349864,56789865.0,0.7775207776951045,2001031600,3284951616.9308143,0.017193056195245138,0.06775085091147393,0.011288853684882527,3.7400054931640625,0.017335860770083016,0.012135391636480364,0.025056859207988724,sell,none,Hold,Mixed,0.0,Hold,MACD below signal,,
2024-08-14,220.07029724121094,221.72000122070312,223.02999877929688,219.6999969482422,220.57000732421875,41960600,217.6038452408405,217.68388077422657,-0.0800355333860523,-0.07301779433883458,-0.007017739047217711,-0.0800355333860523,218.25900115966797,216.41500061035157,217.6038452408405,217.68388077422657,55.833760257162865,228.17645043643716,218.25900115966797,208.34155188289878,0.09087780319780767,6.1057467106614975,93.52412335996246,56020600.0,0.7490208958847281,2042992200,3293898250.965685,0.002033700635211577,0.05671524869454525,-0.0016210401989523726,0.4499969482421875,0.016529540500609088,0.015857307339655735,0.024513091030612166,sell,none,Hold,Mixed,0.0,Hold,MACD below signal,,
2024-08-15,223.0479736328125,224.72000122070312,225.35000610351562,222.75999450683594,224.60000610351562,46414000,218.6986384685117,218.20507488137298,0.4935635871387092,0.04029848195667418,0.453265105182035,0.4935635871387092,218.28600158691407,217.0224005126953,218.6986384685117,218.20507488137298,59.28289454575595,228.27049758400707,218.28600158691407,208.30150558982106,0.09148086386215214,5.928908008672283,100.0,55039570.0,0.843284204436917,2089406200,3317732393.278294,0.01353057903429189,0.053490243273643046,0.029126216305982444,3.0,0.01621218186196201,0.029475090418142447,0.035469152906902446,buy,bullish,Buy,Uptrend,5.0,Strong Buy,"bullish MACD crossover, trend up",224.72000122070312,
2024-08-16,224.36810302734375,226.0500030517578,226.8300018310547,223.64999389648438,223.9199981689453,44340200,219.82961763516494,218.78618067177186,1.0434369633930771,0.2409261782439548,0.8025107851491223,1.0434369633930771,218.37300186157228,217.62600067138672,219.82961763516494,218.78618067177186,60.746466576896644,228.59347750513507,218.37300186157228,208.15252621800948,0.09360567063177162,5.7325580033792845,100.0,54799005.0,0.8091424287722012,2133746400,3340320885.3672557,0.0059184844421056315,0.045366247268726845,0.028154291022570055,1.3300018310546875,0.016261820037027475,0.03515545019183297,0.03870862100292527,buy,none,Hold,Uptrend,3.0,Buy,"MACD above signal, trend up",226.0500030517578,
2024-08-19,224.20924377441406,225.88999938964844,225.99000549316406,223.0399932861328,225.72000122070312,40687800,220.7619840589316,219.31238946568863,1.4495945932429777,0.48265986124375937,0.9669347319992183,1.4495945932429777,218.46950149536133,218.25420074462892,220.7619840589316,219.31238946568863,60.464885925128534,228.93272276736366,218.46950149536133,208.006280223359,0.09578656242985469,5.538090272111121,99.61863152259788,54423305.0,0.7476172202331336,2093058600,3378250033.5020704,-0.0007078241979617816,0.03843148373679495,0.07941890752555714,-0.160003662109375,0.016257212967030095,0.03396582975424911,0.034985803796527604,buy,none,Hold,Uptrend,3.0,Buy,"MACD above signal, trend up",225.88999938964844,
2024-08-20,224.82464599609375,226.50999450683594,227.1699981689453,225.4499969482422,225.77000427246094,30299000,221.6462933586092,219.8455453946625,1.8007479639466908,0.7462774817843456,1.0544704821623452,1.8007479639466908,218.54450149536132,218.84660064697266,221.6462933586092,219.8455453946625,61.21510387470568,229.21365306396163,218.54450149536132,207.875349926761,0.097638252123463,5.265369625581978,99.61863152259788,53940240.0,0.5617142229993786,2123357600,3385296200.053409,0.0027446771387078517,0.02368143052920413,0.09303671850983264,0.6199951171875,0.016237013179546077,0.036447922308599834,0.035017193948674974,buy,none,Hold,Uptrend,1.0,Hold,"MACD above signal, trend up",,
2024-08-21,224.71548461914062,226.39999389648438,227.97999572753906,225.0500030517578,226.52000427246094,34765500,222.3776319028977,220.33106009850115,2.0465718043965353,1.0063363463067836,1.0402354580897517,2.0465718043965353,218.9375015258789,219.5122006225586,222.3776319028977,220.33106009850115,60.99395600217769,230.1426229980384,218.9375015258789,207.7323800537194,0.10235908781333228,5.098556986310498,99.32470897856903,52589635.0,0.6610713308810757,2088592100,3382567030.4512844,-0.00048563247988708813,0.021107670259854938,0.0790200457225505,-0.1100006103515625,0.014719582112288115,0.03408503485513381,0.03137772412827755,buy,none,Hold,Uptrend,3.0,Buy,"MACD above signal, trend up",226.39999389648438,
2024-08-22,222.85934448242188,224.52999877929688,228.33999633789062,223.89999389648438,227.7899932861328,43695300,222.7087652684976,220.6420925933749,2.0666726751226747,1.218403612069962,0.8482690630527128,2.0666726751226747,219.28950119018555,219.85980072021485,222.7087652684976,220.6420925933749,57.210162579592414,230.73044906630642,219.28950119018555,207.84855331406467,0.1043456053666551,5.051517375960194,94.38320222009538,52204840.0,0.8369971060154576,2044896800,3351271837.3067384,-0.008259695969967673,-0.0008455074776350102,0.05259950939533953,-1.8699951171875,0.014821998590794572,0.023897621913811395,0.021241709688553545,buy,none,Hold,Uptrend,1.0,Hold,"MACD above signal, trend up",,
2024-08-23,225.15219116210938,226.83999633789062,228.22000122070312,224.3300018310547,225.66000366210938,38677300,223.34433927917343,221.10119657445014,2.243142704723283,1.4233514306006263,0.8197912741226567,2.243142704723283,219.7335006713867,220.13520050048828,223.34433927917343,221.10119657445014,60.47226974842252,231.61437734061775,219.7335006713867,207.85262400215566,0.10813896500014346,4.968551805509355,93.39591849137241,52058640.0,0.7429564045468725,2083574100,3362507044.1300464,0.010288146667049025,0.0034947722869613784,0.049019564259406456,2.30999755859375,0.014946179457326635,0.03234143016331292,0.030457627049915947,buy,none,Hold,Uptrend,3.0,Buy,"MACD above signal, trend up",226.83999633789062,
2024-08-26,225.4896697998047,227.17999267578125,227.27999877929688,223.88999938964844,226.75999450683594,30602200,223.93443980172847,221.55147776714134,2.3829620345871376,1.6152735513979288,0.7676884831892088,2.3829620345871376,220.18050003051758,220.3940002441406,223.93443980172847,221.55147776714134,60.944213647637994,232.46870330789105,220.18050003051758,207.8922967531441,0.11161936025824533,4.855798061519289,93.26037617116944,51773160.0,0.5910823291450628,2114176300,3391303694.0816593,0.0014988376978466444,0.005710714461102162,0.04436166942783437,0.339996337890625,0.014945636134294778,0.03178979357524181,0.030790277521726805,buy,none,Hold,Uptrend,3.0,Buy,"MACD above signal, trend up",227.17999267578125,
2024-08-27,226.3333282470703,228.02999877929688,228.85000610351562,224.88999938964844,226.0,35934600,224.56452579827746,222.0313682124862,2.5331575857912583,1.798850358276595,0.7343072275146634,2.5331575857912583,220.64199981689453,220.70480010986327,224.56452579827746,222.0313682124862,62.16058287765465,233.37344841139833,220.64199981689453,207.91055122239072,0.11540367296407143,4.7918129652584245,98.5832514070452,51487700.0,0.6979259124023796,2150110900,3412356180.326809,0.0037415535298863656,0.006710539531689763,0.030550885236626968,0.850006103515625,0.014949804358971183,0.033484100799183514,0.03319002878862287,buy,none,Hold,Uptrend,3.0,Buy,"MACD above signal, trend up",228.02999877929688,
2024-08-28,224.8048095703125,226.49000549316406,229.86000061035156,225.67999267578125,227.9199981689453,38052200,224.86075344364463,222.36163764068456,2.4991158029600626,1.9389034472132884,0.5602123557467742,2.4991158029600626,220.8625,220.90120025634766,224.86075344364463,222.36163764068456,58.59970611389824,233.83638014862498,220.8625,207.88861985137504,0.1174837751870505,4.748112605923559,90.47124215944281,50888495.0,0.7477564427873137,2112058700,3389051689.0451097,-0.006753467940081581,0.00039757773456861045,0.021513639934147344,-1.5399932861328125,0.014758257999082685,0.025479678502072778,0.02530002204755255,buy,none,Hold,Uptrend,3.0,Buy,"MACD above signal, trend up",226.49000549316406,
2024-08-29,228.08026123046875,229.7899932861328,232.9199981689453,228.8800048828125,230.10000610351562,51906300,225.61909803479665,222.91188620701408,2.7072118277825723,2.0925651233271454,0.6146467044554269,2.7072118277825723,221.43399963378906,221.21120025634767,225.61909803479665,222.91188620701408,63.43365060940771,234.91371199796626,221.43399963378906,207.95428726961185,0.12174925608958116,4.86824689662768,90.90070702367463,50358760.0,1.0307303039232896,2163965000,3360528661.102217,0.014570125448949867,0.02342668924167368,0.022561374323108563,3.29998779296875,0.01442358475948393,0.03773582045287993,0.038781006657184314,buy,none,Hold,Uptrend,5.0,Strong Buy,"MACD above signal, trend up",229.7899932861328,
2024-08-30,227.29611206054688,229.0,230.39999389648438,227.47999572753906,230.19000244140625,52990800,226.1392367986741,223.3628575990871,2.7763791995869838,2.229327938579113,0.5470512610078706,2.7763791995869838,221.8909996032715,221.59760040283203,226.1392367986741,223.3628575990871,61.5799760006789,235.74093199500788,221.8909996032715,208.0410672115351,0.12483545900013322,4.729086273221796,83.29796506087578,47729870.0,1.1102230112925093,2110974200,3362706554.875896,-0.0034378924636161434,0.009522146433523782,0.013050196453953333,-0.7899932861328125,0.014449196102504107,0.03203825486134626,0.0334046920350739,buy,none,Hold,Uptrend,3.0,Buy,"MACD above signal, trend up",229.0,
2024-09-03,221.11248779296875,222.77000427246094,229.0,221.1699981689453,228.5500030517578,50190600,225.62089333310283,223.31894253785555,2.3019507952472793,2.243852509912746,0.058098285334533095,2.3019507952472793,222.56599960327148,221.90320037841798,225.62089333310283,223.31894253785555,49.335903035932155,235.14752385390548,222.56599960327148,209.98447535263747,0.11305881646847077,4.9505802416384315,59.0639247038678,44261970.0,1.1339441059672672,2060783600,3333028150.931997,-0.027205221517637823,-0.019411869643001567,-0.013812010826586785,-6.2299957275390625,0.010942914314696801,0.000916603028104479,0.0039062252935728736,buy,none,Hold,Uptrend,1.0,Hold,"MACD above signal, trend up",,
2024-09-04,219.20675659179688,220.85000610351562,221.77999877929688,217.47999572753906,221.66000366210938,43840200,224.8869106823971,223.13605835753407,1.7508523248630183,2.1452524729028006,-0.3944001480397823,1.7508523248630183,223.24700012207032,222.15740051269532,224.8869106823971,223.13605835753407,46.28172941599133,233.73461326357298,223.24700012207032,212.75938698056765,0.09395524361597773,4.974825120444392,25.730591370534473,42970955.0,1.0202286637567166,2016943400,3357905078.3882165,-0.00861874638471094,-0.0314870530816892,-0.024987808664440614,-1.9199981689453125,0.01087534785527165,-0.010736959588455997,-0.00588499147974586,sell,bearish,Sell,Mixed,-4.0,Sell,bearish MACD crossover,,220.85000610351562
2024-09-05,220.72537231445312,222.3800048828125,225.47999572753906,221.52000427246094,221.6300048828125,36615400,224.50123286707637,223.0800543964436,1.421178470632782,2.000437672448797,-0.579259201816015,1.421178470632782,223.875,222.4236004638672,224.50123286707637,223.0800543964436,48.99159255456491,232.3900456868632,223.875,215.3599543131368,0.07606964321039154,4.950194013557181,5.2663937915280155,41625905.0,0.8796301245582528,2053558800,3337193382.5782275,0.006927773316790065,-0.018146498788775944,-0.017756135698086206,1.529998779296875,0.010695720404570105,-0.006677811802065836,-0.0001960024968743479,sell,none,Hold,Mixed,-2.0,Sell,MACD below signal,,222.3800048828125
2024-09-06,219.17698669433594,220.82000732421875,225.24000549316406,219.77000427246094,223.9499969482422,48423000,223.93489047586752,222.91264350220473,1.0222469736627886,1.8047995326915953,-0.7825525590288067,1.0222469736627886,224.25050048828126,222.57500061035157,223.93489047586752,222.91264350220473,46.420303908688325,231.42578733376703,224.25050048828126,217.0752136427955,0.06399349682486646,4.987323099781891,5.535701801078546,41689000.0,1.1615294202307562,2005135800,3307360615.2761035,-0.007015008203708928,-0.039035581287235166,-0.01652336647774577,-1.55999755859375,0.010408545895993188,-0.015297594237662748,-0.007884952403999668,sell,none,Hold,Mixed,-2.0,Sell,MACD below signal,,220.82000732421875
2024-09-09,219.26634216308594,220.91000366210938,221.27000427246094,216.7100067138672,220.82000732421875,67180000,223.4695232737509,222.76429981034582,0.7052234634050762,1.5848843188342916,-0.8796608554292153,0.7052234634050762,224.4840003967285,222.71120056152344,223.4695232737509,222.76429981034582,46.59444501923594,230.86089856761026,224.4840003967285,218.10710222584675,0.05681383225184802,4.956799846839881,6.1434385860101495,42937920.0,1.5645844046474537,2072315800,3363933223.1919394,0.00040755518026269755,-0.03532749492528653,-0.02614174207157105,0.089996337890625,0.010022508106379655,-0.01592094193039517,-0.008087590093684982,sell,none,Hold,Mixed,-1.0,Hold,"MACD below signal, volume spike",,
2024-09-10,218.47227478027344,220.11000061035156,221.47999572753906,216.72999572753906,218.9199981689453,51591000,222.95267363322793,222.5676850547907,0.38498857843723044,1.3449051707548796,-0.9599165923176491,0.38498857843723044,224.61300048828124,222.90100067138673,222.95267363322793,222.5676850547907,45.188461880553355,230.5081691300174,224.61300048828124,218.7178318465451,0.052491784793585156,4.942028429208461,0.8770447944821189,43616065.0,1.182843981913545,2020724800,3385764468.206331,-0.0036213980285901837,-0.011940582713532821,-0.031120663321437814,-0.8000030517578125,0.010007649118867043,-0.020047814989073265,-0.012521254066283016,sell,none,Hold,Mixed,-2.0,Sell,MACD below signal,,220.11000061035156
2024-09-11,221.00328063964844,222.66000366210938,223.08999633789062,217.88999938964844,221.4600067138672,44587100,222.9076474838251,222.57452347014765,0.33312401367743405,1.1425489393393904,-0.8094249256619563,0.33312401367743405,224.68250045776367,223.0192007446289,222.9076474838251,222.57452347014765,50.33301339446257,230.44977077501835,224.68250045776367,218.91523014050898,0.051337067243817945,4.9604547519965845,10.00665575541287,43637655.0,1.021757470698185,2065311900,3422977669.0963297,0.011585130365211915,0.008195596597563082,-0.023549511669229806,2.5500030517578125,0.009589191508028339,-0.009001576854155036,-0.0016106105721849229,sell,none,Hold,Mixed,0.0,Hold,MACD below signal,,
2024-09-12,221.11248779296875,222.77000427246094,223.5500030517578,219.82000732421875,222.5,37455600,222.88647160515367,222.5890035295783,0.2974680755753809,0.9735327665865886,-0.6760646910112077,0.2974680755753809,224.73500061035156,223.06920074462892,222.88647160515367,222.5890035295783,50.548635305177186,230.41185095486853,224.73500061035156,219.0581502658346,0.05052039361113635,4.87256482167819,19.191771768155792,43412405.0,0.8627856484799679,2102767500,3444768198.9933634,0.0004940295003250661,0.0017537520509272042,-0.016424571197316662,0.1100006103515625,0.009581199964869114,-0.008743615069098931,-0.0013412719961752861,sell,none,Hold,Mixed,0.0,Hold,MACD below signal,,
2024-09-13,220.844482421875,222.5,224.0399932861328,221.91000366210938,223.5800018310547,36766600,222.82701443513002,222.58241067553547,0.24460375959455405,0.8277469651881817,-0.5831432055936276,0.24460375959455405,224.6240005493164,223.08820068359375,222.82701443513002,222.58241067553547,49.97512765446837,230.38389172269456,224.6240005493164,218.86410937593826,0.05128473501756159,4.676666593274279,27.936845780179237,42930035.0,0.8564307017219995,2066000900,3428369922.9626737,-0.001212031545013148,0.007607973100528964,-0.03172458983910309,-0.2700042724609375,0.00906111560377591,-0.009455804117646238,-0.002636628390884743,sell,none,Hold,Mixed,0.0,Hold,MACD below signal,,
2024-09-16,214.71044921875,216.32000732421875,217.22000122070312,213.9199981689453,216.5399932861328,59357400,221.82593641806676,222.1185289458083,-0.2925925277415331,0.6036790666022388,-0.8962715943437719,-0.2925925277415331,224.13750076293945,222.8878009033203,221.82593641806676,222.1185289458083,39.05341385377693,230.89132799123604,224.13750076293945,217.38367353464287,0.06026503557242585,4.9554762531157355,18.537926809697954,43680895.0,1.358886991669928,2006643500,3455350808.8362846,-0.027775247981039364,-0.02077767535105024,-0.05537114705581336,-6.17999267578125,0.010782165963439207,-0.034878114604253274,-0.029466814928783003,sell,none,Hold,Downtrend,-3.0,Sell,"MACD below signal, trend down",,216.32000732421875
2024-09-17,215.17698669433594,216.7899932861328,216.89999389648438,214.5,215.75,45519300,221.05117593623078,221.72382260064714,-0.6726466644163622,0.3484139203985186,-1.0210605848148808,-0.6726466644163622,223.68250045776367,222.6672006225586,221.05117593623078,221.72382260064714,40.125089511007545,231.0966089042232,223.68250045776367,216.26839201130414,0.06629135879013007,4.772941799070638,10.21029858165099,43922470.0,1.0363556512190686,2052162800,3496697472.5724087,0.0021726421320320544,-0.01508340064064595,-0.026843878761227735,0.4699859619140625,0.010821493587018921,-0.030813797045032176,-0.026394580432113957,sell,none,Hold,Downtrend,-3.0,Sell,"MACD below signal, trend down",,216.7899932861328
2024-09-18,219.04795837402344,220.69000244140625,222.7100067138672,217.5399932861328,217.5500030517578,59894900,220.99561078318087,221.64724332959224,-0.6516325464113777,0.14840462703653937,-0.800037173447917,-0.6516325464113777,223.3915008544922,222.5074008178711,220.99561078318087,221.64724332959224,48.25600362093254,230.7957121788345,223.3915008544922,215.9872895301499,0.0662891049661293,4.854875486832333,14.047259572535124,45402265.0,1.3192051101415314,2112057700,3509788643.495194,0.017989802463465043,-0.008847575623382453,-0.0007244901864951192,3.9000091552734375,0.011676289450428756,-0.012093111880946528,-0.008167810912287021,sell,none,Hold,Downtrend,-3.0,Sell,"MACD below signal, trend down",,220.69000244140625
2024-09-19,227.16708374023438,228.8699951171875,229.82000732421875,224.6300048828125,224.99000549316406,66781300,222.20705452687417,222.18226198052525,0.024792546348919586,0.12368221089901542,-0.09888966455009583,0.024792546348919586,223.51500091552734,222.42520080566408,222.20705452687417,222.18226198052525,60.402140655665505,231.1931458787167,223.51500091552734,215.83685595233797,0.06870362107007894,5.160241872259489,45.63770919768964,47003055.0,1.4207863722900564,2178839000,3552121766.093479,0.03706553348719566,0.02738246050965598,0.02918423460686137,8.17999267578125,0.014484613660110219,0.023958097576117332,0.028975108432764074,sell,none,Hold,Uptrend,1.0,Hold,"MACD below signal, trend up",,
2024-09-20,226.50205993652344,228.1999969482422,233.08999633789062,227.6199951171875,229.97000122070312,318679900,223.1290456686231,222.62802012628208,0.5010255423410115,0.19915087718741464,0.30187466515359684,0.5010255423410115,223.6985008239746,222.43780059814452,223.1290456686231,222.62802012628208,59.176860184424086,231.63594465954085,223.6985008239746,215.76105698840834,0.07096555235130633,5.182367540005463,75.5926976730651,60752285.0,5.245562368559471,1860159100,3301023176.613394,-0.002927418111763669,0.025617963812324396,0.033420837692427874,-0.6699981689453125,0.0143606813898721,0.020123050032462064,0.025904753304532235,buy,bullish,Buy,Uptrend,4.0,Buy,"bullish MACD crossover, trend up, volume spike",228.1999969482422,
2024-09-23,224.7849578857422,226.47000122070312,229.4499969482422,225.80999755859375,227.33999633789062,54146000,223.64303883048154,222.91261131846142,0.7304275120201282,0.30540620415395736,0.42502130786617087,0.7304275120201282,223.68000106811525,222.35640075683594,223.64303883048154,222.91261131846142,56.01706019981082,231.58974757201307,223.68000106811525,215.77025456421742,0.07072377026222508,5.072198386408532,89.4972481910846,61525720.0,0.8800547153288089,1806013100,3266512651.492979,-0.007581050616453089,0.04692119800676431,0.025168609236447148,-1.7299957275390625,0.014302174864788627,0.012473176588273738,0.01850003170525194,buy,none,Hold,Uptrend,3.0,Buy,"MACD above signal, trend up",226.47000122070312,
2024-09-24,225.67825317382812,227.3699951171875,229.35000610351562,225.72999572753906,228.64999389648438,43556100,224.216416720744,223.24278789614482,0.9736288245991886,0.4390507282430036,0.534578096356185,0.9736288245991886,223.68950119018555,222.21580078125,224.216416720744,223.24278789614482,57.29458642213497,231.61647739251754,223.68950119018555,215.76252498785357,0.07087481674513015,4.968470671377678,86.38807949918676,62173415.0,0.7005582691573239,1849569200,3262421619.267099,0.0039740093241191765,0.048802999025377325,0.03298348319796651,0.899993896484375,0.014326376496292393,0.01645358368371852,0.02319454475251881,buy,none,Hold,Uptrend,3.0,Buy,"MACD above signal, trend up",227.3699951171875,
2024-09-25,224.68568420410156,226.3699951171875,227.2899932861328,224.02000427246094,224.92999267578125,42308700,224.547736474043,223.4744328754813,1.0733035985616937,0.5659013023067416,0.507402296254952,1.0733035985616937,223.60650100708008,222.04680053710936,224.547736474043,223.4744328754813,55.3701379215184,231.38328834280415,223.60650100708008,215.82971367135602,0.06955779282533318,4.852864969474027,80.44436476273553,62492120.0,0.677024559256431,1807260500,3280923556.3894777,-0.004398117700115112,0.02573742631268172,0.016662136863646593,-1.0,0.014334263490357683,0.012358737772207862,0.019469744979980552,buy,none,Hold,Uptrend,3.0,Buy,"MACD above signal, trend up",226.3699951171875,
2024-09-26,225.8271484375,227.52000427246094,228.5,225.41000366210938,227.3000030517578,36636700,225.00500844303036,223.77410483081314,1.2309036122172188,0.6989017642888371,0.5320018479283817,1.2309036122172188,223.65800094604492,222.01960052490233,225.00500844303036,223.77410483081314,57.152532466429754,231.52362197858906,223.65800094604492,215.79237991350078,0.07033614714674694,4.726945781503784,82.21726091271185,62421345.0,0.5869258344241061,1843897200,3294321517.2163177,0.005080219022305155,-0.0058985051493331,0.02132243977600523,1.1500091552734375,0.014296650780283401,0.01726744990154705,0.02477440610898518,buy,none,Hold,Uptrend,1.0,Hold,"MACD above signal, trend up",,
2024-09-27,226.09512329101562,227.7899932861328,229.52000427246094,227.3000030517578,228.4600067138672,34026000,225.4334676496615,224.0715780497257,1.3618895999358074,0.8314993314182313,0.5303902685175761,1.3618895999358074,223.55800094604493,222.09180053710938,225.4334676496615,224.0715780497257,57.580853794512464,231.15552688252782,223.55800094604493,215.96047500956203,0.06796917045538027,4.547878312875166,82.66423116224787,61527330.0,0.5530225348637752,1877923200,3275315696.0877175,0.0011866605511687833,-0.001796685659914199,0.0237752507241924,0.269989013671875,0.013902516572086951,0.018930176160902645,0.025656925358085614,buy,none,Hold,Uptrend,1.0,Hold,"MACD above signal, trend up",,
2024-09-30,231.26637268066406,233.0,233.0,229.64999389648438,230.0399932861328,54541900,226.59754954971356,224.7329426386349,1.8646069110786527,1.0381208473503156,0.8264860637283371,1.8646069110786527,223.75800094604492,222.2656005859375,226.59754954971356,224.7329426386349,64.87727114038172,232.0928434065752,223.75800094604492,215.42315848551462,0.07449872116564081,4.59517319866031,90.52106618702939,61604885.0,0.8853502445463538,1932465100,3329857596.0877175,0.02287197360475246,0.028833835581310252,0.07710795169667972,5.2100067138671875,0.014809658820784487,0.04130354675533421,0.04829536997971995,buy,none,Hold,Uptrend,3.0,Buy,"MACD above signal, trend up",233.0,
2024-10-01,224.52688598632812,226.2100067138672,229.64999389648438,223.74000549316406,229.52000427246094,63285000,226.53792757496797,224.84235479235582,1.695572782612146,1.1696112344026817,0.5259615482094644,1.695572782612146,223.93000106811525,222.3106005859375,226.53792757496797,224.84235479235582,52.2607615196503,232.31799854341136,223.93000106811525,215.54200359281913,0.07491624557037044,4.928374720672855,79.30957689424916,62259605.0,1.0164696676119291,1869180100,3319470847.855649,-0.029141602086406926,-0.005101765528571445,0.0434522520386873,-6.7899932861328125,0.015008545107045216,0.010181778390017548,0.017540351731551107,buy,none,Hold,Uptrend,1.0,Hold,"MACD above signal, trend up",,
2024-10-02,225.09263610839844,226.77999877929688,227.3699951171875,223.02000427246094,225.88999938964844,32880600,226.57516929871088,224.98588397657366,1.589285322137215,1.2535460519495882,0.3357392701876267,1.589285322137215,224.22650070190429,222.34600067138672,226.57516929871088,224.98588397657366,53.08554037001569,232.5771939131642,224.22650070190429,215.87580749064438,0.07448444483697898,4.887061586676692,68.4939393829979,61711625.0,0.5328104712847863,1902060700,3343432149.273141,0.002519747352073054,0.0018112102794238805,0.027595252483209043,0.5699920654296875,0.01484353851862114,0.011388029824303869,0.01994188379607209,buy,none,Hold,Uptrend,3.0,Buy,"MACD above signal, trend up",226.77999877929688,
2024-10-03,223.9908905029297,225.6699981689453,226.80999755859375,223.32000732421875,225.13999938964844,34044200,226.43591220182384,225.03655910193453,1.3993530998893107,1.282707461537533,0.11664563835177777,1.3993530998893107,224.39100036621093,222.48860076904296,226.43591220182384,225.03655910193453,51.22936051733672,232.71930536637996,224.39100036621093,216.0626953660419,0.07423029432176025,4.787270775798,50.87727007397569,61583065.0,0.5528175643742318,1868016500,3355235388.918122,-0.004894614235498862,-0.0081311799787952,-0.013981723321153106,-1.1100006103515625,0.014848485048181276,0.005699862296825842,0.014299147861533967,buy,none,Hold,Uptrend,1.0,Hold,"MACD above signal, trend up",,
2024-10-04,225.1125030517578,226.8000030517578,228.0,224.1300048828125,227.89999389648438,37245100,226.49192617873675,225.16718457969924,1.3247415990375089,1.2911142890375282,0.03362730999998065,1.3247415990375089,224.69000015258788,222.67480072021485,226.49192617873675,225.16718457969924,53.02991770233647,232.91273213249758,224.69000015258788,216.4672681726782,0.07319179290867957,4.721751085897251,51.20798580942255,61024170.0,0.6103335776627523,1905261600,3369382782.082018,0.005007333238716605,-0.0043460655145260985,-0.006134942660853349,1.1300048828125,0.01475686173944266,0.009390728994334463,0.018525681029916807,buy,none,Hold,Uptrend,1.0,Hold,"MACD above signal, trend up",,
2024-10-07,220.04052734375,221.69000244140625,225.69000244140625,221.3300018310547,224.5,39505400,225.75316868068592,224.9096155324183,0.8435531482676311,1.2016020608835487,-0.35804891261591765,0.8435531482676311,224.72900009155273,222.74940063476564,225.75316868068592,224.9096155324183,44.948477402308384,232.88679144658784,224.72900009155273,216.57120873651763,0.07260114494979895,4.775197524097671,33.09537213788115,59640440.0,0.6623928327825884,1865756200,3336401219.752323,-0.022530866585506182,-0.048540762054050446,-0.02110654282479818,-5.1100006103515625,0.015702446308939733,-0.01352294385196584,-0.00475600917596386,sell,bearish,Sell,Mixed,-4.0,Sell,bearish MACD crossover,,221.69000244140625
2024-10-08,224.0901641845703,225.77000427246094,225.97999572753906,223.25,224.3000030517578,31855700,225.7557587717282,224.9733480316807,0.78241074004751,1.117763796716341,-0.335353056668831,0.78241074004751,225.0120002746582,222.90000061035155,225.7557587717282,224.9733480316807,51.326479589627986,232.89736076592308,225.0120002746582,217.1266397833933,0.0700883551245242,4.740540078528753,28.046693125853412,58653675.0,0.5431151585983316,1897611900,3363356234.5768466,0.01840408582309916,-0.0019451060003848886,-0.007036948054214065,4.0800018310546875,0.016178595305691233,0.0033687269873494685,0.01287574542059522,sell,none,Hold,Uptrend,-1.0,Hold,"MACD below signal, trend up",,
2024-10-09,227.83209228515625,229.5399932861328,229.75,224.8300018310547,225.22999572753906,33591100,226.33794869702123,225.311618050529,1.0263306464922266,1.0994771666715182,-0.07314652017929157,1.0263306464922266,225.3559997558594,223.11480041503907,226.33794869702123,225.311618050529,56.35784569012149,233.39961424402568,225.3559997558594,217.3123852676931,0.07138584725394834,4.753358513558507,29.751542264113535,58103875.0,0.5781215108286668,1931203000,3394079708.905475,0.016698360908574017,0.012170361238611482,0.014003614601415082,3.769989013671875,0.01638716413427657,0.018566151044596912,0.02879769902822038,sell,none,Hold,Uptrend,1.0,Hold,"MACD below signal, trend up",,
2024-10-10,227.33583068847656,229.0399932861328,229.5,227.1699981689453,227.77999877929688,28183500,226.75364786457686,225.58779399390704,1.165853870669821,1.1127525074711788,0.053101363198642115,1.165853870669821,225.66949920654298,223.25400024414063,226.75364786457686,225.58779399390704,55.537877430459524,233.77403457571197,225.66949920654298,217.564963837374,0.07182659063510702,4.583118270960578,47.463602792092914,57640270.0,0.4889550309184881,1903019500,3411134806.3029695,-0.0021782696463562568,0.014933288184212135,0.006680682951516026,-0.5,0.016407968317763644,0.014935532233822268,0.025916637711596913,buy,bullish,Buy,Uptrend,5.0,Strong Buy,"bullish MACD crossover, trend up",229.0399932861328,
2024-10-11,225.85690307617188,227.5500030517578,229.41000366210938,227.33999633789062,229.3000030517578,31759200,226.87616404722007,225.7331428130071,1.1430212342129664,1.1188062528195364,0.024214981393430035,1.1430212342129664,225.92199935913087,223.43780029296875,226.87616404722007,225.7331428130071,53.06039143379103,233.92990683488267,225.92199935913087,217.91409188337906,0.07089090481199443,4.403610346193305,50.363781409611654,57389900.0,0.5533935413722624,1871260300,3385819685.1707273,-0.006505371454991304,0.0033068782623819626,-0.0010535591617211182,-1.489990234375,0.01649674965643115,0.007206043223967118,0.018404239360561236,buy,none,Hold,Uptrend,3.0,Buy,"MACD above signal, trend up",227.5500030517578,
2024-10-14,229.57904052734375,231.3000030517578,231.72999572753906,228.60000610351562,228.6999969482422,39882100,227.5567546633028,226.14550283069232,1.4112518326104748,1.1772953687777241,0.2339564638327507,1.4112518326104748,226.6709991455078,223.66660034179688,227.5567546633028,226.14550283069232,58.123579010201404,233.6872313221187,226.6709991455078,219.65476696889692,0.061906747692120304,4.387637655449587,53.31718531902895,56416135.0,0.7069271937895072,1911142400,3414743914.4077363,0.01647989430765695,0.043348822700705725,-0.0072961242413828176,3.75,0.01532473694835799,0.020421685719391514,0.03412848721398687,buy,none,Hold,Uptrend,3.0,Buy,"MACD above signal, trend up",231.3000030517578,
2024-10-15,232.11004638671875,233.85000610351562,237.49000549316406,232.3699951171875,233.61000061035156,64751400,228.52494719256632,226.71620677682736,1.8087404157389528,1.3035843781699699,0.505156037568983,1.8087404157389528,227.52399978637695,224.15820037841797,228.52494719256632,226.71620677682736,61.189283760360304,233.61479993125465,227.52399978637695,221.43319964149924,0.05353984766966454,4.516377997303634,62.769850315846995,57377740.0,1.1285108127298147,1975893800,3387427119.5522027,0.011024656368842312,0.035788641883993,0.03377392318153394,2.5500030517578125,0.015413033164109314,0.02780368806402045,0.04323645402548815,buy,none,Hold,Uptrend,3.0,Buy,"MACD above signal, trend up",233.85000610351562,
2024-10-16,230.05543518066406,231.77999877929688,232.1199951171875,229.83999633789062,231.60000610351562,34082200,229.02572435975566,227.091302480714,1.9344218790416505,1.4297518783443062,0.5046700006973444,1.9344218790416505,228.0784996032715,224.64920043945312,229.02572435975566,227.091302480714,57.50875193449745,233.56939823286137,228.0784996032715,222.58760097368162,0.04814919985128768,4.480208837898017,70.2102747241542,56087105.0,0.6076655231180144,1941811600,3411344556.928225,-0.008851859184055066,0.009758671946860975,0.022047799748275088,-2.07000732421875,0.01529038739501565,0.016229057900959187,0.03174192619379301,buy,none,Hold,Uptrend,3.0,Buy,"MACD above signal, trend up",231.77999877929688,
2024-10-17,230.42269897460938,232.14999389648438,233.85000610351562,230.52000427246094,233.42999267578125,32993800,229.5063812115601,227.46602036336367,2.0403608481964284,1.5518736723147306,0.48848717588169777,2.0403608481964284,228.24249954223632,225.09580017089843,229.5063812115601,227.46602036336367,57.99509641780657,234.00726354145894,228.24249954223632,222.4777355430137,0.05051437844209073,4.398051194552065,69.99537194899798,54397730.0,0.6065289856764243,1974805400,3410650770.1928253,0.001596320300009113,0.013578417313636182,0.028714475916678417,0.3699951171875,0.012957182488343759,0.017119924475436976,0.03133862879818383,buy,none,Hold,Uptrend,3.0,Buy,"MACD above signal, trend up",232.14999389648438,
2024-10-18,233.25146484375,235.0,236.17999267578125,234.00999450683594,236.17999267578125,46431500,230.35155333285854,228.02409292904042,2.3274604038181224,1.7069910186154091,0.6204693852027132,2.3274604038181224,228.5824996948242,225.52960021972658,230.35155333285854,228.02409292904042,61.63748333412835,235.05571410073804,228.5824996948242,222.10928528891037,0.056637882729921075,4.371761736319551,76.16397975753388,40785310.0,1.1384368538574305,2021236900,3406585610.1406503,0.01227657195109133,0.0327400432798397,0.036155188879652966,2.850006103515625,0.013171730539243797,0.02807520397993568,0.04199182622168762,buy,none,Hold,Uptrend,3.0,Buy,"MACD above signal, trend up",235.0,
2024-10-21,234.720458984375,236.47999572753906,236.85000610351562,234.4499969482422,234.4499969482422,36254500,231.29439062434787,228.6504560992996,2.64393452504828,1.8943797199019834,0.7495548051462968,2.64393452504828,229.082999420166,225.93440002441406,231.29439062434787,228.6504560992996,63.411781891371845,236.3274499584317,229.082999420166,221.8385488819003,0.06324738681265919,4.230922266244829,88.48872505275791,39890735.0,0.9088451240620159,2057491400,3431661368.4709635,0.006297854159740712,0.022395125842787467,0.06671475088301237,1.4799957275390625,0.01303008099471644,0.0322895907862899,0.04667547616469858,buy,none,Hold,Uptrend,3.0,Buy,"MACD above signal, trend up",236.47999572753906,
2024-10-22,234.10508728027344,235.86000061035156,236.22000122070312,232.60000610351562,233.88999938964844,38846600,231.99679216065613,229.18449643345159,2.8122957272045426,2.0779629213624955,0.7343328058420471,2.8122957272045426,229.50749969482422,226.30100006103515,231.99679216065613,229.18449643345159,62.11569695623877,237.2766652836497,229.50749969482422,221.73833410599875,0.0677029343194111,4.205855648943301,97.66007048214507,39655260.0,0.9796077493881014,2018644800,3462781549.3696313,-0.002621765597043635,0.008595229653088898,0.04469148313304694,-0.6199951171875,0.013067454810445448,0.027678838050931853,0.042240204624541144,buy,none,Hold,Uptrend,3.0,Buy,"MACD above signal, trend up",235.86000061035156,
2024-10-23,229.0430145263672,230.75999450683594,235.13999938964844,227.75999450683594,234.0800018310547,52287000,231.80651559852996,229.301199994443,2.5053156040869453,2.1634334579073857,0.3418821461795596,2.5053156040869453,229.72699966430665,226.49079986572266,231.80651559852996,229.301199994443,52.5930260631155,237.37632477545625,229.72699966430665,222.07767455315704,0.06659491589867401,4.484009252841324,78.12807421956794,40154175.0,1.3021560024580259,1966357800,3453004277.3415785,-0.021623022514703605,-0.004400743281702257,0.005314983255150452,-5.100006103515625,0.014037157169578913,0.0044966192221147505,0.0188493070961131,buy,none,Hold,Uptrend,1.0,Hold,"MACD above signal, trend up",,
2024-10-24,228.8544464111328,230.57000732421875,230.82000732421875,228.41000366210938,229.97999572753906,31109500,231.61628355632826,229.39518572257452,2.2210978337537313,2.1749663330766547,0.04613150067707661,2.2210978337537313,229.87949981689454,226.66779998779296,231.61628355632826,229.39518572257452,52.27154084781915,237.46811735376616,229.87949981689454,222.2908822800229,0.06602256871896946,4.335865996360471,58.0156740618181,39877815.0,0.7801204755074971,1935248300,3477659534.037074,-0.0008233107433687215,-0.006805886770645975,0.006680117372229066,-0.1899871826171875,0.014010099263248825,0.003003780275641077,0.017215534525133025,buy,none,Hold,Uptrend,1.0,Hold,"MACD above signal, trend up",,
2024-10-25,229.6881866455078,231.41000366210938,233.22000122070312,229.57000732421875,229.74000549316406,38802300,231.58454818798688,229.5444314958734,2.040116692113486,2.147996404884021,-0.1078797127705351,2.040116692113486,230.06050033569335,226.8016000366211,231.58454818798688,229.5444314958734,53.62139939060445,237.61373489218093,230.06050033569335,222.50726577920577,0.06566302816403738,4.2868751320836065,33.35205205810099,40116630.0,0.9672372779069428,1974050600,3477978444.6070433,0.0036431292501519774,-0.015276580161236675,0.016963307222956026,0.839996337890625,0.014024799845658964,0.005865862781515796,0.020319096623410804,sell,bearish,Sell,Uptrend,-3.0,Sell,"bearish MACD crossover, trend up",,231.41000366210938
2024-10-28,231.6633758544922,233.39999389648438,234.72999572753906,232.5500030517578,233.32000732421875,36087100,231.86384752775572,229.83002871073347,2.033818817022251,2.125160887311667,-0.0913420702894161,2.033818817022251,230.08050003051758,226.94859985351562,231.86384752775572,229.83002871073347,56.74265235674962,237.66680770338237,230.08050003051758,222.4941923576528,0.06594481211452995,4.217812055894041,32.92897580908314,39193890.0,0.9207327978927328,2010137700,3470032452.559839,0.008599413175243154,-0.01302436521778072,0.00907907832693211,1.989990234375,0.013184984734868593,0.014427532387692565,0.02842667479390859,sell,none,Hold,Uptrend,-1.0,Hold,"MACD below signal, trend up",,
2024-10-29,231.93138122558594,233.6699981689453,234.3300018310547,232.32000732421875,233.10000610351562,35417200,232.1417168571695,230.11447089282325,2.027245964346264,2.1055779027185864,-0.07833193837232244,2.027245964346264,230.4534996032715,227.10419982910156,232.1417168571695,230.11447089282325,57.163888610179505,237.97522181673946,230.4534996032715,222.93177738980353,0.06527756989081705,4.06011080238989,34.3467078210653,37800500.0,0.9369505694369122,2045554900,3482190403.221434,0.0011568306749001334,-0.00928517949520491,-0.0007697580922475522,0.2700042724609375,0.01123670520794677,0.013957256328114065,0.02891095076526362,sell,none,Hold,Uptrend,-1.0,Hold,"MACD below signal, trend up",,
2024-10-30,228.387939453125,230.10000610351562,233.47000122070312,229.5500030517578,232.61000061035156,47070900,231.82760751045353,230.1133994269486,1.7142080835049285,2.0273039388758547,-0.3130958553709262,1.7142080835049285,230.61949996948243,227.17600006103515,231.82760751045353,230.1133994269486,50.20282913244385,237.95381319161675,230.61949996948243,223.28518674734812,0.0636053171835413,4.064388253446863,28.016926009303983,38510015.0,1.2223028217464988,1998484000,3448328253.5999846,-0.015277922255336196,-0.002860064218370262,-0.00724822109167822,-3.5699920654296875,0.011854755043833848,-0.002252601649190722,0.01287110452554363,sell,none,Hold,Uptrend,-1.0,Hold,"MACD below signal, trend up",,
2024-10-31,224.2291259765625,225.91000366210938,229.8300018310547,225.3699951171875,229.33999633789062,64370100,230.9172069184006,229.80203677770126,1.1151701406993482,1.8448771792405536,-0.7297070385412054,1.1151701406993482,230.63150024414062,227.16620025634765,230.9172069184006,229.80203677770126,43.50646467189043,237.93409785684906,230.63150024414062,223.3289026314322,0.0633269748926586,4.111932734366953,14.638665187565653,40026310.0,1.608194709929544,1934113900,3399545755.2640796,-0.01820948426885871,-0.020210797215947762,-0.026879131589197525,-4.19000244140625,0.012544811303231023,-0.02047203689449706,-0.005529856962966817,sell,none,Hold,Mixed,-3.0,Sell,"MACD below signal, volume spike",,225.91000366210938
2024-11-01,221.2514190673828,222.91000366210938,225.35000610351562,220.27000427246094,220.97000122070312,65276700,229.68532949435578,229.29151580617594,0.3938136881798471,1.5546644810284125,-1.1608507928485654,0.3938136881798471,230.4370002746582,227.1338003540039,229.68532949435578,229.29151580617594,39.44913719705231,238.32146846768407,230.4370002746582,222.55253208163234,0.0684305748089791,4.221080352601345,0.0,41427890.0,1.5756703998200245,1868837200,3402115663.9423623,-0.013279624414008095,-0.03673134205732598,-0.05144679292719412,-3.0,0.012833578683757917,-0.03266401056938506,-0.01859607282276554,sell,none,Hold,Mixed,-3.0,Sell,"MACD below signal, volume spike",,222.91000366210938
2024-11-04,220.35813903808594,222.00999450683594,222.7899932861328,219.7100067138672,220.99000549316406,44944500,228.50450872704505,228.7521438580767,-0.24763513103164314,1.1942045586164016,-1.4418396896480448,-0.24763513103164314,230.4529998779297,227.03720031738283,228.50450872704505,228.7521438580767,38.29530628173744,238.26739081778013,230.4529998779297,222.63860893807927,0.06781765430686246,4.148145823718548,0.0,41699845.0,1.077809761642999,1823892700,3424296002.9218025,-0.004037544930633463,-0.04880034142031742,-0.06118911316868747,-0.9000091552734375,0.011809798270789247,-0.036636560928111184,-0.022142652409029018,sell,none,Hold,Downtrend,-3.0,Sell,"MACD below signal, trend down",,222.00999450683594
2024-11-05,221.78741455078125,223.4499969482422,223.9499969482422,221.13999938964844,221.8000030517578,28111300,227.72689153030615,228.35939223512597,-0.6325007048198188,0.8288635059291576,-1.4613642107489764,-0.6325007048198188,230.33699951171874,226.96260040283204,227.72689153030615,228.35939223512597,41.255842160197666,238.48765604106939,230.33699951171874,222.1863429823681,0.07077157857077984,4.052563804781062,3.929075512654841,41512625.0,0.6771747149210632,1852004000,3442403272.8777094,0.006486205472888695,-0.043736899476988,-0.0526159740099853,1.44000244140625,0.01112019039364265,-0.029899679938854895,-0.015476573886426204,sell,none,Hold,Downtrend,-3.0,Sell,"MACD below signal, trend down",,223.4499969482422
2024-11-06,221.06283569335938,222.72000122070312,226.07000732421875,221.19000244140625,222.61000061035156,54561100,226.95660071344415,227.94165956739096,-0.9850588539468106,0.466079033953964,-1.4511378879007746,-0.9850588539468106,229.99599990844726,226.85640045166016,226.95660071344415,227.94165956739096,40.20278950153379,238.7962707991678,229.99599990844726,221.19572901772673,0.0765254256093461,4.111666738926165,6.460592074987422,42561125.0,1.281946847034706,1797442900,3422054604.3820744,-0.0032669310248778505,-0.032073032103669075,-0.03484136539054494,-0.7299957275390625,0.010369882676926566,-0.0316353270954296,-0.01823355754001943,sell,none,Hold,Downtrend,-3.0,Sell,"MACD below signal, trend down",,222.72000122070312
2024-11-07,225.7874298095703,227.47999572753906,227.8800048828125,224.57000732421875,224.6300048828125,42137700,227.0371230233049,227.90746224592044,-0.8703392226155415,0.1987953826400629,-1.0691346052556043,-0.8703392226155415,229.9180000305176,226.87620025634766,227.0371230233049,227.90746224592044,49.29174743627428,238.77823126347772,229.9180000305176,221.05776879755746,0.07707296716032752,4.186547947724966,21.054520147601142,43258835.0,0.9740830977070927,1839580600,3454007725.4004955,0.02137210165565251,0.006949634987293063,-0.013401619892107752,4.7599945068359375,0.011553105831180546,-0.01060379919212473,0.0026613433692435073,sell,none,Hold,Mixed,0.0,Hold,MACD below signal,,
2024-11-08,225.51914978027344,226.9600067138672,228.66000366210938,226.41000366210938,227.1699981689453,38328800,227.0252589756991,227.83728035465725,-0.8120213789581499,-0.003367969679579641,-0.8086534092785702,-0.8120213789581499,229.88850021362305,226.81960052490234,227.0252589756991,227.83728035465725,48.42581794011263,238.78393047295967,229.88850021362305,220.99306995428643,0.07738908428277687,4.04822309431604,31.301690799847144,43587315.0,0.8793567578090093,1801251800,3434417553.8184643,-0.0022858669924307184,0.01816878105612907,-0.019229924712934165,-0.519989013671875,0.011471643815226584,-0.012738755949230018,0.0006190214101422509,sell,none,Hold,Mixed,0.0,Hold,MACD below signal,,
2024-11-11,222.80645751953125,224.22999572753906,225.6999969482422,221.5,225.0,42005600,226.59521847598216,227.57007408598182,-0.9748556099996506,-0.19766549774359385,-0.7771901122560567,-0.9748556099996506,229.5349998474121,226.7242004394531,226.59521847598216,227.57007408598182,44.05045918287431,238.73467897303763,229.5349998474121,220.3353207217866,0.0801592709760271,4.149064781426836,38.937256570389295,43693490.0,0.9613697601175827,1759246200,3447019188.03596,-0.01202859933719469,0.009999555315671982,-0.039288767818101644,-2.730010986328125,0.01107154876079433,-0.02311196167643126,-0.01100105197010115,sell,none,Hold,Downtrend,-1.0,Hold,"MACD below signal, trend down",,
2024-11-12,222.80645751953125,224.22999572753906,225.58999633789062,223.36000061035156,224.5500030517578,40398300,226.23133805314475,227.32266087424532,-1.0913228211005617,-0.37639696241498743,-0.7149258586855742,-1.0913228211005617,229.0539993286133,226.75340026855469,226.23133805314475,227.32266087424532,44.050459182874306,238.30675070117604,229.0539993286133,219.80124795605053,0.08079100473847878,4.011988420434852,34.5104108306503,42475835.0,0.9510890133178076,1799644500,3438142315.013277,0.0,0.0034907083909136993,-0.04039886384807112,0.0,0.010683170994541222,-0.02106055172672816,-0.011128408826624137,sell,none,Hold,Downtrend,-1.0,Hold,"MACD below signal, trend down",,
2024-11-13,223.69082641601562,225.1199951171875,226.64999389648438,222.75999450683594,224.00999450683594,48566200,226.06036221684363,227.15950044779657,-1.0991382309529456,-0.5209452161225792,-0.5781930148303664,-1.0991382309529456,228.72099914550782,226.83880004882812,226.06036221684363,227.15950044779657,45.89861987315621,238.03651924374958,228.72099914550782,219.40547904726606,0.08145749741426594,4.003274918235823,33.76621705680748,43200035.0,1.1242166817688921,1848210700,3448504793.48426,0.003969136184303723,0.010775834605470047,-0.021642811187444155,0.8899993896484375,0.01063772203588152,-0.015744090143771317,-0.007577208710637828,sell,none,Hold,Downtrend,-1.0,Hold,"MACD below signal, trend down",,
2024-11-14,226.77114868164062,228.22000122070312,228.8699951171875,225.0,225.02000427246094,44923900,226.39261437128357,227.23805606060446,-0.8454416893208929,-0.5858445107622419,-0.25959717855865105,-0.8454416893208929,228.52449951171874,226.95559997558593,226.39261437128357,227.23805606060446,51.863176350294616,237.70725863194593,228.52449951171874,219.34174039149156,0.0803656425446524,3.993754932446657,47.56820286832866,43796540.0,1.0257408461946993,1893134600,3478338100.384238,0.013770460957508002,0.00325305744268789,0.010225299991800219,3.100006103515625,0.011154146579889961,-0.001332453595418559,0.005571139223941701,sell,none,Hold,Mixed,0.0,Hold,MACD below signal,,
2024-11-15,223.57159423828125,225.0,226.9199981689453,224.27000427246094,226.39999389648438,47923700,226.1783660064707,227.0722741301893,-0.8939081237186031,-0.6474572333535141,-0.24645089036508894,-0.8939081237186031,228.02449951171874,227.03919982910156,226.1783660064707,227.0722741301893,46.16937889463262,236.82342348610274,228.02449951171874,219.22557553733475,0.07717525084563817,3.9906293621463376,51.311497188440015,43871150.0,1.0923739177112977,1845210900,3456817552.704155,-0.014109198157391867,-0.00863591230122851,0.009375964755079735,-3.220001220703125,0.01108703057035868,-0.013263923473991968,-0.008981708139548239,sell,none,Hold,Downtrend,-3.0,Sell,"MACD below signal, trend down",,225.0
2024-11-18,226.5724334716797,228.02000427246094,229.74000549316406,225.1699981689453,225.25,44633700,226.46169497046918,227.14247636295016,-0.6807813924809807,-0.6541220651790075,-0.02665932730197318,-0.6807813924809807,227.60149993896485,227.1813998413086,226.46169497046918,227.14247636295016,51.54265015312164,235.5012638179092,227.60149993896485,219.7017360600205,0.06941750279381119,4.044156228647603,70.42531432700507,44290110.0,1.0077577138553053,1889844600,3467853924.2807827,0.013422241210937491,0.01690232625936039,0.027070897321426424,3.0200042724609375,0.01147902411051266,0.0018387591189350516,0.003691342828850086,sell,none,Hold,Mixed,0.0,Hold,MACD below signal,,
2024-11-19,226.83074951171875,228.27999877929688,230.16000366210938,226.66000366210938,226.97999572753906,36211800,226.74143401798113,227.22673728267955,-0.4853032646984161,-0.6203583050828892,0.13505504038447314,-0.4853032646984161,227.2224998474121,227.3447998046875,226.74143401798113,227.22673728267955,51.98698426767605,234.1711119773912,227.2224998474121,220.273887717433,0.061161303432937617,4.005287926601346,79.78957951594246,44158370.0,0.8200438557854377,1926056400,3465163803.8148227,0.0011402267431117608,0.018061825486894056,0.021615582443590187,0.2599945068359375,0.011494922864096748,0.004654023842686872,0.0041135709961819256,buy,bullish,Buy,Mixed,2.0,Buy,bullish MACD crossover,228.27999877929688,
2024-11-20,227.54620361328125,229.0,229.92999267578125,225.88999938964844,228.05999755859375,35169600,227.08890570752249,227.35809007655513,-0.26918436903264364,-0.5501235178728401,0.28093914884019644,-0.26918436903264364,227.1345001220703,227.4715997314453,227.08890570752249,227.35809007655513,53.265028044035255,233.94488648347826,227.1345001220703,220.32411376066236,0.05996787240817931,4.007766880853594,99.21253619628972,43302500.0,0.8121840540384504,1961226000,3484141559.871703,0.0031540267415159917,0.01723527437353023,0.028196833445029323,0.720001220703125,0.010513110097519984,0.008213194723510009,0.006719081724308129,buy,none,Hold,Mixed,2.0,Buy,MACD above signal,229.0,
2024-11-21,227.06924438476562,228.52000427246094,230.16000366210938,225.7100067138672,228.8800048828125,42108300,227.30907471751303,227.44415779477038,-0.1350830772573488,-0.46711542974974185,0.33203235249239305,-0.1350830772573488,227.03199996948243,227.58659973144532,227.30907471751303,227.44415779477038,52.26618698868928,233.69253445775558,227.03199996948243,220.37146548120927,0.058674851907823254,4.0393547428099215,97.77586368180063,43852440.0,0.9602270706031409,1919117700,3495212721.148985,-0.002096051211960992,0.001314534441123394,0.004571868139858548,-0.4799957275390625,0.010520101518020167,0.00655416110142415,0.00410131590399887,buy,none,Hold,Mixed,2.0,Buy,MACD above signal,228.52000427246094,
2024-11-22,228.41065979003906,229.8699951171875,230.72000122070312,228.05999755859375,228.05999755859375,38168300,227.70306247130912,227.62384944828275,0.07921302302636946,-0.3578497391945196,0.4370627622208891,0.07921302302636946,226.95499954223632,227.73399963378907,227.70306247130912,227.62384944828275,54.831654630444255,233.44471936911947,226.95499954223632,220.46527971535318,0.05718948549247895,3.940829665617025,97.77586368180063,43820740.0,0.8710099373036603,1957286000,3508987605.1376038,0.005907539031537068,0.021644422743055447,0.01282159110520742,1.3499908447265625,0.010577862209984456,0.012843936378712284,0.009379343825837383,buy,none,Hold,Uptrend,3.0,Buy,"MACD above signal, trend up",229.8699951171875,
2024-11-25,231.39163208007812,232.8699951171875,233.25,229.74000549316406,231.4600067138672,90152800,228.49797518605965,228.01245283116458,0.48552235489506756,-0.18917532037660217,0.6746976752716698,0.48552235489506756,226.9284996032715,228.06499938964845,228.49797518605965,228.01245283116458,59.97921167051377,233.31626122448594,226.9284996032715,220.54073798205704,0.05629757066549047,3.91005572570409,97.77586368180063,46524025.0,1.9377687119719327,2047438800,3579619859.3746414,0.013050855108212911,0.02127002347974405,0.03853186261550334,3.0,0.010818636375698715,0.02618223592146096,0.021068536340070887,buy,none,Hold,Uptrend,4.0,Buy,"MACD above signal, trend up, volume spike",232.8699951171875,
2024-11-26,233.56771850585938,235.05999755859375,235.57000732421875,233.3300018310547,233.3300018310547,45986200,229.50751708952646,228.53449318134454,0.973023908181915,0.04326452533510125,0.9297593828468137,0.973023908181915,226.9979995727539,228.43039947509766,229.50751708952646,228.53449318134454,63.269972139417185,233.70015361184565,226.9979995727539,220.29584553366217,0.05905033570081014,3.823624045798887,100.0,47052475.0,0.9773385990853829,2093425000,3604665565.116428,0.009404399395912533,0.029700362780586076,0.04829863103692067,2.19000244140625,0.01102264739301059,0.03551572260995162,0.029022398501819424,buy,none,Hold,Uptrend,3.0,Buy,"MACD above signal, trend up",235.05999755859375,
2024-11-27,233.4385223388672,234.92999267578125,235.69000244140625,233.80999755859375,234.47000122070312,33498400,230.34174410279644,229.00823388463616,1.333510218160285,0.30131366390013803,1.032196554260147,1.333510218160285,227.2394989013672,228.71519927978517,230.34174410279644,229.00823388463616,62.93912219761923,234.67888026507939,227.2394989013672,219.800117537655,0.06547612892722698,3.6847941055855737,99.42619090201704,46373850.0,0.7223553791630413,2059926600,3611079874.680742,-0.000553071063399857,0.025895164523062286,0.043576749162095085,-0.1300048828125,0.010397601664873359,0.03384312063525585,0.02717262960907818,buy,none,Hold,Uptrend,3.0,Buy,"MACD above signal, trend up",234.92999267578125,
2024-11-29,235.82330322265625,237.3300018310547,237.80999755859375,233.97000122070312,234.80999755859375,28481400,231.41686067637463,229.62466113992642,1.7921995364482086,0.5994908384097521,1.1927086980384565,1.7921995364482086,227.81049880981445,228.8843994140625,231.41686067637463,229.62466113992642,66.4291848526798,236.41575126686217,227.81049880981445,219.20524635276672,0.07554746161397718,3.695879979321649,99.42619090201704,44579415.0,0.6388912909691614,2088408000,3632440981.2682533,0.01021584825308186,0.038552412891125876,0.03991762580678282,2.4000091552734375,0.009526894243893958,0.04178693726133975,0.036898986731348504,buy,none,Hold,Uptrend,3.0,Buy,"MACD above signal, trend up",237.3300018310547,
2024-12-02,238.06895446777344,239.58999633789062,240.7899932861328,237.16000366210938,237.27000427246094,48137100,232.67426616276168,230.3628341175534,2.311432045208278,0.9418790797694574,1.3695529654388205,2.311432045208278,228.6444984436035,229.11219940185546,232.67426616276168,230.3628341175534,69.35567305592006,238.35101636493556,228.6444984436035,218.93798052227146,0.08490488935797613,3.691173525371777,99.42619090201704,43722435.0,1.1009702455958823,2136545100,3648751889.416386,0.009522582435425697,0.04228477586101609,0.06484442816840286,2.2599945068359375,0.00888006984305148,0.0478712497733107,0.045732165128655744,buy,none,Hold,Uptrend,3.0,Buy,"MACD above signal, trend up",239.58999633789062,
2024-12-03,241.10952758789062,242.64999389648438,242.75999450683594,238.89999389648438,239.80999755859375,38861000,234.20899350641133,231.27299410117791,2.9359994052334173,1.3407031448622495,1.5952962603711678,2.9359994052334173,229.67649841308594,229.43579925537108,234.20899350641133,231.27299410117791,72.81161672148143,240.64845569006394,229.67649841308594,218.70454113610793,0.09554270770224238,3.703232602870333,100.0,43418260.0,0.8950381705761585,2175406100,3685398001.8293695,0.01277180852859261,0.041997676748244395,0.0641609917985182,3.05999755859375,0.008909409609018952,0.05648595120979638,0.057594301691364924,buy,none,Hold,Uptrend,3.0,Buy,"MACD above signal, RSI overbought, trend up",242.64999389648438,
2024-12-04,241.4672393798828,243.00999450683594,244.11000061035156,241.25,242.8699951171875,44383900,235.56299366032283,232.14240153863406,3.4205921216887702,1.7566809402275536,1.6639111814612166,3.4205921216887702,230.6544982910156,229.74859924316405,235.56299366032283,232.14240153863406,73.1946225080533,242.66950852659087,230.6544982910156,218.63948805544035,0.10418188524046024,3.643001746261849,100.0,44231890.0,1.003436660744092,2219790000,3695640258.138024,0.0014836209330593153,0.03382113941467435,0.06452600230552896,0.3600006103515625,0.008920703499347414,0.053567115782981345,0.05772133239269994,buy,none,Hold,Uptrend,1.0,Hold,"MACD above signal, RSI overbought, trend up",,
2024-12-05,241.49705505371094,243.0399932861328,244.5399932861328,242.1300048828125,243.99000549316406,40033900,236.71330129506282,232.9496305569673,3.763670738095527,2.1580788998011484,1.6055918382943788,3.763670738095527,231.6704978942871,230.08199920654297,236.71330129506282,232.9496305569673,73.22846639467386,244.25303733148513,231.6704978942871,219.0879584570891,0.10862444335005077,3.5549293646231677,100.0,43505530.0,0.9202025581575491,2259823900,3685839188.0466604,0.00012344668933361724,0.03452092479968649,0.061310014349925,0.029998779296875,0.00880191974176446,0.04907614692067397,0.05631902593108795,buy,none,Hold,Uptrend,1.0,Hold,"MACD above signal, RSI overbought, trend up",,
2024-12-06,241.29832458496094,242.83999633789062,244.6300048828125,242.0800018310547,242.91000366210938,36870600,237.6558697631902,233.6822502444431,3.9736195187470855,2.521187023590336,1.4524324951567493,3.9736195187470855,232.4384979248047,230.38839904785155,237.6558697631902,233.6822502444431,72.57062133947456,245.75767507339657,232.4384979248047,219.11932077621282,0.11460388246787512,3.4831489137042135,98.98882438814421,43242175.0,0.8526536882106416,2222953300,3670946172.304396,-0.0008228972752098995,0.02321659488612937,0.06266406352923126,-0.1999969482421875,0.007904430010828037,0.044749464937821504,0.05404611231077161,buy,none,Hold,Uptrend,1.0,Hold,"MACD above signal, RSI overbought, trend up",,
2024-12-09,245.18350219726562,246.75,247.24000549316406,241.75,241.8300018310547,44649200,239.05496672269942,234.65023170781768,4.404735014881737,2.8978966218486164,1.5068383930331208,4.404735014881737,233.42799758911133,230.76759918212892,239.05496672269942,234.65023170781768,76.93342161581673,247.86562505046805,233.42799758911133,218.9903701277546,0.12370090657908463,3.62649581223706,98.98882438814421,43558195.0,1.0250470663442321,2267602500,3707625124.0805564,0.01610115187396466,0.029884401567466634,0.0734328326505036,3.910003662109375,0.008280634465175922,0.05707114205871111,0.06925755987632076,buy,none,Hold,Uptrend,1.0,Hold,"MACD above signal, RSI overbought, trend up",,
2024-12-10,246.19703674316406,247.77000427246094,248.2100067138672,245.33999633789062,246.88999938964844,36914800,240.39574173035504,235.62206671260608,4.773675017748957,3.2730523010286845,1.5006227167202724,4.773675017748957,234.60499801635743,231.06299926757814,240.39574173035504,235.62206671260608,77.92005728995137,249.67555706975435,234.60499801635743,219.5344389629605,0.12847602720165538,3.5724611382184532,98.98882438814421,43303655.0,0.8524638393687554,2304517300,3733221078.50426,0.004133755916761572,0.021100393590616662,0.06398423784814056,1.0200042724609375,0.007347373740763144,0.05611562570029127,0.07230497768072142,buy,none,Hold,Uptrend,1.0,Hold,"MACD above signal, RSI overbought, trend up",,
2024-12-11,244.9251708984375,246.49000549316406,250.8000030517578,246.25999450683594,247.9600067138672,45205800,241.3333207707872,236.42709921486966,4.90622155591754,3.599686152006456,1.306535403911084,4.90622155591754,235.71799850463867,231.46859924316405,241.3333207707872,236.42709921486966,73.66201955129245,250.84708360190814,235.71799850463867,220.5889134073692,0.1283659728425171,3.6415716672686975,94.46732248889367,43544030.0,1.0381629812399082,2259311500,3692595812.0177407,-0.005166076430661581,0.014320443870592392,0.04862591701389407,-1.279998779296875,0.007619274545017222,0.04569870377680729,0.06489608654960421,buy,none,Hold,Uptrend,1.0,Hold,"MACD above signal, RSI overbought, trend up",,
2024-12-12,246.38580322265625,247.9600067138672,248.74000549316406,245.67999267578125,246.88999938964844,32777500,242.35281091587643,237.28138865923984,5.071422256636595,3.894033372932484,1.1773888837041109,5.071422256636595,236.85999908447266,231.89219940185546,242.35281091587643,237.28138865923984,75.32939307165492,252.0646816665569,236.85999908447266,221.65531650238842,0.1283853976260611,3.600031749419706,90.72711251349044,42754595.0,0.7666427433121515,2292089000,3708663310.122866,0.005963735599591624,0.020243637111781787,0.05546339098587638,1.470001220703125,0.007621277346410543,0.046863158288858564,0.06928998626714122,buy,none,Hold,Uptrend,1.0,Hold,"MACD above signal, RSI overbought, trend up",,
2024-12-13,246.55474853515625,248.1300048828125,249.2899932861328,246.24000549316406,247.82000732421875,33155300,243.24160998771276,238.08498986098596,5.156620126726807,4.146550723691348,1.010069403035459,5.156620126726807,237.85549926757812,232.34139953613283,243.24160998771276,238.08498986098596,75.52238130300915,253.2727293523054,237.85549926757812,222.43826918285086,0.12963526285665974,3.5607428953874947,86.27233180842246,42166165.0,0.786301054411754,2325244300,3716598992.131431,0.0006855870476785153,0.021783926143538856,0.04550626961797222,0.1699981689453125,0.0073747363654632315,0.043196418190339925,0.06795433520759309,buy,none,Hold,Uptrend,1.0,Hold,"MACD above signal, RSI overbought, trend up",,
2024-12-16,249.44627380371094,251.0399932861328,251.3800048828125,247.64999389648438,247.99000549316406,51694800,244.44136126439275,239.04461974433016,5.396741520062591,4.396588882965597,1.0001526370969938,5.396741520062591,239.15749893188476,232.82619934082032,244.44136126439275,239.04461974433016,78.60732836132776,254.40950126611364,239.15749893188476,223.90549659765588,0.1275477658224955,3.5728334733118254,91.80500931952878,42354720.0,1.2205204048096647,2376939100,3758869245.3660393,0.011727676403724852,0.017385991027893954,0.047789962532886365,2.9099884033203125,0.00615821326805751,0.049684807740995485,0.07822914258309233,buy,none,Hold,Uptrend,1.0,Hold,"MACD above signal, RSI overbought, trend up",,
2024-12-17,251.87078857421875,253.47999572753906,253.8300018310547,249.77999877929688,250.0800018310547,51356400,245.8319204125691,240.1139068541975,5.718013558371609,4.6608738180468,1.0571397403248097,5.718013558371609,240.43049850463868,233.46199920654297,245.8319204125691,240.1139068541975,80.79316653807602,255.99839781665133,240.43049850463868,224.86259919262602,0.12950020408257235,3.606917014629396,95.54521929493201,42690855.0,1.2029836366594204,2428295500,3801349082.447506,0.009719576588042456,0.02304553156805511,0.044632194945262604,2.44000244140625,0.00596025764436321,0.05427554866816786,0.08574413218866606,buy,none,Hold,Uptrend,1.0,Hold,"MACD above signal, RSI overbought, trend up",,
2024-12-18,246.4752655029297,248.0500030517578,254.27999877929688,247.74000549316406,252.16000366210938,56774100,246.1731638955212,240.70176583179457,5.471398063726639,4.822978667182768,0.6484193965438712,5.471398063726639,241.41899871826172,233.9075991821289,246.1731638955212,240.70176583179457,64.90056115470429,256.2694330382822,241.41899871826172,226.56856439824125,0.12302622742090884,3.816422462593926,66.66666666666666,43718970.0,1.2986147660843794,2371521400,3749957199.713287,-0.021421779893107784,0.006328847108719948,0.020739922879098316,-5.42999267578125,0.008420906535588331,0.027466787488562794,0.060461498126091806,buy,none,Hold,Uptrend,3.0,Buy,"MACD above signal, trend up",248.0500030517578,
2024-12-19,248.2041778564453,249.7899932861328,252.0,247.08999633789062,247.5,60882300,246.72959918638455,241.37496786544924,5.354631320935312,4.929309197933277,0.42532212300203476,5.354631320935312,242.45849838256837,234.3125991821289,246.72959918638455,241.37496786544924,67.13171618936866,256.5787521148175,242.45849838256837,228.33824465031918,0.11647563460505493,3.894535405416458,38.012983566556045,45004605.0,1.3528015633066883,2432403700,3756032904.4376035,0.007014675319362729,0.00738016826389809,0.027773206823838104,1.739990234375,0.00844000863679861,0.03023814365127464,0.06605446808250148,buy,none,Hold,Uptrend,3.0,Buy,"MACD above signal, trend up",249.7899932861328,
2024-12-20,252.87437438964844,254.49000549316406,255.0,245.69000244140625,248.0399932861328,147495300,247.923507848966,242.34645213416886,5.5770557147971545,5.0588585013060525,0.5181972134911019,5.5770557147971545,243.75699844360352,234.82159942626953,247.923507848966,242.34645213416886,72.26100503130048,257.2748483054724,243.75699844360352,230.23914858173464,0.11091250670282946,4.2813541306434075,20.117529882369375,50273955.0,2.9338312452242916,2579899000,3887368846.2185063,0.018815854651340613,0.025631727260696513,0.0479740130578139,4.70001220703125,0.008878366672875131,0.04403158521843942,0.08375893067311346,buy,none,Hold,Uptrend,2.0,Buy,"MACD above signal, RSI overbought, trend up, volume spike",254.49000549316406,
2024-12-23,253.64939880371094,255.27000427246094,255.64999389648438,253.4499969482422,254.77000427246094,40858800,249.05373806796524,243.30375229256086,5.749985775404383,5.197083956125719,0.5529018192786639,5.749985775404383,245.0269989013672,235.3759994506836,249.05373806796524,243.30375229256086,73.01367315571277,257.8418632628278,245.0269989013672,232.2121345399066,0.10459961080957518,4.132685760471892,37.134064313107714,50408480.0,0.8105540972471299,2620757800,3914113153.866638,0.0030649485734630666,0.016849948611601606,0.034528892694877245,0.779998779296875,0.008893126156487708,0.04180357845062188,0.08452010769239693,buy,none,Hold,Uptrend,1.0,Hold,"MACD above signal, RSI overbought, trend up",,
2024-12-24,256.5608215332031,258.20001220703125,258.2099914550781,255.2899932861328,255.49000549316406,23234700,250.4608571662831,244.407178952892,6.053678213391095,5.368402807578795,0.6852754058123001,6.053678213391095,246.2934997558594,235.91399963378908,250.4608571662831,244.407178952892,75.68289255598572,259.0587556739147,246.2934997558594,233.52824383780413,0.10365889421124753,4.047493004910842,55.06939998304149,47062575.0,0.49369801801112667,2643992500,3937189042.2365074,0.011478073747524853,0.018620863811934285,0.0420955230847917,2.9300079345703125,0.0088276165976904,0.04834277990679525,0.09446668111191747,buy,none,Hold,Uptrend,1.0,Hold,"MACD above signal, RSI overbought, trend up",,
2024-12-26,257.3756103515625,259.0199890136719,260.1000061035156,257.6300048828125,258.19000244140625,27237100,251.777646681266,245.48960932776458,6.288037353501409,5.552329716763317,0.7357076367380913,6.288037353501409,247.4914993286133,236.41739929199218,251.777646681266,245.48960932776458,76.38679565533391,260.3120039283091,247.4914993286133,234.6709947289175,0.10360359555358332,3.9348150203245766,63.72288069416139,46125120.0,0.5905046967899488,2671229600,3940607098.560562,0.003175742710589624,0.04422489750836678,0.05083363723181589,0.819976806640625,0.008781721682189056,0.046581356193375,0.09560459504828533,buy,none,Hold,Uptrend,1.0,Hold,"MACD above signal, RSI overbought, trend up",,
2024-12-27,253.96737670898438,255.58999633789062,258.70001220703125,253.05999755859375,257.8299865722656,42355300,252.3641620130544,246.23778614332946,6.126375869724939,5.667138947355642,0.45923692236929625,6.126375869724939,248.52449951171874,236.89359924316406,252.3641620130544,246.23778614332946,67.57501959271535,260.426424631701,248.52449951171874,236.6225743917365,0.09578069883143292,4.079470479949831,52.31578615385435,46567965.0,0.9095372752491976,2628874300,3936251294.652807,-0.013242192962953925,0.023219517225071318,0.03077104943309683,-3.42999267578125,0.009615366109085454,0.028429779921310017,0.07892318388702124,buy,none,Hold,Uptrend,3.0,Buy,"MACD above signal, trend up",255.58999633789062,
2024-12-30,250.59889221191406,252.1999969482422,253.5,250.75,252.22999572753906,35557500,252.33890584923714,246.67943138813783,5.6594744610993075,5.665606050104375,-0.006131589005067717,5.6594744610993075,249.26799926757812,237.2945993041992,252.33890584923714,246.67943138813783,60.18531908420921,260.088496235394,249.26799926757812,238.44750229976222,0.08681817962682467,4.13379375551703,29.70080025069785,46921770.0,0.7578038935871345,2593316800,3938190715.73435,-0.013263427513676485,-0.0089984223171522,0.016402659836934674,-3.3899993896484375,0.01026241323288846,0.011762431155539987,0.0628138933113056,sell,bearish,Sell,Uptrend,-3.0,Sell,"bearish MACD crossover, trend up",,252.1999969482422
2024-12-31,248.83021545410156,250.4199981689453,253.27999877929688,249.42999267578125,252.44000244140625,39480700,252.0436892830384,246.95651040893839,5.087178874100005,5.549920614903502,-0.46274174080349706,5.087178874100005,249.80949935913085,237.60299926757813,252.0436892830384,246.95651040893839,56.680397450696574,259.68081828753395,249.80949935913085,239.93818043072775,0.07903077307890445,4.113523208945501,5.609439890431284,46488950.0,0.8492491226409716,2553836100,3919014456.206936,-0.007057885808230857,-0.01899951432734337,-0.0024697065558030307,-1.779998779296875,0.01038468117484735,0.0024438574649108258,0.05394291713857213,sell,none,Hold,Uptrend,-1.0,Hold,"MACD below signal, trend up",,
2025-01-02,242.3019256591797,243.85000610351562,249.10000610351562,241.82000732421875,248.92999267578125,55740700,250.7831226400349,246.72639897890707,4.056723661127819,5.251281224148365,-1.1945575630205463,4.056723661127819,249.86949996948243,237.75039947509765,250.7831226400349,246.72639897890707,46.026161198863875,259.5792860315999,249.86949996948243,240.15971390736496,0.07771885775017254,4.433985182929862,0.0,47332935.0,1.1776303328749844,2498095400,3894359902.341725,-0.026235892155055618,-0.055577093048351345,-0.03799112271713356,-6.5699920654296875,0.011864944561689766,-0.024090550734291227,0.025655505277318635,sell,none,Hold,Uptrend,-1.0,Hold,"MACD below signal, trend up",,
2025-01-03,241.8150177001953,243.36000061035156,244.17999267578125,241.88999938964844,243.36000061035156,40244100,249.64110386623744,246.47703613679187,3.164067729445577,4.833838525207808,-1.669770795762231,3.164067729445577,249.8870002746582,237.90039947509766,249.64110386623744,246.47703613679187,45.341608098489736,259.54841185228264,249.8870002746582,240.22558869703374,0.07732624399832969,4.280842904587216,0.0,47125945.0,0.8539690822115079,2457851300,3905783094.542395,-0.0020094545044057055,-0.06045860963453953,-0.018907487940758583,-0.4900054931640625,0.011872526496952831,-0.02611980478029119,0.02294910452987864,sell,none,Hold,Uptrend,-1.0,Hold,"MACD below signal, trend up",,
2025-01-06,243.44461059570312,245.0,247.3300018310547,243.1999969482422,244.30999755859375,45045600,248.9270878868163,246.36762605258508,2.5594618342312287,4.378963187012492,-1.8195013527812636,2.5594618342312287,249.98500061035156,238.18519958496094,248.9270878868163,246.36762605258508,48.12265036257972,259.40331844347816,249.98500061035156,240.56668277722497,0.07535106354486289,4.270068760174736,2.614875421089689,47376530.0,0.9507999002881806,2502896900,3900002444.472936,0.006738984983297502,-0.04143353217897705,-0.019176081568031078,1.6399993896484375,0.011963868983618123,-0.01994119886465351,0.02861135128007075,sell,none,Hold,Uptrend,-1.0,Hold,"MACD below signal, trend up",,
2025-01-07,240.67233276367188,242.2100067138672,245.5500030517578,241.35000610351562,242.97999572753906,40856000,247.89369078328565,246.05965424971708,1.8340365335685647,3.8699778563237066,-2.035941322755142,1.8340365335685647,249.9535011291504,238.4179995727539,247.89369078328565,246.05965424971708,44.019304966074984,259.47088683867713,249.9535011291504,240.43611541962366,0.07615324983672962,4.265063630750983,2.614875421089689,47575800.0,0.8587559221284771,2462040900,3875877973.2666554,-0.011387727698501271,-0.03961138126589747,-0.04825336364585342,-2.7899932861328125,0.012253683799561278,-0.03097973975280377,0.015904869380284126,sell,none,Hold,Uptrend,-1.0,Hold,"MACD below signal, trend up",,
2025-01-08,241.15919494628906,242.6999969482422,243.7100067138672,240.0500030517578,241.9199981689453,37628900,247.09466096250975,245.81079074590411,1.283870216605635,3.3527563283800927,-2.0688861117744577,1.283870216605635,249.7510009765625,238.64379943847655,247.09466096250975,245.81079074590411,44.90778509557822,259.69518451169034,249.7510009765625,239.80681744143465,0.0796327822210494,4.221845061562297,3.5298677076744047,47224785.0,0.7968040510930859,2499669800,3892738830.402008,0.0020229974847978394,-0.030828213709573005,-0.049242006948854944,0.489990234375,0.011666864068650496,-0.028232135209668274,0.016996869473708376,sell,none,Hold,Uptrend,-1.0,Hold,"MACD below signal, trend up",,
2025-01-10,235.3463592529297,236.85000610351562,240.16000366210938,233.0,240.00999450683594,61710900,245.51856021497218,245.147028920542,0.3715312944301843,2.7565113215901116,-2.3849800271599273,0.3715312944301843,249.20500106811522,238.71279968261717,245.51856021497218,245.147028920542,37.29690801454741,260.61537296103586,249.20500106811522,237.79462917519456,0.0915741806465742,4.613141624896575,0.9149922865847012,48464590.0,1.273319345113618,2437958900,3897393075.691179,-0.024103794471716178,-0.02870617110843321,-0.08268785861402927,-5.8499908447265625,0.012705559541286248,-0.04957763653074765,-0.007803492655518496,sell,none,Hold,Mixed,-2.0,Sell,MACD below signal,,236.85000610351562
2025-01-13,232.9119110107422,234.39999389648438,234.6699981689453,229.72000122070312,233.52999877929688,49630700,243.8080115505894,244.3509522520933,-0.5429407015038805,2.0966209169713133,-2.6395616184751938,-0.5429407015038805,248.60050048828126,238.72739959716796,243.8080115505894,244.3509522520933,34.64844129756294,261.68095576348793,248.60050048828126,235.52004521307458,0.10523273484578742,4.79291757189057,0.9149922865847012,48685835.0,1.019407390260432,2388328200,3941609428.4964857,-0.010344150913639716,-0.036817910467600745,-0.09505056042562021,-2.45001220703125,0.012821962342222106,-0.0571217940587625,-0.01812697540368513,sell,none,Hold,Downtrend,-3.0,Sell,"MACD below signal, trend down",,234.39999389648438
2025-01-14,231.79901123046875,233.27999877929688,236.1199951171875,232.47000122070312,234.75,39435300,242.18831727808288,243.53088162447875,-1.342564346395875,1.4087838642978758,-2.7513482106937506,-1.342564346395875,247.86650009155272,238.7909994506836,242.18831727808288,243.53088162447875,33.47809342100476,262.5567959342197,247.86650009155272,233.1762042488858,0.11853393530179261,4.711280166504413,0.0,49018725.0,0.8044946089479071,2348892900,3919676895.694633,-0.004778136289893098,-0.04783673967633928,-0.0872882267625994,-1.1199951171875,0.012675875168946879,-0.05884821590198008,-0.02307876211441906,sell,none,Hold,Downtrend,-3.0,Sell,"MACD below signal, trend down",,233.27999877929688
2025-01-15,236.35989379882812,237.8699951171875,238.9600067138672,234.42999267578125,234.63999938964844,39832000,241.52396002256052,243.11155669801275,-1.5875966754522324,0.8095077563478542,-2.3971044318000865,-1.5875966754522324,247.35349960327147,239.03019927978517,241.52396002256052,243.11155669801275,42.10842579451357,262.67421268480484,247.35349960327147,232.03278652173807,0.12387706748524818,4.780475007080549,6.704414974207018,49352560.0,0.8070908581034094,2388724900,3940340150.7177234,0.019675910330543056,-0.017918382710780056,-0.05681999208745259,4.589996337890625,0.013638801750135706,-0.03833988401738608,-0.00485379741176406,sell,none,Hold,Downtrend,-3.0,Sell,"MACD below signal, trend down",,237.8699951171875
2025-01-16,226.81088256835938,228.25999450683594,238.00999450683594,228.02999877929688,237.35000610351562,71759100,239.4833499432183,242.01144098014782,-2.5280910369295384,0.1419879976923757,-2.670079034621914,-2.5280910369295384,246.21449966430663,239.1371990966797,239.4833499432183,242.01144098014782,32.57849730637865,263.52719171729444,246.21449966430663,228.90180761131884,0.14063097077217013,5.1518693442561565,6.704414974207018,50355775.0,1.425042112846044,2316965800,3871888524.3605237,-0.040400222002010655,-0.059497332603946074,-0.08849134982885498,-9.610000610351562,0.015698551994791095,-0.07292220881365719,-0.04548520527517874,sell,none,Hold,Downtrend,-3.0,Sell,"MACD below signal, trend down",,228.25999450683594
2025-01-17,228.51995849609375,229.97999572753906,232.2899932861328,228.47999572753906,232.1199951171875,68488300,238.02129544849842,241.1202228132879,-3.098927364789489,-0.5061950748039973,-2.592732289985492,-3.098927364789489,245.03949966430665,239.29659912109375,238.02129544849842,241.1202228132879,35.39665732224795,263.37965078492726,245.03949966430665,226.69934854368603,0.14969138563983211,5.071735732473351,9.388643607756663,51212370.0,1.3373390061815142,2385454100,3857328054.1924767,0.007535272330218223,-0.029005742870760187,-0.05687927016121819,1.720001220703125,0.015600783832965783,-0.06145745464465302,-0.03893328792708883,sell,none,Hold,Downtrend,-3.0,Sell,"MACD below signal, trend down",,229.97999572753906
2025-01-21,221.2265625,222.63999938964844,224.4199981689453,219.3800048828125,224.0,98070400,235.65494220867532,239.7513173744998,-4.096375165824469,-1.2242310930080915,-2.8721440728163774,-4.096375165824469,243.76899948120118,239.28039916992188,235.65494220867532,239.7513173744998,29.69278356166022,264.4677761756783,243.76899948120118,223.0702227867241,0.16982287935323243,5.466611097634294,2.684228633549629,53277185.0,1.8407579154191425,2287383700,3886126460.213651,-0.031915803436166845,-0.050170626335550916,-0.08514135917462595,-7.339996337890625,0.01634999210134691,-0.0866763211750482,-0.06954351396102643,sell,none,Hold,Downtrend,-2.0,Sell,"MACD below signal, RSI oversold, trend down, volume spike",,222.63999938964844
2025-01-22,222.4090118408203,223.8300018310547,224.1199951171875,219.7899932861328,219.7899932861328,64126500,233.83572061211828,238.5719606675779,-4.736240055459632,-1.9266328854983996,-2.8096071699612324,-4.736240055459632,242.47099990844725,239.30259918212892,233.83572061211828,238.5719606675779,31.616735313492313,264.69626474968265,242.47099990844725,220.24573506721185,0.1833230765710313,5.385424721450036,5.060567843261055,53439395.0,1.1999855163030944,2351510200,3941663469.8675623,0.00534496247156202,-0.040509246389283105,-0.08640815579161354,1.19000244140625,0.016288158535054602,-0.0768792890054113,-0.06465703842731063,sell,none,Hold,Downtrend,-3.0,Sell,"MACD below signal, trend down",,223.8300018310547
2025-01-23,222.2401123046875,223.66000366210938,227.02999877929688,222.3000030517578,224.74000549316406,60234800,232.2702256967323,237.46737125976546,-5.19714556303316,-2.580735421005352,-2.6164101420278083,-5.19714556303316,240.92949981689452,239.2261993408203,232.2702256967323,237.46737125976546,31.484188937698846,263.87153381653985,240.92949981689452,217.98746581724922,0.19044603518524028,5.338608364742109,5.61637958437335,49076370.0,1.227368690879134,2291275400,3916066910.3579087,-0.0007594967946863429,-0.05973847793656162,-0.07658644373711487,-0.1699981689453125,0.015319278885336674,-0.07167862867730967,-0.06506894195369506,sell,none,Hold,Downtrend,-3.0,Sell,"MACD below signal, trend down",,223.66000366210938
2025-01-24,221.36566162109375,222.77999877929688,225.6300048828125,221.41000366210938,224.77999877929688,54697900,230.81019078635762,236.3794177426937,-5.569226956336081,-3.1784337280714983,-2.3907932282645827,-5.569226956336081,239.30499954223632,239.14259918212892,230.81019078635762,236.3794177426937,30.765177529677445,262.55433896180153,239.30499954223632,216.0556601226711,0.19430717673294418,5.25870785445361,7.555973938836654,49768325.0,1.0990504502612857,2236577500,3896883623.7436957,-0.003934565270516388,-0.024007692365798916,-0.08207663131200371,-0.8800048828125,0.015172770422915833,-0.06905413925555215,-0.06842193928974749,sell,none,Hold,Downtrend,-3.0,Sell,"MACD below signal, trend down",,222.77999877929688
2025-01-27,228.40072631835938,229.86000061035156,232.14999389648438,223.97999572753906,224.02000427246094,94863400,230.6640076823567,235.8964979551128,-5.23249027275611,-3.589245037008421,-1.6432452357476888,-5.23249027275611,237.88799896240235,239.25519927978516,230.6640076823567,235.8964979551128,42.201641080881004,259.77264017758466,237.88799896240235,216.00335774722,0.18399113289141705,5.552371230363174,27.803884910171377,53349760.0,1.7781410825465755,2331440900,3938567930.0382743,0.03178024001189028,-0.0005217632812275497,-0.029512372020413125,7.0800018310546875,0.017017992353558314,-0.033746966585395444,-0.03926852456170382,sell,none,Hold,Downtrend,-4.0,Sell,"MACD below signal, trend down, volume spike",,229.86000061035156
2025-01-28,236.7473907470703,238.25999450683594,240.19000244140625,230.80999755859375,230.85000610351562,75707600,231.8326210399689,236.07157177375896,-4.2389507337900625,-3.7191861763647496,-0.5197645574253129,-4.2389507337900625,236.84999923706056,239.5357992553711,231.8326210399689,236.07157177375896,52.274407821659466,256.4801602865691,236.84999923706056,217.219838187552,0.1657602796093822,5.893630558983996,57.897177868842775,55773285.0,1.3574169066785289,2407148500,3983120691.521076,0.036543956643956044,0.07015808102770649,0.016467579824495315,8.399993896484375,0.019398755956674386,0.005953114943285875,-0.005326154806509775,sell,none,Hold,Downtrend,-1.0,Hold,"MACD below signal, trend down",,
2025-01-29,237.84042358398438,239.36000061035156,239.86000061035156,234.00999450683594,234.1199951171875,45486100,232.99067943541237,236.31515909498805,-3.3244796595756725,-3.6402448730069343,0.31576521343126185,-3.3244796595756725,236.0384994506836,239.8205993652344,232.99067943541237,236.31515909498805,53.419236962439584,253.75097015150462,236.0384994506836,218.32602874986256,0.1500812006688914,5.8905145264505405,89.29091684771281,55929825.0,0.813270915830686,2452634600,4020831397.9240227,0.004616830894303092,0.0693830078731752,0.02606310812272805,1.100006103515625,0.01936142807969972,0.014071861867440694,-0.0019205971301129443,buy,bullish,Buy,Downtrend,3.0,Buy,"bullish MACD crossover, trend down",239.36000061035156,
2025-01-30,236.0816650390625,237.58999633789062,240.7899932861328,237.2100067138672,238.6699981689453,55658300,233.69826665117824,236.4095914833512,-2.7113248321729486,-3.4544608648401374,0.7431360326671888,-2.7113248321729486,235.30799942016603,240.00799926757813,233.69826665117824,236.4095914833512,51.287353115317536,251.4275442460779,235.30799942016603,219.18845459425415,0.13700804788305398,5.725476815437332,97.00491288336694,56934865.0,0.9775785013277892,2396976300,3976988548.1017585,-0.0073947370820001135,0.062282001465160386,-0.0011771084417726563,-1.7700042724609375,0.01924334501726559,0.009697914747258007,-0.010074676415229522,buy,none,Hold,Downtrend,1.0,Hold,"MACD above signal, trend down",,
2025-01-31,234.5017547607422,236.0,247.19000244140625,233.44000244140625,247.19000244140625,100959800,234.05237947407392,236.37925137347332,-2.326871899399407,-3.2289430717519916,0.9020711723525845,-2.326871899399407,234.58699951171874,240.22799926757813,234.05237947407392,236.37925137347332,49.38087792365254,249.15345527990527,234.58699951171874,220.02054374353222,0.12418809054641465,6.298657042906094,91.33141564019508,60008820.0,1.6824160181786612,2296016500,3913622470.504102,-0.006692185539787565,0.05934105975913884,0.033908725485982005,-1.589996337890625,0.01923926268536875,0.006023353771617224,-0.017599943722083622,buy,none,Hold,Downtrend,0.0,Hold,"MACD above signal, trend down, volume spike",,
2025-02-03,226.56246948242188,228.00999450683594,231.8300018310547,225.6999969482422,229.99000549316406,73063300,233.12278178680654,235.75930642038907,-2.6365246335825248,-3.1104593841180983,0.47393475053557355,-2.6365246335825248,233.79499893188478,240.2277990722656,233.12278178680654,235.75930642038907,41.11075504333324,247.97820430710306,233.79499893188478,219.6117935566665,0.12133027173391761,6.584467472109788,74.03920918579927,60874950.0,1.2002194662993564,2222953200,3895624720.3199015,-0.033855955479508704,-0.008048403804938986,-0.008565967724588619,-7.9900054931640625,0.01979552619017865,-0.024743918610227733,-0.050859245318874646,buy,none,Hold,Downtrend,-1.0,Hold,"MACD above signal, trend down",,
2025-02-04,231.3220672607422,232.8000030517578,233.1300048828125,226.64999389648438,227.25,45067300,233.073123519876,235.54009876345341,-2.466975243577423,-2.981762556009963,0.5147873124325404,-2.466975243577423,233.2669990539551,240.31819915771484,233.073123519876,235.54009876345341,46.85686843334184,246.75582150699836,233.2669990539551,219.77817660091182,0.11565135666638623,6.5770062945539545,67.81481398277779,61116110.0,0.7374045893954966,2268020500,3936101814.6699204,0.021007888515072404,-0.022916106694199856,0.045634224263215506,4.790008544921875,0.02052205095954503,-0.0020019805805846502,-0.03128433939796227,buy,none,Hold,Downtrend,-1.0,Hold,"MACD above signal, trend down",,
2025-02-05,230.99415588378906,232.47000122070312,232.6699981689453,228.27000427246094,228.52999877929688,39620300,232.98033547384938,235.3126841306571,-2.33234865680771,-2.8518797761695125,0.5195311193618024,-2.33234865680771,232.64049911499023,240.3875991821289,232.98033547384938,235.3126841306571,46.52009059703263,245.00871245988753,232.64049911499023,220.27228577009294,0.10632897876292728,6.430791472035592,63.79568917119241,60844845.0,0.6511693800847056,2228400200,3972120319.178899,-0.0014175336199687694,-0.028785090959556392,0.038600720720941784,-0.3300018310546875,0.020419721412210566,-0.0007328813982764304,-0.03293679868830102,buy,none,Hold,Downtrend,-1.0,Hold,"MACD above signal, trend down",,
2025-02-06,231.73941040039062,233.22000122070312,233.8000030517578,230.42999267578125,231.2899932861328,29925300,233.0172071272115,235.1576705817716,-2.1404634545601198,-2.709596511847634,0.5691330572875142,-2.1404634545601198,232.19099884033204,240.48159912109375,233.0172071272115,235.1576705817716,47.4446122434665,243.76323150124657,232.19099884033204,220.61876617941752,0.09967856392979522,6.212164250888518,72.69413554964862,60298310.0,0.49628754106043765,2258325500,3991744921.6388617,0.00322622272147699,-0.018393009741759836,0.042743438263715516,0.75,0.020343366881517104,0.004431706592892937,-0.030196064592593053,buy,none,Hold,Downtrend,-1.0,Hold,"MACD above signal, trend down",,
2025-02-07,226.18492126464844,227.6300048828125,234.0,227.25999450683594,232.60000610351562,39707200,232.18840678191935,234.60006571518207,-2.4116589332627143,-2.65000899613065,0.2383500628679358,-2.4116589332627143,231.43749923706054,240.43679931640625,232.18840678191935,234.60006571518207,41.66343321006527,242.10137503713946,231.43749923706054,220.7736234369816,0.09215339636171889,6.249867196765343,65.39786987865432,60402225.0,0.6573797571198743,2218618300,3956397384.5548277,-0.023968769010513147,-0.03546608100503179,0.02177038392176489,-5.589996337890625,0.020915705007942306,-0.016451501449849415,-0.053264701867622444,buy,none,Hold,Downtrend,-1.0,Hold,"MACD above signal, trend down",,
2025-02-10,226.4534454345703,227.64999389648438,230.58999633789062,227.1999969482422,229.57000732421875,33115600,231.49018941492935,234.08524558046372,-2.5950561655343733,-2.6390184300113946,0.04396226447702123,-2.5950561655343733,230.97749862670898,240.33239929199217,231.49018941492935,234.08524558046372,41.69079415983927,241.4599524452816,230.97749862670898,220.49504480813636,0.09076601730382138,6.045590924828422,57.833183388761825,58972460.0,0.5615434730041785,2251733900,3932073478.7272296,8.781361526644105e-05,-0.001578880834281926,-0.009614577168706617,0.019989013671875,0.020321584246263878,-0.014406185667471871,-0.05277026914752048,buy,none,Hold,Downtrend,-1.0,Hold,"MACD above signal, trend down",,
2025-02-11,231.3973388671875,232.6199951171875,235.22999572753906,228.1300048828125,228.1999969482422,53718400,231.6640056768152,233.97670850910993,-2.3127028322947183,-2.5737553104680595,0.2610524781733412,-2.3127028322947183,230.88849868774415,240.28359924316408,231.6640056768152,233.97670850910993,48.19656383588391,241.28306545466063,230.88849868774415,220.49393192082766,0.0900397103016742,6.155191703844584,58.54226757978004,59176845.0,0.9077604593485847,2305452300,3946297445.6065884,0.021831765227118938,-0.0007732299493582451,-0.0236716172235395,4.970001220703125,0.020874199447332473,0.007499275361416036,-0.03189399588700648,buy,none,Hold,Downtrend,-1.0,Hold,"MACD above signal, trend down",,
2025-02-12,235.625,236.8699951171875,236.9600067138672,230.67999267578125,231.1999969482422,45243300,232.46492712918018,234.1910260356342,-1.7260989064540126,-2.40422402966525,0.6781251232112373,-1.7260989064540126,231.06799850463867,240.32239929199218,232.46492712918018,234.1910260356342,53.02337680292602,241.74179552839422,231.06799850463867,220.3942014808831,0.09238663157885343,6.164107584861823,74.47554430563778,59467245.0,0.7608104259748371,2350695600,3990243798.9286475,0.018270140526221557,0.01892714704426357,-0.01040276356456682,4.25,0.0212396202828372,0.025109477080757836,-0.01436571948755394,buy,none,Hold,Downtrend,1.0,Hold,"MACD above signal, trend down",,
2025-02-13,240.26051330566406,241.52999877929688,242.33999633789062,235.57000732421875,236.91000366210938,53614100,233.85955353689042,234.7346536462759,-0.8751001093854711,-2.0983992456092944,1.2232991362238232,-0.8751001093854711,231.25099868774413,240.40639923095702,233.85955353689042,234.7346536462759,57.679598918275445,242.49525255370745,231.25099868774413,220.0067448217808,0.09724718102641638,6.207384829776827,91.7328528502876,60156350.0,0.8912458950717589,2404309700,4031028545.729255,0.01967325435120615,0.03563158183302528,0.016583200059496317,4.660003662109375,0.021239497237793375,0.044449538163648716,0.0046737505820733105,buy,none,Hold,Mixed,2.0,Buy,MACD above signal,241.52999877929688,
2025-02-14,243.3144073486328,244.60000610351562,245.5500030517578,240.99000549316406,241.25,40896200,235.51193085483277,235.4654204949603,0.046510359872456775,-1.6694173245129442,1.715927684385401,0.046510359872456775,232.06799926757813,240.50659942626953,235.51193085483277,235.4654204949603,60.4601133339808,244.62241139270998,232.06799926757813,219.51358714244628,0.10819597846109241,6.089714310406607,99.41752873520896,58613205.0,0.6977301445979622,2445205900,4054884708.0119176,0.012710666748373622,0.07455080989625928,0.03644070382845599,3.07000732421875,0.018995244796229892,0.054001443005883276,0.017019934949855653,buy,none,Hold,Uptrend,3.0,Buy,"MACD above signal, trend up",244.60000610351562,
2025-02-18,243.18508911132812,244.47000122070312,245.17999267578125,241.83999633789062,244.14999389648438,48822500,236.89009552650515,236.13242647464494,0.757669051860205,-1.1840000492383145,1.9416691010985194,0.757669051860205,232.79249954223633,240.5429995727539,236.89009552650515,236.13242647464494,60.27949994034446,246.40880006580585,232.79249954223633,219.1761990186668,0.11698229582434695,5.893305883798322,99.68885549773218,57629915.0,0.8471728615251298,2396383400,4082950563.807066,-0.0005314999164697243,0.07388538447256465,0.07218984742080559,-0.1300048828125,0.018993701222354123,0.05016270584932703,0.016325570292730518,buy,none,Hold,Uptrend,3.0,Buy,"MACD above signal, trend up",244.47000122070312,
2025-02-19,243.5829620361328,244.8699951171875,246.00999450683594,243.16000366210938,244.66000366210938,32204200,238.11777238661014,236.77965378149995,1.3381186051101963,-0.6795763183686123,2.0176949234788086,1.3381186051101963,233.90399932861328,240.58019958496095,238.11777238661014,236.77965378149995,60.66881074588818,247.65246981993084,233.90399932861328,220.15552883729572,0.11755652345218984,5.675926238150339,99.68885549773218,54336605.0,0.5926796493818486,2428587600,4089391334.838831,0.001636167605379324,0.05266099328146234,0.051847044274935916,0.399993896484375,0.01711478473674103,0.046882463831531274,0.017831041538859616,buy,none,Hold,Uptrend,3.0,Buy,"MACD above signal, trend up",244.8699951171875,
2025-02-20,244.5379180908203,245.8300018310547,246.77999877929688,244.2899932861328,244.94000244140625,32316900,239.304269224217,237.4500499333188,1.854219290898186,-0.17281719651525268,2.027036487413439,1.854219290898186,235.00399932861328,240.6359997558594,239.304269224217,237.4500499333188,61.64057174547768,248.87228195019676,235.00399932861328,221.1357167070298,0.11802592859018579,5.448360470651319,99.68885549773218,52746125.0,0.6126876618898545,2460904500,4097048886.5274053,0.003920475080696484,0.037826685095486035,0.05746978337074893,0.9600067138671875,0.01711583792039702,0.046067311762227,0.021584476472618075,buy,none,Hold,Uptrend,3.0,Buy,"MACD above signal, trend up",245.8300018310547,
2025-02-21,244.2593994140625,245.5500030517578,248.69000244140625,245.22000122070312,245.9499969482422,53197400,240.26515135153096,238.0500464606106,2.2151048909203723,0.30476722097187237,1.9103376699485,2.2151048909203723,236.0984992980957,240.6901998901367,240.26515135153096,238.0500464606106,61.165894656516215,249.66477857830776,236.0984992980957,222.53222001788365,0.11492050411623671,5.307049095655019,99.22928831457143,52394255.0,1.0153288752745888,2407707100,4053969776.5744567,-0.001138993520771736,0.016643912941573413,0.052868543720598016,-0.279998779296875,0.017122578466059635,0.040032036551527206,0.020191113571883523,buy,none,Hold,Uptrend,3.0,Buy,"MACD above signal, trend up",245.5500030517578,
2025-02-24,245.80125427246094,247.10000610351562,248.86000061035156,244.4199981689453,244.92999267578125,51326400,241.31666746722092,238.7204138415665,2.5962536256544126,0.7630645019083805,1.833189123746032,2.5962536256544126,237.31449966430665,240.69720001220702,241.31666746722092,238.7204138415665,62.87045484041215,250.2319082716978,237.31449966430665,224.3970910569155,0.1088632057936912,5.245117191780108,99.22928831457143,52225680.0,0.9827808848060954,2459033500,4064605125.951046,0.00631237235794746,0.010220768346759446,0.0855335448010317,1.5500030517578125,0.01699974532000099,0.04123433862259174,0.026601082567573986,buy,none,Hold,Uptrend,3.0,Buy,"MACD above signal, trend up",247.10000610351562,
2025-02-25,245.74156188964844,247.0399932861328,250.0,244.91000366210938,248.0,48013300,242.19717913166892,239.33667898560844,2.860500146060474,1.182551630738799,1.6779485153216749,2.860500146060474,238.1734992980957,240.68259979248046,242.19717913166892,239.33667898560844,62.75560043167537,251.27735589283364,238.1734992980957,225.06964270335774,0.11003622681243211,5.2340371307880025,99.04875941438172,49883175.0,0.9625149161014711,2411020200,4056775678.365174,-0.0002428685386501872,0.010512504816938772,0.08517460974967284,-0.0600128173828125,0.015846402874639284,0.03722703833200147,0.026414013722362073,buy,none,Hold,Uptrend,3.0,Buy,"MACD above signal, trend up",247.0399932861328,
2025-02-26,239.0966796875,240.36000061035156,244.97999572753906,239.1300048828125,244.3300018310547,44433600,241.91453628223547,239.41248058744128,2.502055694794194,1.446452443549878,1.055603251244316,2.502055694794194,238.27849960327148,240.55999969482423,241.91453628223547,239.41248058744128,51.48177652336757,251.41705426931378,238.27849960327148,225.1399449372292,0.11027897764941196,5.425176507397453,81.91867309124316,48319475.0,0.919579527716309,2366586600,4031026941.165753,-0.027040126527384523,-0.018417913981978784,0.033273173655019805,-6.67999267578125,0.015284886985567106,0.008735580468005821,-0.0008313896106019181,buy,none,Hold,Mixed,0.0,Hold,MACD above signal,,
2025-02-27,236.05274963378906,237.3000030517578,242.4600067138672,237.05999755859375,239.41000366210938,41153600,241.2046080929312,239.25600076998325,1.9486073229479643,1.5468834194294954,0.401723903518469,1.9486073229479643,238.1754997253418,240.34679962158202,241.2046080929312,239.25600076998325,47.29071163984603,251.31082404671923,238.1754997253418,225.04017540396438,0.11029954245104774,5.4233788393885956,57.43033227637554,48102850.0,0.8555335078898652,2325433000,3993531516.468597,-0.012730893454915293,-0.03469877035252622,0.0018153752836342907,-3.05999755859375,0.015532211744432272,-0.0036758469053013165,-0.012676667942411957,buy,none,Hold,Mixed,0.0,Hold,MACD above signal,,
2025-02-28,240.5688934326172,241.83999633789062,242.08999633789062,230.1999969482422,236.9499969482422,56833400,241.30236013061727,239.44740784908748,1.8549522815297905,1.6084971918495545,0.246455089680236,1.8549522815297905,238.38799972534179,240.2209994506836,241.30236013061727,239.44740784908748,53.35765635773458,251.61574572642232,238.38799972534179,225.16025372426125,0.11097660969781073,5.885280307264298,42.63926708267243,48161605.0,1.1800561879115117,2382266400,4047974949.987628,0.019131872009047424,-0.015108966270650726,0.00128347435167675,4.5399932861328125,0.01602089941500943,0.014480580467666426,0.006739614317271325,buy,none,Hold,Uptrend,1.0,Hold,"MACD above signal, trend up",,
2025-03-03,236.77891540527344,238.02999877929688,244.02999877929688,236.11000061035156,241.7899932861328,47184000,240.79891992272184,239.34241458465854,1.4565053380632946,1.5780988210923028,-0.12159348302900819,1.4565053380632946,238.48949966430663,239.9607995605469,240.79891992272184,239.34241458465854,48.33012305608364,251.67347401639373,238.48949966430663,225.30552531221954,0.11056230459323875,6.03061729738437,29.43058402311307,45472815.0,1.0376309449942784,2335082400,4023668024.368462,-0.01575420780800274,-0.036705815864768176,-0.026860209158941273,-3.80999755859375,0.016374426307131536,-0.0019267132752449623,-0.008046317501800293,sell,bearish,Sell,Mixed,-4.0,Sell,bearish MACD crossover,,238.02999877929688
2025-03-04,234.68995666503906,235.92999267578125,240.07000732421875,234.67999267578125,237.7100067138672,53798100,240.0498541924233,239.08964259140836,0.9602116010149473,1.454521377076832,-0.49430977606188464,0.9602116010149473,238.8854995727539,239.60979949951172,240.0498541924233,239.08964259140836,45.770229856182986,251.23605120182296,238.8854995727539,226.53494794368484,0.10340143416957487,5.984859965316736,20.58559150464736,44509555.0,1.2086865393284656,2281284300,3994822593.1035995,-0.00882244302938795,-0.04497247778615121,-0.03493274635856902,-2.100006103515625,0.014449064937884764,-0.012372064868979349,-0.015357497195092717,sell,none,Hold,Mixed,-2.0,Sell,MACD below signal,,235.92999267578125
2025-03-05,234.50094604492188,235.74000549316406,236.5500030517578,229.22999572753906,235.4199981689453,47227600,239.38680054638343,238.84152132487174,0.5452792215116915,1.272672945963804,-0.7273937244521125,0.5452792215116915,239.03249969482422,239.36359954833983,239.38680054638343,238.84152132487174,45.535244904391185,251.1577569052211,239.03249969482422,226.90724248442734,0.10145279178251784,6.080227633809737,2.223852265206856,44617570.0,1.0584978070298314,2234056700,4031598225.2287383,-0.0008052693108767661,-0.019221147884239675,-0.03728504841785163,-0.1899871826171875,0.013728839567946929,-0.013774253316447438,-0.015138450716872587,sell,none,Hold,Mixed,-2.0,Sell,MACD below signal,,235.74000549316406
2025-03-06,234.09310913085938,235.3300018310547,237.86000061035156,233.16000366210938,234.44000244140625,45170400,238.76267766710208,238.58140876977416,0.18126889732792506,1.0543921362366282,-0.8731232389087031,0.18126889732792506,239.1754997253418,239.07439971923827,238.76267766710208,238.58140876977416,44.99833487329744,251.05272529468436,239.1754997253418,227.29827415599925,0.09931807884153535,5.981639727697769,0.0,44895075.0,1.0061326325883184,2188886300,4028138356.6907587,-0.0017392197020257294,-0.008301732808125739,-0.04271244324041479,-0.410003662109375,0.013731660594845723,-0.016078143031803438,-0.015662061235251046,sell,none,Hold,Mixed,0.0,Hold,MACD below signal,,
2025-03-07,237.81346130371094,239.07000732421875,241.3699951171875,234.75999450683594,235.11000061035156,46273600,238.80995915281233,238.61760125528858,0.192357897523749,0.8819852884940523,-0.6896273909703033,0.192357897523749,239.46800003051757,238.76599975585938,238.80995915281233,238.61760125528858,50.70786840807548,251.02805603178857,239.46800003051757,227.90794402924658,0.09654781432005773,6.026522647887326,10.648864535533102,45712490.0,1.0122747634180504,2235159900,4042209625.2809715,0.015892599600832114,-0.0114538085329845,-0.02638971959683989,3.7400054931640625,0.014140255083822205,-0.0016619870139146231,0.0012732448031553822,sell,none,Hold,Uptrend,-1.0,Hold,"MACD below signal, trend up",,
2025-03-10,226.2843780517578,227.47999572753906,236.16000366210938,224.22000122070312,235.5399932861328,72071200,237.06688785661643,237.79259343841824,-0.7257055818018046,0.560447114434881,-1.2861526962366856,-0.7257055818018046,239.46049957275392,238.21019958496095,237.06688785661643,237.79259343841824,37.66085118324163,251.05142245815367,239.46049957275392,227.86957668735417,0.0968086419771136,6.65677146614649,10.648864535533102,47330690.0,1.5227160220989806,2163088700,4009493813.5657,-0.04847957184759566,-0.044322157315724975,-0.07940109223533287,-11.590011596679688,0.017183443337173712,-0.05003123215140082,-0.04504510670037376,sell,none,Hold,Downtrend,-4.0,Sell,"MACD below signal, trend down, volume spike",,227.47999572753906
2025-03-11,219.67926025390625,220.83999633789062,225.83999633789062,217.4499969482422,223.80999755859375,76137400,234.5704430075817,236.53684550504585,-1.966402497464145,0.05507719205507583,-2.0214796895192206,-1.966402497464145,239.11999969482423,237.4629992675781,234.5704430075817,236.53684550504585,32.501366223945126,252.36132711868453,239.11999969482423,225.87867227096393,0.11075048043458915,6.897716274228661,10.648864535533102,49481780.0,1.5386956572702113,2086951300,3994883411.9699836,-0.029189377151217277,-0.06395963551199502,-0.10605569001087278,-6.6399993896484375,0.01839005235504665,-0.07644698636777925,-0.07000249715096185,sell,none,Hold,Downtrend,-4.0,Sell,"MACD below signal, trend down, volume spike",,220.83999633789062
2025-03-12,215.8395538330078,216.97999572753906,221.75,214.91000366210938,220.13999938964844,62547500,231.8642203491136,235.08818996597125,-3.2239696168576586,-0.6007321697274711,-2.6232374471301876,-3.2239696168576586,238.3379997253418,236.62219940185548,231.8642203491136,235.08818996597125,29.934015421367164,254.5390058474693,238.3379997253418,222.1369936032143,0.13594983712876138,6.893593421633087,0.0,49923235.0,1.2528735367409585,2024403800,3970193484.493887,-0.017478720677234882,-0.0795792369919538,-0.09727078059345617,-3.8600006103515625,0.01787498707452026,-0.08961224824583358,-0.08301082368420587,sell,none,Hold,Downtrend,-1.0,Hold,"MACD below signal, RSI oversold, trend down",,
2025-03-13,208.57791137695312,209.67999267578125,216.83999633789062,208.4199981689453,215.9499969482422,61368300,228.45126224552402,233.206101277809,-4.754839032284991,-1.4315535422389751,-3.323285490046016,-4.754839032284991,236.97849960327147,235.7039993286133,228.45126224552402,233.206101277809,25.78560863643294,257.4456660692529,236.97849960327147,216.51133313729002,0.17273437463943586,7.012622288558849,0.0,50729485.0,1.209716597753752,1963035500,3927191868.0352316,-0.03364366852013578,-0.10899591618448967,-0.11639279401927494,-7.3000030517578125,0.01833804978071159,-0.11519402381731247,-0.11040969490106078,sell,none,Hold,Downtrend,-1.0,Hold,"MACD below signal, RSI oversold, trend down",,
2025-03-14,212.36790466308594,213.49000549316406,213.9499969482422,209.5800018310547,211.25,60107600,226.14953043746866,231.74564973820569,-5.59611930073703,-2.2644666939385862,-3.3316526067984435,-5.59611930073703,235.57649993896484,234.92979949951172,226.14953043746866,231.74564973820569,31.148715872392785,258.31943583285437,235.57649993896484,212.83356404507532,0.19308323113538028,6.823863204889467,4.835549928947134,51054160.0,1.177330113745873,2023143100,3974645457.381303,0.01817060735629683,-0.10699795477215146,-0.11722622921775483,3.8100128173828125,0.018230453448803315,-0.09375508359926876,-0.0912604278044864,sell,none,Hold,Downtrend,-3.0,Sell,"MACD below signal, trend down",,213.49000549316406
2025-03-17,212.87522888183594,214.0,215.22000122070312,209.97000122070312,213.30999755859375,48073400,224.28037190862733,230.43115716500526,-6.1507852563779295,-3.041730406426455,-3.1090548499514745,-6.1507852563779295,234.04649963378907,234.2013995361328,224.28037190862733,230.43115716500526,31.858560661437167,258.2271089429258,234.04649963378907,209.86589032465236,0.20663081350904153,6.711444404540219,12.177468679886069,51413020.0,0.9350433022607892,2071216500,4000376150.07336,0.00238884488132296,-0.05925793907471555,-0.10095365669256529,0.5099945068359375,0.01781451141176963,-0.08565178144153274,-0.08625652782666704,sell,none,Hold,Downtrend,-5.0,Strong Sell,"MACD below signal, trend down",,214.0
2025-03-18,211.57211303710938,212.69000244140625,215.14999389648438,211.49000549316406,214.16000366210938,42432400,222.49723814443948,229.1169975558498,-6.619759411410314,-3.7573362074232266,-2.8624232039870874,-6.619759411410314,232.4574996948242,233.57819946289064,222.49723814443948,229.1169975558498,30.975166202948344,257.83647328983307,232.4574996948242,207.07852609981535,0.21835366575246645,6.49348326159594,18.451404296337763,51093515.0,0.8304850429648459,2028784100,3985768292.0639296,-0.006121483918662407,-0.03690451925209548,-0.09850375516398102,-1.30999755859375,0.017759588890169528,-0.08503703807951646,-0.08942699733757886,sell,none,Hold,Downtrend,-3.0,Sell,"MACD below signal, trend down",,212.69000244140625
2025-03-19,214.10870361328125,215.24000549316406,218.75999450683594,213.75,214.22000122070312,54385400,221.380740813474,228.08907221787308,-6.708331404399075,-4.3475352468183965,-2.360796157580679,-6.708331404399075,230.97600021362305,233.01579956054687,221.380740813474,228.08907221787308,34.76701217546179,256.7400711396192,230.97600021362305,205.21192928762687,0.22308872698607404,6.463233890441208,24.473956783060405,52202575.0,1.041814508192364,2083169500,3963732047.192685,0.011989294383784266,-0.008019127424815253,-0.08696020837496099,2.5500030517578125,0.018164295167734674,-0.06812826746460765,-0.07628578877873016,sell,none,Hold,Downtrend,-3.0,Sell,"MACD below signal, trend down",,215.24000549316406
2025-03-20,212.97470092773438,214.10000610351562,217.49000549316406,212.22000122070312,213.99000549316406,48862900,220.26062778117273,227.05284509829104,-6.792217317118315,-4.836471660878381,-1.9557456562399338,-6.792217317118315,229.3895004272461,232.39779968261718,220.26062778117273,227.05284509829104,33.87118484303103,255.20714917808723,229.3895004272461,203.57185167640498,0.22509878353416213,6.378003203442617,27.946434854727098,53029875.0,0.9214221229071349,2034306600,3949731544.199996,-0.0052964103352275416,0.02107980533254228,-0.09021372354715851,-1.1399993896484375,0.01800842349960931,-0.0666529823520835,-0.07873479699072294,sell,none,Hold,Downtrend,-1.0,Hold,"MACD below signal, trend down",,
2025-03-21,217.12278747558594,218.27000427246094,218.83999633789062,211.27999877929688,211.55999755859375,94127800,219.95437801060166,226.4022642963777,-6.447886285776036,-5.158754585857912,-1.2891316999181246,-6.447886285776036,228.02550048828124,231.91899963378907,219.95437801060166,226.4022642963777,39.964848495398584,253.15725875585395,228.02550048828124,202.89374222070853,0.22042936613455025,6.462431371667698,40.63712495692619,55076395.0,1.709040687938998,2128434400,4029665662.596127,0.019476870855058115,0.02238980119118472,-0.08700381651617861,4.1699981689453125,0.018912608212893468,-0.04278247913031841,-0.058852424263991066,sell,none,Hold,Downtrend,0.0,Hold,"MACD below signal, trend down, volume spike",,
2025-03-24,219.56985473632812,220.72999572753906,221.47999572753906,218.5800018310547,221.0,44299500,220.0737038132074,225.98209625424153,-5.908392441034124,-5.308682156893155,-0.5997102841409694,-5.908392441034124,226.7069999694824,231.479599609375,220.0737038132074,225.98209625424153,43.285073593904094,250.42469429665297,226.7069999694824,202.98930564231185,0.2092365417068133,6.230114234768442,53.18442413513953,54725050.0,0.809492179541179,2172733900,4051051579.8880544,0.011270405492856295,0.031448578166070495,-0.029672938837596585,2.459991455078125,0.019109804156701417,-0.02636444504469615,-0.046438666301376164,sell,none,Hold,Downtrend,-1.0,Hold,"MACD below signal, trend down",,
2025-03-25,222.573974609375,223.75,224.10000610351562,220.0800018310547,220.77000427246094,34493600,220.63928784194474,225.81675579096438,-5.177467949019643,-5.282439315318453,0.10497136629880988,-5.177467949019643,225.5425003051758,231.21759948730468,220.63928784194474,225.81675579096438,47.14937246266809,247.36376132843773,225.5425003051758,203.72123928191385,0.193500213873094,6.072249237460764,70.94389932091364,54049065.0,0.6381905033879864,2207227500,4079538733.2706056,0.013681893403326706,0.05200055212581356,0.01317697749667146,3.0200042724609375,0.019557958340535052,-0.007947505692942114,-0.0322968472290307,buy,bullish,Buy,Downtrend,3.0,Buy,"bullish MACD crossover, trend down",223.75,
2025-03-26,220.3656463623047,221.52999877929688,225.02000427246094,220.47000122070312,223.50999450683594,34466100,220.77632029384506,225.49921823454457,-4.722897940699511,-5.170531040394665,0.4476330996951541,-4.722897940699511,224.60100021362305,230.96019958496095,220.77632029384506,225.49921823454457,44.73633493857013,245.38392863086045,224.60100021362305,203.81807179638565,0.18506532381841836,5.963517367053411,77.32572623239984,53550690.0,0.6436163567640305,2172761400,4061131515.6224027,-0.009921793165153625,0.029223160776831403,0.020969689101990818,-2.220001220703125,0.018894689131987795,-0.01367314228968386,-0.04083041503518914,buy,none,Hold,Downtrend,1.0,Hold,"MACD above signal, trend down",,
2025-03-27,222.6734619140625,223.85000610351562,224.99000549316406,220.55999755859375,221.38999938964844,37094800,221.24919503379436,225.37705437298686,-4.127859339192497,-4.9619967001542316,0.8341373609617344,-4.127859339192497,223.92850036621093,230.77159973144532,221.24919503379436,225.37705437298686,47.74606787897149,243.87796033962948,223.92850036621093,203.97904039279237,0.17817705152129687,5.853980979018904,87.25365797185005,53347750.0,0.6953395410303153,2209856200,4079134679.677858,0.010472655337889991,0.04553946624030436,0.06757923465614013,2.32000732421875,0.01903570015666114,-0.0003505327038181294,-0.02999326449175088,buy,none,Hold,Downtrend,1.0,Hold,"MACD above signal, trend down",,
2025-03-28,216.75469970703125,217.89999389648438,223.80999755859375,217.67999267578125,221.6699981689453,39818600,220.73393332036207,224.82319804139408,-4.089264721032009,-4.787450304329788,0.6981855832977786,-4.089264721032009,222.73150024414062,230.37219970703126,220.73393332036207,224.82319804139408,41.503213729205164,241.04417226447916,222.73150024414062,204.41882822380208,0.16443719905146456,5.8765547253557235,82.53721826817429,52497010.0,0.758492721775964,2170037600,4042174198.316964,-0.026580353115021937,-0.0016951957150955765,0.020656650381048136,-5.95001220703125,0.019015793413255072,-0.021692065748941336,-0.05413937022960247,buy,none,Hold,Downtrend,-1.0,Hold,"MACD above signal, trend down",,
2025-03-31,220.96249389648438,222.1300048828125,225.6199951171875,216.22999572753906,217.00999450683594,65299300,220.94871356073907,224.6237022518695,-3.6749886911304372,-4.5649579816899175,0.8899692905594803,-3.6749886911304372,221.9365005493164,230.24959991455077,220.94871356073907,224.6237022518695,46.8261582347537,238.85067822111915,221.9365005493164,205.02232287751366,0.15242357728393807,6.1275150585194895,89.12778687841299,53402775.0,1.2227697905211854,2235336900,4058933789.238228,0.019412625538381745,0.00634263209519359,0.03799067702248826,4.230010986328125,0.019588686926630818,0.0008718905318285675,-0.035264317656801936,buy,none,Hold,Downtrend,1.0,Hold,"MACD above signal, trend down",,
2025-04-01,222.01690673828125,223.19000244140625,223.67999267578125,218.89999389648438,219.80999755859375,36412700,221.29352723468787,224.51750226590926,-3.2239750312213857,-4.2967613915962115,1.0727863603748258,-3.2239750312213857,221.29950103759765,230.11380004882812,221.29352723468787,224.51750226590926,48.10062957542402,236.97167452507534,221.29950103759765,205.62732755011996,0.14163767576516198,6.031263895717875,89.12778687841299,52533505.0,0.6931328872878366,2271749600,4087881270.843402,0.0047719692760685994,-0.002502782384776525,0.049367623675177885,1.05999755859375,0.019621570247882986,0.008542727818836804,-0.030088580545593935,buy,none,Hold,Downtrend,-1.0,Hold,"MACD above signal, trend down",,
2025-04-02,222.71324157714844,223.88999938964844,225.19000244140625,221.02000427246094,221.32000732421875,35905900,221.6929844892972,224.4710205713714,-2.778036082074209,-3.993016329691811,1.2149802476176021,-2.778036082074209,220.70700073242188,230.13880004882813,221.6929844892972,224.4710205713714,48.97045027032877,234.98458098718538,220.70700073242188,206.42942047765837,0.12938040213842777,5.898316343805549,98.60368790704234,51967420.0,0.6909309717511471,2307655500,4101399736.755911,0.003136327526256366,0.010653187484114701,0.04018766807158025,0.6999969482421875,0.019660158450182944,0.014421829152059917,-0.02715231268197238,buy,none,Hold,Downtrend,1.0,Hold,"MACD above signal, trend down",,
2025-04-03,202.12203979492188,203.19000244140625,207.49000549316406,201.25,205.5399932861328,103419000,218.84637186654473,222.89464885804065,-4.048276991495925,-4.004068462052635,-0.044208529443290345,-4.048276991495925,219.10000076293946,229.72600006103517,218.84637186654473,222.89464885804065,31.928866190224696,233.66441341580366,219.10000076293946,204.53558811007525,0.13294762758693482,7.094150847080042,68.43324058997044,54879850.0,1.8844621477646166,2204236500,4062286164.918622,-0.09245610346452682,-0.09229396068256313,-0.05095751214894628,-20.699996948242188,0.02813879044661895,-0.07261523626714828,-0.11551151202989063,sell,bearish,Sell,Downtrend,-6.0,Strong Sell,"bearish MACD crossover, trend down, volume spike",,203.19000244140625
2025-04-04,187.38987731933594,188.3800048828125,199.8800048828125,187.33999633789062,193.88999938964844,125910900,214.15923848443208,220.3380085635793,-6.1787700791472275,-4.439008785471553,-1.7397612936756746,-6.1787700791472275,216.56550064086915,229.0204000854492,214.15923848443208,220.3380085635793,25.177914408415887,233.75301789646213,216.56550064086915,199.37798338527617,0.1587281187883666,7.719569079682584,35.09990725663709,58861715.0,2.1390966946851617,2078325600,3957260164.8658123,-0.07288743235713335,-0.13547494190245668,-0.13694048107653634,-14.80999755859375,0.031187306689105052,-0.1301476720652598,-0.17745316656277554,sell,none,Hold,Downtrend,-2.0,Sell,"MACD below signal, RSI oversold, trend down, volume spike",,188.3800048828125
2025-04-07,180.50625610351562,181.4600067138672,194.14999389648438,174.6199951171875,177.1999969482422,160466300,209.1285874428067,217.45815657471175,-8.32956913190506,-5.217120854758255,-3.1124482771468056,-8.32956913190506,214.26450119018554,228.19400024414062,209.1285874428067,217.45815657471175,22.756734164521276,236.55544678913859,214.26450119018554,191.9735555912325,0.20806942330747683,8.563171201083604,1.7665739233037623,63281470.0,2.53575493742481,1917859300,3909194420.0609107,-0.036734249865053914,-0.18309097049001233,-0.17790961706058883,-6.9199981689453125,0.030555819640877925,-0.15310279721604658,-0.20479939647963397,sell,none,Hold,Downtrend,-2.0,Sell,"MACD below signal, RSI oversold, trend down, volume spike",,181.4600067138672
2025-04-08,171.51376342773438,172.4199981689453,190.33999633789062,169.2100067138672,186.6999969482422,120859500,203.48111216990495,214.12199669280312,-10.640884522898176,-6.30187358838624,-4.339010934511936,-10.640884522898176,211.84350128173827,227.0452001953125,203.48111216990495,214.12199669280312,20.04492376214276,240.39146710769674,211.84350128173827,183.2955354557798,0.26951939194010494,9.46080108843645,0.0,65517575.0,1.8446882382322607,1796999800,3825055994.6253705,-0.049818186985832624,-0.22747436586363012,-0.2294078294125349,-9.040008544921875,0.03154231021998914,-0.18609729764786231,-0.240591749921939,sell,none,Hold,Downtrend,-2.0,Sell,"MACD below signal, RSI oversold, trend down, volume spike",,172.4199981689453
2025-04-09,197.80484008789062,198.85000610351562,200.61000061035156,171.88999938964844,171.9499969482422,184395900,202.76863431353735,212.99073813063367,-10.222103817096325,-7.085919634128257,-3.1361841829680683,-10.222103817096325,210.9370018005371,226.25700042724608,202.76863431353735,212.99073813063367,41.85929923201114,239.923013183847,210.9370018005371,181.95099041722722,0.27483097925815003,10.83645824074121,25.138551887372817,71609995.0,2.5750022744729977,1981395700,3986851911.527241,0.15328852926139658,-0.11184060634416415,-0.10237887780777077,26.430007934570312,0.04848775295012042,-0.0573014482705646,-0.1211321385503088,sell,none,Hold,Downtrend,-2.0,Sell,"MACD below signal, trend down, volume spike",,198.85000610351562
2025-04-10,189.41915893554688,190.4199981689453,194.77999877929688,183.0,189.07000732421875,121880000,200.86884413744627,211.3188314668049,-10.449987329358635,-7.758733173174333,-2.6912541561843017,-10.449987329358635,209.9740020751953,225.27820037841798,200.86884413744627,211.3188314668049,38.27256132213619,240.3113199402463,209.9740020751953,179.6366842101443,0.28896261027769227,11.194568802367954,46.143801990408924,74635580.0,1.6330013111708919,1859515700,4018511719.7690606,-0.04239380274487847,-0.06284760135353318,-0.1493411079877799,-8.430007934570312,0.04881461482792784,-0.0931258332602879,-0.15473402287002702,sell,none,Hold,Downtrend,-4.0,Sell,"MACD below signal, trend down, volume spike",,190.4199981689453
2025-04-11,197.1085205078125,198.14999389648438,199.5399932861328,186.05999755859375,186.10000610351562,87435900,200.45055948499058,210.34336201715155,-9.892802532160971,-8.185547044971662,-1.7072554871893093,-9.892802532160971,209.20700149536134,224.48940032958984,200.45055948499058,210.34336201715155,43.08811894075541,239.923262230716,209.20700149536134,178.49074076000667,0.2936446726524659,11.357813582737318,72.69842687291118,76001995.0,1.150442169314108,1946951600,4087915589.1824236,0.0405944533235465,0.0518631954582951,-0.09063790983574993,7.7299957275390625,0.049594850843497504,-0.05285199596497314,-0.11733028995771999,sell,none,Hold,Downtrend,-1.0,Hold,"MACD below signal, trend down",,
2025-04-14,201.45555114746094,202.52000427246094,212.94000244140625,201.16000366210938,211.44000244140625,101352900,200.76893560613988,209.76385403606338,-8.994918429923501,-8.34742132196203,-0.6474971079614722,-8.994918429923501,208.63300170898438,223.81980041503905,200.76893560613988,209.76385403606338,45.66863655771061,239.3985569612786,208.63300170898438,177.86744645669017,0.29492510772776126,11.6029703657505,77.0882488116999,78665970.0,1.288395731979152,2048304500,4009965069.5125732,0.022054052538903912,0.11605861776364823,-0.08828163768643982,4.3700103759765625,0.0498927239478314,-0.02930024198688508,-0.0951649322494299,sell,none,Hold,Downtrend,-1.0,Hold,"MACD below signal, trend down",,
2025-04-15,201.07754516601562,202.13999938964844,203.50999450683594,199.8000030517578,201.86000061035156,51343900,200.97986849591044,209.19912406225484,-8.219255566344401,-8.321788170838504,0.10253260449410284,-8.219255566344401,208.1055015563965,223.3024005126953,200.97986849591044,209.19912406225484,45.47554061390277,238.936432926909,208.1055015563965,177.274570185884,0.29630097368816877,11.03918615784533,85.38885172925106,79111545.0,0.6490064124016286,1996960600,4023389263.6862526,-0.0018763819612667154,0.17236980359773613,-0.09431427403332748,-0.3800048828125,0.049881518287003566,-0.02866575906034563,-0.09477014610885803,buy,bullish,Buy,Downtrend,3.0,Buy,"bullish MACD crossover, trend down",202.13999938964844,
2025-04-16,193.24891662597656,194.27000427246094,200.6999969482422,192.3699951171875,198.36000061035156,59732400,199.9475816923028,208.09326333708492,-8.145681644782115,-8.286566865627227,0.1408852208451119,-8.145681644782115,207.05700149536133,222.53180053710938,199.9475816923028,208.09326333708492,41.55662968546839,238.27002581847518,207.05700149536133,175.8439771722475,0.30149209249331377,10.948530308889303,83.62398698846741,79378895.0,0.7524972475366406,1937228200,3990905862.946577,-0.038933388448355366,-0.023032445011193392,-0.13229708873971702,-7.8699951171875,0.05045890269071208,-0.06175592774237515,-0.12700115757134456,buy,none,Hold,Downtrend,-1.0,Hold,"MACD above signal, trend down",,
2025-04-17,195.94467163085938,196.97999572753906,198.8300018310547,194.4199981689453,197.1999969482422,52164700,199.49103000541606,207.2700583289704,-7.779028323554343,-8.18505915721265,0.40603083365830805,-7.779028323554343,206.2010009765625,221.82200042724608,199.49103000541606,207.2700583289704,43.36646611628827,237.53325857331745,206.2010009765625,174.86874337980757,0.3039001503229004,10.492206541011049,80.97100106296105,79543985.0,0.6557969153795853,1989392900,3999304153.309674,0.013949613401343264,0.0344501503081287,-0.030562560358539104,2.709991455078125,0.050614890461282216,-0.044718528064136454,-0.1119907162132675,buy,none,Hold,Downtrend,1.0,Hold,"MACD above signal, trend down",,
2025-04-21,192.14474487304688,193.16000366210938,193.8000030517578,189.80999755859375,193.27000427246094,46742500,198.51702595259965,206.2248690943881,-7.707843141788459,-8.089615954127812,0.3817728123393529,-7.707843141788459,204.94550094604492,221.0208004760742,198.51702595259965,206.2248690943881,41.419372594131815,236.25502982916166,204.94550094604492,173.63597206292818,0.30554004590088035,10.254905943006353,76.29673521612268,77174720.0,0.6056711316866455,1942650400,4031051600.5349874,-0.019392791899099593,-0.025182893707187404,0.025374236412566198,-3.8199920654296875,0.05045342844130708,-0.05750551844042806,-0.12605508962936185,buy,none,Hold,Downtrend,-1.0,Hold,"MACD above signal, trend down",,
2025-04-22,198.690185546875,199.74000549316406,201.58999633789062,195.97000122070312,196.1199951171875,52976400,198.70517665114804,205.7445088276308,-7.039332176482759,-7.879559198598802,0.8402270221160428,-7.039332176482759,203.89600143432617,220.46300048828124,198.70517665114804,205.7445088276308,45.923298226034795,234.41599788686395,203.89600143432617,173.37600498178838,0.2993682685078855,10.124554995347419,81.32881710329897,77608565.0,0.6826102247864009,1995626800,4049150441.767421,0.03406503264808869,-0.013727032987599586,0.1007384443015118,6.5800018310546875,0.05109179430670648,-0.02038292027271915,-0.0939976093458762,buy,none,Hold,Downtrend,-1.0,Hold,"MACD above signal, trend down",,
2025-04-23,203.5246124267578,204.60000610351562,208.0,202.8000030517578,206.0,52929200,199.61207348997382,205.65973084806672,-6.047657358092891,-7.51317883049762,1.4655214724047285,-6.047657358092891,202.93850173950196,220.00200073242186,199.61207348997382,205.65973084806672,49.039772478510464,232.07723598631262,202.93850173950196,173.7997674926913,0.28716812233308026,9.991372103310884,87.78676253597709,78530345.0,0.6739967843003873,2048556000,4032864617.706057,0.024331633507028716,0.012169816569185032,0.18663732905877195,4.8600006103515625,0.051338247792793876,0.008187230859457273,-0.07000842982168587,buy,none,Hold,Downtrend,1.0,Hold,"MACD above signal, trend down",,
2025-04-24,207.2747802734375,208.3699951171875,208.8300018310547,202.94000244140625,204.88999938964844,47311000,200.9594460480067,205.86049116429788,-4.901045116291186,-6.990752087656333,2.089706971365147,-4.901045116291186,202.28050155639647,219.51700073242188,200.9594460480067,205.86049116429788,51.38050729565644,230.28238449609566,202.28050155639647,174.2786186166973,0.27686190932141985,9.698416909477853,96.48850869556152,79172590.0,0.5975679209180854,2095867000,4072785675.4666677,0.018426143212158408,0.07257935108166014,0.04787522615773043,3.769989013671875,0.05153518293219998,0.03010420437925032,-0.05077969167783003,buy,none,Hold,Downtrend,1.0,Hold,"MACD above signal, trend down",,
2025-04-25,208.18002319335938,209.27999877929688,209.75,206.1999969482422,206.3699951171875,38222300,202.23953108358978,206.11378802466817,-3.874256941078386,-6.367453058340744,2.4931961172623582,-3.874256941078386,201.55200119018554,218.96520080566407,202.23953108358978,206.11378802466817,51.95418002488256,227.98554964716303,201.55200119018554,175.11845273320804,0.26230003473926966,9.25924449106928,100.0,79228965.0,0.48242836442455106,2134089300,4100887123.514619,0.0043672490446504675,0.06244290444990708,0.09904422220201115,0.910003662109375,0.051476531091975725,0.03834245030303207,-0.04423169522248882,buy,none,Hold,Downtrend,1.0,Hold,"MACD above signal, trend down",,
2025-04-28,209.0355224609375,210.13999938964844,211.5,207.4600067138672,210.0,38743100,203.45498774606034,206.4120259035556,-2.957038157495248,-5.685370078171645,2.728331920676397,-2.957038157495248,201.16400146484375,218.3374008178711,203.45498774606034,206.4120259035556,52.52429896781814,226.84336435393567,201.16400146484375,175.48463857575183,0.25530773599748413,8.886440833573818,100.0,79175190.0,0.48933384308897776,2172832400,4113545705.0933776,0.0041093301575299,0.08790637505496113,0.06050974444858048,0.8600006103515625,0.05116592143726193,0.044620299156125975,-0.037544650607344354,buy,none,Hold,Downtrend,1.0,Hold,"MACD above signal, trend down",,
2025-04-29,210.09988403320312,211.2100067138672,212.24000549316406,208.3699951171875,208.69000244140625,36827600,204.6480675872614,206.7674318895046,-2.1193643022431843,-4.972168922985953,2.852804620742769,-2.1193643022431843,200.61800155639648,217.66960083007814,204.6480675872614,206.7674318895046,53.26732356375444,224.91835133202312,200.61800155639648,176.31765178076984,0.24225492814308072,8.52812437231687,100.0,77751605.0,0.47365710328423444,2209660000,4130770058.921273,0.005091878401668248,0.05742465657985418,0.042909353437081243,1.07000732421875,0.05097096070168901,0.052796883007994344,-0.029676142610531864,buy,none,Hold,Downtrend,1.0,Hold,"MACD above signal, trend down",,
2025-04-30,211.3831024169922,212.5,213.5800018310547,206.6699981689453,209.3000030517578,52286500,205.8560571892212,207.1920665643561,-1.3360093751349211,-4.244937013415747,2.908927638280826,-1.3360093751349211,200.08350143432617,217.03020080566407,205.8560571892212,207.1920665643561,54.19800611407813,222.79256505016045,200.08350143432617,177.37443781849188,0.2269958637572936,8.412544321587763,100.0,78545295.0,0.665685958656085,2261946500,4166712279.3808475,0.006107633374967891,0.03861189472539617,0.051251610970777906,1.2899932861328125,0.050980230312545186,0.062056583759602546,-0.020873596342107947,buy,none,Hold,Downtrend,1.0,Hold,"MACD above signal, trend down",,
2025-05-01,212.19879150390625,213.32000732421875,214.55999755859375,208.89999389648438,209.0800018310547,57365700,207.00435720999005,207.6459881021237,-0.6416308921336622,-3.52427578915933,2.882644897025668,-0.6416308921336622,199.55500183105468,216.39920104980467,207.00435720999005,207.6459881021237,54.81403271406611,220.44221015674182,199.55500183105468,178.66779350536754,0.20933785807454194,8.215934274482164,100.0,79618285.0,0.7205091142066172,2319312200,4198942692.538444,0.0038588579963234615,0.0237558781159799,0.09805941541567309,0.82000732421875,0.050983757008724616,0.06897850400571603,-0.014229228715485154,buy,none,Hold,Downtrend,1.0,Hold,"MACD above signal, trend down",,
2025-05-02,204.27069091796875,205.35000610351562,206.99000549316406,202.16000366210938,206.08999633789062,101010600,206.74984165514783,207.47591536148607,-0.7260737063382408,-2.9646353725951125,2.2385616662568717,-0.7260737063382408,199.66300201416016,215.5896011352539,206.74984165514783,207.47591536148607,48.04961616331539,220.64639031296855,199.66300201416016,178.67961371535176,0.21018804773174998,8.426224945026965,83.16638498679598,79497865.0,1.270607707515164,2218301600,4231358154.0095425,-0.0373617145464924,-0.01877863483708142,0.042491677111994086,-7.970001220703125,0.047137601289139804,0.028483014038585663,-0.0474957742758394,buy,none,Hold,Downtrend,-1.0,Hold,"MACD above signal, trend down",,
2025-05-05,197.8446502685547,198.88999938964844,204.10000610351562,198.2100067138672,203.10000610351562,69018500,205.54063515276331,206.8399215857944,-1.2992864330310852,-2.631565584682307,1.332279151651222,-1.2992864330310852,200.18850173950196,214.65640106201172,205.54063515276331,206.8399215857944,43.37702662144104,220.53195981357413,200.18850173950196,179.84504366542978,0.20324302242437858,8.334351691071356,54.70477916721468,76653245.0,0.9003989328827501,2149283100,4178275843.943922,-0.03145851727226512,-0.053535738234870234,0.029664504135972214,-6.4600067138671875,0.044532994796006115,-0.0064863982624896455,-0.07344948296141685,buy,none,Hold,Downtrend,-1.0,Hold,"MACD above signal, trend down",,
2025-05-06,197.4666290283203,198.50999450683594,200.64999389648438,197.02000427246094,198.2100067138672,51216500,204.45899813031295,206.222889950316,-1.763891820003039,-2.4580308317464534,0.6941390117434145,-1.763891820003039,201.0410011291504,213.68460083007812,204.45899813031295,206.222889950316,43.11144307783493,219.51697032416442,201.0410011291504,182.56503193413639,0.1838029963166061,7.998325829139362,25.582254391302744,71190755.0,0.7194262794375478,2098066600,4169104689.9326987,-0.0019106284075551816,-0.06012978459035023,-0.006158060240817553,-0.3800048828125,0.04354216771566686,-0.012589504668694573,-0.07101403781224758,buy,none,Hold,Downtrend,-1.0,Hold,"MACD above signal, trend down",,
2025-05-07,195.218505859375,196.25,199.44000244140625,193.25,199.1699981689453,68536700,203.19607534103403,205.4841573614037,-2.2880820203696715,-2.424041069471097,0.13595904910142576,-2.2880820203696715,202.2325012207031,212.66880096435546,203.19607534103403,205.4841573614037,41.48465221042497,215.5156154676227,202.2325012207031,188.94938697378353,0.13136478228515083,7.869159872872712,9.244987913197617,68574615.0,0.9994470986093031,2029529900,4167000952.422222,-0.011384789528862349,-0.07647058823529407,-0.04081136781242822,-2.2599945068359375,0.04179194997502527,-0.02958229357097364,-0.07720361844287327,buy,none,Hold,Downtrend,-1.0,Hold,"MACD above signal, trend down",,
2025-05-08,196.45199584960938,197.49000549316406,200.0500030517578,194.67999267578125,197.72000122070312,50478900,202.31821844136172,204.89199796375632,-2.5737795223946023,-2.4539887600557986,-0.1197907623388037,-2.5737795223946023,202.16450119018555,211.81140106201173,202.31821844136172,204.89199796375632,42.760893870938986,215.52985290952694,202.16450119018555,188.79914947084416,0.13222253798917924,7.690649194522988,7.71170836999341,61878765.0,0.8157709676332422,2080008800,4169351133.215791,0.006318499328224592,-0.07420776902091109,-0.052214761621050654,1.2400054931640625,0.023826351310890392,-0.02312223792753787,-0.06761390320370342,sell,bearish,Sell,Downtrend,-5.0,Strong Sell,"bearish MACD crossover, trend down",,197.49000549316406
2025-05-09,197.48654174804688,198.52999877929688,200.5399932861328,197.5399932861328,199.0,36453900,201.73541541642868,204.4207387649075,-2.6853233484788177,-2.5002556777404026,-0.18506767073841512,-2.6853233484788177,202.57000122070312,211.0360009765625,201.73541541642868,204.4207387649075,43.86669080692082,214.94053705366002,202.57000122070312,190.19946538774622,0.12213591112613971,7.359173380126257,9.457762288526695,57607460.0,0.6327982521708126,2116462700,4156956940.71396,0.0052660552797889615,-0.03321162464821559,-0.051366590513681976,1.0399932861328125,0.021655169316499724,-0.0199437350894055,-0.05926004160140674,sell,none,Hold,Downtrend,-3.0,Sell,"MACD below signal, trend down",,198.52999877929688
2025-05-12,209.95703125,210.7899932861328,211.27000427246094,206.75,210.97000122070312,63775800,203.12842739638316,204.89253539610937,-1.7641079997262068,-2.353026142137564,0.588918142411357,-1.7641079997262068,203.20200119018554,210.41500091552734,203.12842739638316,204.89253539610937,54.92242333445618,215.89210843601623,203.20200119018554,190.51189394435485,0.12490140029628417,7.743518531057529,42.6286437798358,56424455.0,1.1302865043180301,2180238500,4207187140.83549,0.06175386381009962,0.05983203747298993,0.003093146941906655,12.259994506835938,0.02401252012646616,0.03734211302793877,0.0017821560676465342,buy,bullish,Buy,Mixed,4.0,Buy,bullish MACD crossover,210.7899932861328,
2025-05-13,212.08859252929688,212.92999267578125,213.39999389648438,209.0,210.42999267578125,51909300,204.63636051629055,205.487902602011,-0.851542085720439,-2.052729330854139,1.2011872451337,-0.851542085720439,203.72250061035157,209.91300079345703,204.63636051629055,205.487902602011,56.531760304203246,217.09369663145304,203.72250061035157,190.3513045892501,0.131268720745538,7.504695342873733,72.62352914262132,53952275.0,0.9621336635016781,2232147800,4248006682.558626,0.010152281691776288,0.072641169553046,0.008143487085080059,2.1399993896484375,0.023670125951975242,0.04519624507771147,0.014372582312292215,buy,none,Hold,Mixed,2.0,Buy,MACD above signal,212.92999267578125,
2025-05-14,211.49098205566406,212.3300018310547,213.94000244140625,210.5800018310547,212.42999267578125,49325800,205.8199976416389,205.99472476712532,-0.17472712548641312,-1.677128889780594,1.502401764294181,-0.17472712548641312,204.23200073242188,209.4410009765625,205.8199976416389,205.99472476712532,55.92887023337328,218.0908417722541,204.23200073242188,190.37315969258967,0.13571664567875058,7.20864571912215,98.664438670269,53851370.0,0.9159618408965269,2182822000,4250061914.891813,-0.0028177845553216674,0.08193631506269905,-0.0007999913832720251,-0.5999908447265625,0.02368079397901098,0.039650990391278285,0.013793864816447732,buy,none,Hold,Mixed,2.0,Buy,MACD above signal,212.3300018310547,
2025-05-15,210.6144561767578,211.4499969482422,212.9600067138672,209.5399932861328,210.9499969482422,45029500,206.68615138111633,206.3988190027636,0.28733237835274394,-1.2842366361539266,1.5715690145066705,0.28733237835274394,205.09100036621095,208.95520080566405,206.68615138111633,206.3988190027636,55.002356080773225,218.4957596950689,205.09100036621095,191.686241037353,0.13072011258341304,6.938029126880166,95.27640287872178,53116225.0,0.8477541466849348,2137792500,4255328422.039323,-0.004144515024837148,0.0706870781648814,-0.00876622122525239,-0.8800048828125,0.02165026060455536,0.031005731946680326,0.01193938285794749,buy,none,Hold,Uptrend,3.0,Buy,"MACD above signal, trend up",211.4499969482422,
2025-05-16,210.42520141601562,211.25999450683594,212.57000732421875,209.77000427246094,212.36000061035156,54737900,207.38981955430398,206.75890607713933,0.6309134771646541,-0.9012066134902106,1.5321200906548647,0.6309134771646541,205.80500030517578,208.4738006591797,207.38981955430398,206.75890607713933,54.7913055529479,218.9237657770081,205.80500030517578,192.68623483334346,0.12748733463598352,6.642455835799998,91.42083421970707,53244885.0,1.0280405338465846,2083054600,4258846841.7236843,-0.0008985691376138805,0.06412127036625237,0.02878007415466599,-0.19000244140625,0.021562356376877454,0.026505644632401015,0.013364719398056168,buy,none,Hold,Uptrend,3.0,Buy,"MACD above signal, trend up",211.25999450683594,
2025-05-19,207.95498657226562,208.77999877929688,209.47999572753906,204.25999450683594,207.91000366210938,46140500,207.60369328122596,206.90861664766953,0.6950766335564253,-0.5819499640808834,1.2770265976373087,0.6950766335564253,206.58600006103515,207.86800048828124,207.60369328122596,206.90861664766953,51.98730013980553,218.3950262780398,206.58600006103515,194.7769738440305,0.11432552267351824,6.667994704671427,82.68921157389664,53214785.0,0.8670616634080172,2036914100,4292612551.824299,-0.011739069355408915,-0.009535530959040917,0.0497259762682829,-2.4799957275390625,0.021195283937615564,0.010620268157636614,0.004387391464166557,buy,none,Hold,Uptrend,1.0,Hold,"MACD above signal, trend up",,
2025-05-20,206.04258728027344,206.86000061035156,208.47000122070312,205.02999877929688,207.6699981689453,42496600,207.48927902416835,206.90501545972006,0.5842635644482925,-0.34870725837504823,0.9329708228233408,0.5842635644482925,206.94199981689454,207.4556005859375,207.48927902416835,206.90501545972006,49.85988128356405,218.3256566908853,206.94199981689454,195.55834294290378,0.11001784929171646,6.4595665114806105,71.29726665628708,52690795.0,0.8065279713467979,1994417500,4295330370.789541,-0.009196274452396014,-0.028506984803555513,0.0420634040329293,-1.9199981689453125,0.020159164921775805,-0.0003962424573819012,-0.0028709756396246844,buy,none,Hold,Mixed,0.0,Hold,MACD above signal,,
2025-05-21,201.2914276123047,202.08999633789062,207.0399932861328,200.7100067138672,205.1699981689453,59211800,206.6586201493564,206.54834737662156,0.11027277273484515,-0.2569112521530696,0.36718402488791474,0.11027277273484515,206.81649932861328,207.0806005859375,206.6586201493564,206.54834737662156,44.939624011138896,218.35495862679835,206.81649932861328,195.2780400304282,0.11158161303031704,6.450310801536682,49.47318041457594,53004925.0,1.1170999675973505,1935205700,4261935898.737049,-0.02305909435553888,-0.04822684220250595,0.0297579431230095,-4.7700042724609375,0.020174320877354997,-0.022853606970750673,-0.02409981540485151,buy,none,Hold,Mixed,0.0,Hold,MACD above signal,,
2025-05-22,200.5643310546875,201.36000061035156,202.75,199.6999969482422,200.7100067138672,46742400,205.84344791258644,206.1640253939349,-0.3205774813484652,-0.26964449799214874,-0.050932983356316464,-0.3205774813484652,206.46599960327148,206.76820068359376,205.84344791258644,206.1640253939349,44.22043048146355,218.21830357166294,206.46599960327148,194.71369563488003,0.11384251151253712,6.207431676552477,32.267505166910595,52976495.0,0.8823233775658431,1888463300,4266073811.8771048,-0.003612230891026025,-0.04771812004499776,0.019595903638381706,-0.7299957275390625,0.01968639303386385,-0.024730459265599136,-0.026155859824490535,sell,bearish,Sell,Downtrend,-5.0,Strong Sell,"bearish MACD crossover, trend down",,201.36000061035156
2025-05-23,194.49838256835938,195.27000427246094,197.6999969482422,193.4600067138672,193.6699981689453,78432900,204.21676427564407,205.35706086641832,-1.1402965907742555,-0.44377491654857015,-0.6965216742256853,-1.1402965907742555,205.7654998779297,206.48000091552734,204.21676427564407,205.35706086641832,38.66166572838354,218.40037989800211,205.7654998779297,193.13061985785728,0.1228085371704008,6.3283289779761835,13.714152542734045,54987025.0,1.4263892254581876,1810030400,4254604913.993187,-0.03024432021966106,-0.07568868053652056,-0.016420664518615347,-6.089996337890625,0.020639143842072948,-0.05100707169907104,-0.054290955992645995,sell,none,Hold,Downtrend,-3.0,Sell,"MACD below signal, trend down",,195.27000427246094
2025-05-27,199.4188690185547,200.2100067138672,200.74000549316406,197.42999267578125,198.3000030517578,56288500,203.6003400353707,204.97579759585898,-1.375457560488286,-0.6301114453365133,-0.7453461151517726,-1.375457560488286,205.2690002441406,206.2144009399414,203.6003400353707,204.97579759585898,44.730882818550064,217.95756191360485,205.2690002441406,192.58043857467638,0.1236286205357151,6.267019852456679,17.38146827053963,55864295.0,1.0075934906186501,1866318900,4292867600.841176,0.025298316860348224,-0.0410479553383325,-0.05019207224843936,4.94000244140625,0.021560523418547695,-0.024645677254024778,-0.02911724010886596,sell,none,Hold,Downtrend,-3.0,Sell,"MACD below signal, trend down",,200.2100067138672
2025-05-28,199.62803649902344,200.4199981689453,202.72999572753906,199.89999389648438,200.58999633789062,45339700,203.11105667130525,204.63833097164317,-1.5272743003379219,-0.8095440163367951,-0.7177302840011268,-1.5272743003379219,204.72949981689453,205.94280090332032,203.11105667130525,204.63833097164317,44.980100944600615,217.2785558390097,204.72949981689453,192.18044379477936,0.12259157603900524,6.02151856521368,23.106858320987858,56289900.0,0.805467765975779,1911658600,4264189966.18218,0.0010488559414427723,-0.031132178393138754,-0.05875167866033948,0.209991455078125,0.021507454694702322,-0.021049734658676655,-0.026817168214429032,sell,none,Hold,Downtrend,-3.0,Sell,"MACD below signal, trend down",,200.4199981689453
2025-05-29,199.15988159179688,199.9499969482422,203.80999755859375,198.50999450683594,203.5800018310547,51396800,202.624739790834,204.29104696990976,-1.6663071790757442,-0.9808966488845849,-0.6854105301911593,-1.6663071790757442,204.10199966430665,205.68800079345704,202.624739790834,204.29104696990976,44.496480330105335,216.28380479307782,204.10199966430665,191.92019453553547,0.11936977735452857,5.969981742823975,33.99061829395216,56245415.0,0.9137953733651001,1860261800,4240722024.621581,-0.0023450814539321962,-0.01058933855424693,-0.05830549039726818,-0.470001220703125,0.02141430012858297,-0.020342783132420994,-0.02789663871047443,sell,none,Hold,Downtrend,-3.0,Sell,"MACD below signal, trend down",,199.9499969482422
2025-05-30,200.05633544921875,200.85000610351562,201.9600067138672,196.77999877929688,199.3699951171875,70819900,202.35170383893887,204.03615505388058,-1.6844512149417028,-1.1216075620960084,-0.5628436528456944,-1.6844512149417028,203.47849960327147,205.40020080566407,202.35170383893887,204.03615505388058,45.700443728469075,214.96597653561642,203.47849960327147,191.99102267092653,0.1129109655785987,5.913555042234428,35.799153601931536,56918125.0,1.2442416189921928,1931081700,4281190568.7093987,0.0045011711378339925,-0.002532749827622527,-0.05013001181230181,0.9000091552734375,0.021425328587798036,-0.012917794778714686,-0.022152824993844744,sell,none,Hold,Downtrend,-3.0,Sell,"MACD below signal, trend down",,200.85000610351562
2025-06-02,200.90296936035156,201.6999969482422,202.1300048828125,200.1199951171875,200.27999877929688,35423300,202.25144124037016,203.86310630531477,-1.6116650649446171,-1.2196190626657302,-0.392046002278887,-1.6116650649446171,203.2959991455078,205.15220062255858,202.25144124037016,203.86310630531477,46.87254140640573,214.77471891844067,203.2959991455078,191.81727937257494,0.11292617485026887,5.634730379619469,39.329148838341396,53638760.0,0.6604049012318703,1966505000,4301457424.866025,0.0042319682295079986,0.03292872707069461,-0.045252285369553946,0.8499908447265625,0.01985419456176813,-0.007850632594708862,-0.01682752446154745,sell,none,Hold,Downtrend,-1.0,Hold,"MACD below signal, trend down",,
2025-06-03,202.46678161621094,203.27000427246094,203.77000427246094,200.9600067138672,201.35000610351562,46381600,202.4081432453072,203.81917282139966,-1.41102957609246,-1.2579011653510763,-0.15312841074138372,-1.41102957609246,203.51499938964844,204.8522006225586,202.4081432453072,203.81917282139966,49.05980073901802,214.8148547681364,203.51499938964844,192.21514401116048,0.11104690477239307,5.432963749546204,48.5183833245742,52506915.0,0.8833426987664387,2012886600,4331333103.05191,0.0077838738124602624,0.015283939143796,-0.02639139064590479,1.57000732421875,0.01855209526643638,-0.0012038184798283114,-0.007723599479474763,sell,none,Hold,Downtrend,-1.0,Hold,"MACD below signal, trend down",,
2025-06-04,202.01853942871094,202.82000732421875,206.24000549316406,202.10000610351562,202.91000366210938,43604000,202.47150694975514,203.7451605623492,-1.2736536125940745,-1.261051654799676,-0.012601957794398544,-1.2736536125940745,203.7305000305176,204.49400085449219,202.47150694975514,203.7451605623492,48.4441769521473,214.80242657871554,203.7305000305176,192.65857348231964,0.10869188998740437,5.340609152410649,55.34417400647794,52126290.0,0.8365068758969803,1969282600,4302895739.697335,-0.00221378923984783,0.011974898598942962,-0.019530084473617926,-0.4499969482421875,0.01855493732282764,-0.004469103576354327,-0.008186027576743249,sell,none,Hold,Downtrend,-1.0,Hold,"MACD below signal, trend down",,
2025-06-05,199.8372039794922,200.6300048828125,204.75,200.14999389648438,203.5,55126100,202.18819893945627,203.51440828979094,-1.3262093503346648,-1.274083193906674,-0.0521261564279909,-1.3262093503346648,203.9495002746582,204.03160095214844,202.18819893945627,203.51440828979094,45.45474577793856,214.58560627976314,203.9495002746582,193.31339426955324,0.10430136863077709,5.287708934632433,54.06681789380017,51455760.0,1.0713300124223217,1914156500,4259274465.1423273,-0.010797763348392997,0.0034008899472317555,-0.00722446178205205,-2.19000244140625,0.018534376872795154,-0.016276065336641388,-0.016671907946915088,sell,none,Hold,Downtrend,-1.0,Hold,"MACD below signal, trend down",,
2025-06-06,203.11419677734375,203.9199981689453,205.6999969482422,202.0500030517578,203.0,46607700,202.45462959014688,203.54445198454312,-1.0898223943962364,-1.2372310340045867,0.14740863960835027,-1.0898223943962364,204.27099990844727,203.67940093994142,202.45462959014688,203.54445198454312,50.40595838451863,214.4870883185063,204.27099990844727,194.05491149838824,0.10002485340197878,5.27215772968938,63.371518318354155,51262200.0,0.909202102133736,1960764200,4260423651.2605686,0.0163983113495636,0.015284998616566847,0.012713535711333046,3.2899932861328125,0.01881398169356577,-0.0017183141006763547,0.0011812545986171763,buy,bullish,Buy,Mixed,6.0,Strong Buy,bullish MACD crossover,203.9199981689453,
2025-06-09,200.65396118164062,201.4499969482422,206.0,200.02000427246094,204.38999938964844,72862600,202.30007072216154,203.38930716703933,-1.0892364448777982,-1.207632116179229,0.1183956713014307,-1.0892364448777982,204.41699981689453,203.23140075683594,202.30007072216154,203.38930716703933,46.95956010507377,214.38108488559965,204.41699981689453,194.45291474818941,0.09748783200644168,5.322717586678643,66.967763794151,53082635.0,1.3726259067583966,1887901600,4222408228.11006,-0.012112599268742419,-0.0012394645700671836,0.03164844851008608,-2.470001220703125,0.019043850762058907,-0.014514462453269594,-0.008765396498571554,buy,none,Hold,Downtrend,-1.0,Hold,"MACD above signal, trend down",,
2025-06-10,201.869140625,202.6699981689453,204.35000610351562,200.57000732421875,200.60000610351562,54672600,202.35698263705135,203.33602501903238,-0.9790423819810314,-1.1619141693395896,0.18287178735855814,-0.9790423819810314,204.01100006103516,202.92680084228516,202.35698263705135,203.33602501903238,48.82089308345196,213.55621047512017,204.01100006103516,194.46578964695016,0.09357544849277058,5.212523386151374,81.76376947098719,52627475.0,1.0388604051400907,1942574200,4228482716.2235403,0.0060560994747325125,-0.002951769030866913,0.012287055454694995,1.220001220703125,0.012688386782051923,-0.006573184248342745,-0.0012654941204116588,buy,none,Hold,Downtrend,-1.0,Hold,"MACD above signal, trend down",,
2025-06-11,197.99452209472656,198.77999877929688,204.5,198.41000366210938,203.5,60989900,201.80667742816604,202.99854159386678,-1.1918641657007356,-1.1679041686118188,-0.02395999708891683,-1.1918641657007356,203.30350036621093,202.45980072021484,201.80667742816604,202.99854159386678,43.57059029748643,212.17321330440578,203.30350036621093,194.43378742801607,0.08725588022063391,5.27520002556132,66.3188693294224,53081505.0,1.148985885008347,1881584300,4174903646.689021,-0.019193760422328232,-0.019919181535496655,-0.008182813115615306,-3.8899993896484375,0.012917787777833149,-0.022249993624142483,-0.01817546953927507,sell,bearish,Sell,Downtrend,-5.0,Strong Sell,"bearish MACD crossover, trend down",,198.77999877929688
2025-06-12,198.41285705566406,199.1999969482422,199.67999267578125,197.36000061035156,199.0800018310547,43904600,201.4056496620239,202.7171679164131,-1.311518254389199,-1.1966269857672949,-0.11489126862190413,-1.311518254389199,202.64700012207032,201.98000061035157,201.4056496620239,202.7171679164131,44.26748920906907,210.64825250185714,202.64700012207032,194.6457477422835,0.07896739033853975,5.064113742694775,58.67807740087546,52810445.0,0.8313620534725659,1925488900,4200640925.573284,0.002112879422097258,-0.007127587597904772,-0.0037509377916826736,0.4199981689453125,0.012975457691426183,-0.017009889965070912,-0.013763757073515404,sell,none,Hold,Downtrend,-3.0,Sell,"MACD below signal, trend down",,199.1999969482422
2025-06-13,195.67372131347656,196.4499969482422,200.3699951171875,195.6999969482422,199.72999572753906,51447300,200.64324155221132,202.25293302988192,-1.6096914776705944,-1.2792398841479549,-0.33045159352263953,-1.6096914776705944,201.89700012207032,201.43120056152344,200.64324155221132,202.25293302988192,40.72134514722587,209.24220663298698,201.89700012207032,194.55179361115367,0.07276191826996556,5.035962630284098,29.843568439732376,53131335.0,0.9683042972663871,1874041600,4165718460.746277,-0.013805221095031128,-0.0366320188690582,-0.02190694061022691,-2.75,0.013194118504266968,-0.026979118909814304,-0.024729056866043098,sell,none,Hold,Downtrend,-3.0,Sell,"MACD below signal, trend down",,196.4499969482422
2025-06-16,197.63592529296875,198.4199981689453,198.69000244140625,196.55999755859375,197.3000030517578,43020700,200.30120410863194,201.9690119290718,-1.6678078204398616,-1.3569534714063363,-0.3108543490335254,-1.6678078204398616,201.25500030517577,201.3358004760742,200.30120410863194,201.9690119290718,44.17155492521316,207.35321146706724,201.25500030517577,195.1567891432843,0.060601835011744945,4.836251406204096,27.786001936575396,52545475.0,0.8187327262718627,1917062300,4197832356.8248487,0.010028003315378786,-0.015040947258367798,-0.016261769107208,1.970001220703125,0.013533257750039548,-0.014086617137122337,-0.014482284324170203,sell,none,Hold,Downtrend,-5.0,Strong Sell,"MACD below signal, trend down",,198.4199981689453
2025-06-17,194.86692810058594,195.63999938964844,198.38999938964844,195.2100067138672,197.1999969482422,38856200,199.5840956903268,201.5001961854108,-1.9161004950840095,-1.468782876141871,-0.4473176189421384,-1.9161004950840095,200.59800033569337,201.48100036621094,199.5840956903268,201.5001961854108,40.58197875039326,206.11543725736152,200.59800033569337,195.08056341402522,0.055009889554581026,4.72008998112367,11.875228239029319,52181260.0,0.7446389757548975,1878206100,4169484282.5422053,-0.014010678383989505,-0.03468692378156868,-0.03753630502504113,-2.779998779296875,0.013619341201205377,-0.02471610353915743,-0.028990331425523652,sell,none,Hold,Downtrend,-3.0,Sell,"MACD below signal, trend down",,195.63999938964844
2025-06-18,195.80320739746094,196.5800018310547,197.57000732421875,195.07000732421875,195.94000244140625,45394700,199.12192740428492,201.13573734434738,-2.0138099400624583,-1.5777882889259887,-0.4360216511364696,-2.0138099400624583,200.08400039672853,201.7834002685547,199.12192740428492,201.13573734434738,42.28972251641125,205.06111395221978,200.08400039672853,195.10688684123727,0.04975024035527666,4.561512125329122,17.66970199820337,52326165.0,0.867533479665479,1923600800,4178926180.6537776,0.004804755900321256,-0.011067496537641164,-0.030766222600461135,0.94000244140625,0.01365234852561001,-0.017512637485886273,-0.02578704903661433,sell,none,Hold,Downtrend,-3.0,Sell,"MACD below signal, trend down",,196.5800018310547
2025-06-20,200.20574951171875,201.0,201.6999969482422,196.86000061035156,198.24000549316406,96813500,199.41086164977955,201.12568272624756,-1.714821076468013,-1.6051948464343935,-0.10962623003361949,-1.714821076468013,200.02950057983398,202.3550003051758,199.41086164977955,201.12568272624756,49.62176927947884,204.94099582421075,200.02950057983398,195.1180053354572,0.04910770891433121,4.601403767604721,36.467007924738446,54206250.0,1.7860209846650525,2020414300,4247735876.5938015,0.022484475164182616,0.009036160036817176,0.001844166416701265,4.4199981689453125,0.013832116856300949,0.004851781449000336,-0.006696154298793111,sell,none,Hold,Downtrend,0.0,Hold,"MACD below signal, trend down, volume spike",,
2025-06-23,200.70376586914062,201.5,202.3000030517578,198.9600067138672,201.6300048828125,55814300,199.73226754981346,201.1534099317107,-1.4211423818972548,-1.5683843535269657,0.14724197162971087,-1.4211423818972548,200.0365005493164,202.40800018310546,199.73226754981346,201.1534099317107,50.38962073028371,204.9559534843433,200.0365005493164,195.1170476142895,0.04918555285178136,4.511303236910857,69.74490664859788,54659845.0,1.0211207148501793,2076228600,4276812656.061114,0.0024875621890547706,0.02570630252077999,-0.011867390107273224,0.5,0.013819682552153857,0.007316162033752294,-0.004485989596676232,buy,bullish,Buy,Downtrend,3.0,Buy,"bullish MACD crossover, trend down",201.5,
2025-06-24,199.5084991455078,200.3000030517578,203.44000244140625,200.1999969482422,202.58999633789062,54064000,199.81961147318952,201.09019460726978,-1.2705831340802547,-1.5088241096376236,0.2382409755573689,-1.2705831340802547,200.28800048828126,202.6056002807617,199.81961147318952,201.09019460726978,48.479811274561015,204.69458620344113,200.28800048828126,195.88141477312138,0.044002493453597635,4.420496255214657,90.74823723588646,53441400.0,1.0116501438959309,2022164600,4226086138.0449414,-0.005955319842392948,0.009474876021376533,-0.005708582347508484,-1.1999969482421875,0.01195129165652423,5.992652304320778e-05,-0.011379730993659076,buy,none,Hold,Downtrend,1.0,Hold,"MACD above signal, trend down",,
2025-06-25,200.76351928710938,201.55999755859375,203.6699981689453,200.6199951171875,201.4499969482422,39525700,200.08736317863634,201.12499482588638,-1.0376316472500378,-1.4145856171601066,0.3769539699100688,-1.0376316472500378,200.3555000305176,202.6738003540039,200.08736317863634,201.12499482588638,50.597074295487346,204.7964629459054,200.3555000305176,195.91453711512978,0.04433083109484271,4.345460459641289,93.40903640365538,52603260.0,0.7513925942992887,2061690300,4210923859.2401285,0.0062905366332437485,0.030259651336200788,-0.005476886664923519,1.2599945068359375,0.010628363415031913,0.0060118016620092085,-0.00549554403906527,buy,none,Hold,Downtrend,1.0,Hold,"MACD above signal, trend down",,
2025-06-26,200.20574951171875,201.0,202.63999938964844,199.4600067138672,201.42999267578125,50799100,200.22776884346152,201.1157359498948,-0.8879671064332797,-1.309261915014741,0.4212948085814614,-0.8879671064332797,200.3845001220703,202.6434002685547,200.22776884346152,201.1157359498948,49.62103930178909,204.83433513415446,200.3845001220703,195.93466510998616,0.044412966166279315,4.262212760794143,90.21592489158189,52876230.0,0.9607171313083402,2010891200,4209326302.0847955,-0.002778316954637594,0.022484475164182616,0.011168131775511014,-0.55999755859375,0.010650301843965641,0.003071594247832321,-0.00810981392128618,buy,none,Hold,Downtrend,1.0,Hold,"MACD above signal, trend down",,
2025-06-27,200.28543090820312,201.0800018310547,203.22000122070312,200.0,201.88999938964844,73188600,200.35888161078353,201.11308897812887,-0.7542073673453444,-1.1982510054808617,0.4440436381355173,-0.7542073673453444,200.44100036621094,202.6222003173828,200.35888161078353,201.11308897812887,49.77011287542503,204.8960254445068,200.44100036621094,195.9859752879151,0.04445223352663776,4.187769079359071,93.99907068404096,53965820.0,1.3562028706318185,2084079800,4185233225.09523,0.00039801905997349785,0.00039801905997349785,0.009437775660714465,0.0800018310546875,0.010633473024984741,0.0031879778272723147,-0.007611201950785573,buy,none,Hold,Downtrend,1.0,Hold,"MACD above signal, trend down",,
2025-06-30,204.3592529296875,205.1699981689453,207.38999938964844,199.25999450683594,202.00999450683594,91912800,201.09905338896226,201.4136007700412,-0.3145473810789383,-1.021510280600477,0.7069628995215387,-0.3145473810789383,200.65699996948243,202.8402001953125,201.09905338896226,201.4136007700412,56.80688740342301,205.56615998305045,200.65699996948243,195.7478399559144,0.048930862260620385,4.469357351034316,93.99907068404096,55020465.0,1.6705202327897446,2175992600,4226950107.346247,0.020340144721736175,0.01821339041660197,0.044387891861360274,4.089996337890625,0.011513454909287697,0.02249110771191276,0.011485878890818979,buy,none,Hold,Mixed,3.0,Buy,"MACD above signal, volume spike",205.1699981689453,
2025-07-01,206.99879455566406,207.82000732421875,210.19000244140625,206.13999938964844,206.6699981689453,78788900,202.13304630207864,201.888149403684,0.2448968983946429,-0.768228844801453,1.0131257431960958,0.2448968983946429,200.96300048828124,203.0570004272461,202.13304630207864,201.888149403684,60.653082312811755,206.77415124368724,200.96300048828124,195.15184973287523,0.057833041318915514,4.50868927399336,97.24761680558834,57188745.0,1.3776994057134844,2254781500,4213527072.7367024,0.012916163079025322,0.0375437052315859,0.04737430320541458,2.6500091552734375,0.0117969622287193,0.03412074272018728,0.023456501804670404,buy,none,Hold,Uptrend,3.0,Buy,"MACD above signal, trend up",207.82000732421875,
2025-07-02,211.6005401611328,212.44000244140625,213.33999633789062,208.13999938964844,208.91000366210938,67941800,203.7187318619752,202.66976814721897,1.048963714756212,-0.40479033288992006,1.4537540476461321,1.048963714756212,201.4215003967285,203.44260040283203,203.7187318619752,202.66976814721897,66.28902898395879,209.05094637348427,201.4215003967285,193.79205441997274,0.07575602367898635,4.580924969684682,100.0,58266755.0,1.1660474313354159,2322723300,4257950703.0436096,0.022230752354752248,0.05397898895910469,0.08587202568068864,4.6199951171875,0.012612144531765342,0.054703703541951754,0.044225752230647286,buy,none,Hold,Uptrend,3.0,Buy,"MACD above signal, trend up",212.44000244140625,
2025-07-03,212.7061309814453,213.5500030517578,214.64999389648438,211.80999755859375,212.14999389648438,34955800,205.23123512194175,203.4757114734811,1.7555236484606382,0.027272463380191625,1.7282511850804467,1.7555236484606382,201.95800018310547,203.71880035400392,205.23123512194175,203.4757114734811,67.49375782990677,211.23625803867662,201.95800018310547,192.6797423275343,0.09188304347596046,4.456572924556535,100.0,57834345.0,0.6044124818911669,2357679100,4265828256.8803406,0.005225007520218483,0.06243782612814841,0.08632618304321471,1.1100006103515625,0.012582172114820458,0.05739808701879823,0.048258691297367484,buy,none,Hold,Uptrend,3.0,Buy,"MACD above signal, trend up",213.5500030517578,
2025-07-07,209.12037658691406,209.9499969482422,216.22999572753906,208.8000030517578,212.67999267578125,50229000,205.95719847983415,203.95528817531525,2.0019103045189013,0.42220003160793357,1.5797102729109678,2.0019103045189013,202.42399978637695,203.82580017089845,205.95719847983415,203.95528817531525,60.004073952626754,212.30525145146183,202.42399978637695,192.54274812129208,0.09762925024219267,4.6689600496440145,90.72316517963998,57589490.0,0.8721903944626007,2307450100,4231147870.7073226,-0.016857907057220234,0.044111771615359174,0.04452734800120495,-3.600006103515625,0.01298959507804503,0.037179371862069654,0.030046229536245583,buy,none,Hold,Uptrend,3.0,Buy,"MACD above signal, trend up",209.9499969482422,
2025-07-08,209.1801300048828,210.00999450683594,211.42999267578125,208.4499969482422,210.10000610351562,42848900,206.58070556091133,204.40378494061306,2.1769206202982616,0.7731441493459992,1.4037764709522624,2.1769206202982616,202.72849960327147,203.85860015869142,206.58070556091133,204.40378494061306,60.08357384742931,213.13667498911238,202.72849960327147,192.32032421743057,0.10268092948163808,4.548319740922232,81.54480012174302,57401550.0,0.7464763582168077,2350299000,4233160900.3877583,0.00028577070476720756,0.02359017585946055,0.04223322335898727,0.05999755859375,0.012565370609333727,0.03591747049780336,0.030174809124344115,buy,none,Hold,Uptrend,3.0,Buy,"MACD above signal, trend up",210.00999450683594,
2025-07-09,210.3056640625,211.13999938964844,211.3300018310547,207.22000122070312,209.52999877929688,48749400,207.28213538071702,204.90276378868975,2.379371592027269,1.0943896378822533,1.2849819541450156,2.379371592027269,203.2129997253418,203.89580017089844,207.28213538071702,204.90276378868975,61.6304958239286,214.2227638151278,203.2129997253418,192.2032356355558,0.10835688764662244,4.517011231595756,73.79040427064335,56195890.0,0.8674904872936438,2399048400,4277402999.3456316,0.005380719548448543,0.015975324552126358,0.05411880265967617,1.1300048828125,0.012167002481976165,0.03900832956071021,0.035528928073448096,buy,none,Hold,Uptrend,3.0,Buy,"MACD above signal, trend up",211.13999938964844,
2025-07-10,211.57066345214844,212.41000366210938,213.47999572753906,210.02999877929688,210.50999450683594,44443600,208.0710381932389,205.45885563116528,2.6121825620736274,1.3979482227205282,1.2142343393530992,2.6121825620736274,203.7,203.94120025634766,208.0710381932389,205.45885563116528,63.349610691257745,215.4100057381372,203.7,191.9899942618628,0.11497305584818064,4.44079592564193,75.80213831074846,55684440.0,0.79813319483863,2443492000,4294278865.1867013,0.0060149866256142825,-0.00014121059570759709,0.05383015595821039,1.2700042724609375,0.01216635963073774,0.042758977231759365,0.04152571130853744,buy,none,Hold,Uptrend,1.0,Hold,"MACD above signal, trend up",,
2025-07-11,210.3256072998047,211.16000366210938,212.1300048828125,209.86000061035156,210.57000732421875,39765800,208.54626364998822,205.88116289271667,2.6651007572715457,1.6513787296307318,1.0137220276408139,2.6651007572715457,204.31900024414062,203.9402001953125,208.54626364998822,205.88116289271667,60.47749444413962,216.23036614833546,204.31900024414062,192.4076343399458,0.11659577317784402,4.305739291793064,72.68029806873706,54623235.0,0.728001554649775,2403726200,4300059817.660032,-0.005884845244805148,-0.011191755352347954,0.05054728190104174,-1.25,0.011251543005951322,0.03348197382423779,0.035401570950124084,buy,none,Hold,Uptrend,3.0,Buy,"MACD above signal, trend up",211.16000366210938,
2025-07-14,207.79562377929688,208.6199951171875,210.91000366210938,207.5399932861328,209.92999267578125,38840100,208.55760695263427,206.08403935378857,2.4735675988457047,1.8158165034737266,0.6577510953719781,2.4735675988457047,204.79000015258788,203.86260009765624,208.55760695263427,206.08403935378857,55.01891159654509,216.59898598878473,204.79000015258788,192.98101431639103,0.11532775845889003,4.256758654949029,58.565051730177096,54370010.0,0.7143662471277824,2364886100,4286114228.025563,-0.012028833590031152,-0.0063348504424249885,0.03749747969700068,-2.540008544921875,0.011749224642142182,0.018702060460696,0.023336281481999732,buy,none,Hold,Uptrend,1.0,Hold,"MACD above signal, trend up",,
2025-07-15,208.28369140625,209.11000061035156,211.88999938964844,208.9199981689453,209.22000122070312,42296300,208.64259059228309,206.30818463205247,2.3344059602306118,1.9195343948251038,0.41487156540550796,2.3344059602306118,205.42300033569336,203.77839996337892,208.64259059228309,206.30818463205247,55.84685044070109,216.7221480758359,205.42300033569336,194.12385259555083,0.11000859418544129,4.186276199057022,44.10820541569735,53912460.0,0.7845366358723012,2407182400,4249229643.1497393,0.0023487944810314243,-0.004285481262917168,0.019203599339908894,0.4900054931640625,0.011116343072376382,0.017948332312511583,0.026163718274021086,buy,none,Hold,Uptrend,1.0,Hold,"MACD above signal, trend up",,
2025-07-16,209.3295440673828,210.16000366210938,212.39999389648438,208.63999938964844,210.3000030517578,47490500,208.87603875687174,206.59350456020482,2.2825341966669157,1.9921343551934663,0.29039984147344944,2.2825341966669157,206.01000061035157,203.87459991455077,208.87603875687174,206.59350456020482,57.64587983516862,217.0087230178484,206.01000061035157,195.01127820285473,0.10677852895403739,4.155827506755516,38.04172523862153,54135950.0,0.8772451577925574,2454672900,4240135881.639685,0.005021295245053015,-0.00464144989282933,0.011259725990866665,1.0500030517578125,0.011010020365935657,0.02014466792613212,0.03082975392811549,buy,none,Hold,Uptrend,1.0,Hold,"MACD above signal, trend up",,
2025-07-17,209.19009399414062,210.02000427246094,211.8000030517578,209.58999633789062,210.57000732421875,48068100,209.05203345157778,206.84731935370527,2.204714097872511,2.0346503037292756,0.17006379414323547,2.204714097872511,206.7290008544922,204.09720001220703,209.05203345157778,206.84731935370527,57.310581305560895,216.75958857423356,206.7290008544922,196.69841313475084,0.09704093454020482,4.016840307263492,40.75959484707954,54596545.0,0.8804238436699612,2406604800,4210773303.4555445,-0.0006661562010320532,-0.011251821234607773,-0.011391442953936015,-0.1399993896484375,0.010311162729050399,0.015919408522102607,0.029019527263968614,buy,none,Hold,Uptrend,1.0,Hold,"MACD above signal, trend up",,
2025-07-18,210.3455047607422,211.17999267578125,211.7899932861328,209.6999969482422,210.8699951171875,48974600,209.37941179376293,207.1682581183035,2.2111536754594283,2.0699509780753065,0.14120269738412183,2.2111536754594283,207.45900039672853,204.35059997558594,209.37941179376293,207.1682581183035,59.41688479062778,216.50570820011507,207.45900039672853,198.412292593342,0.08721441620837192,3.87920859516543,40.899784838524546,54775540.0,0.8940961604394955,2455579400,4231159780.739621,0.005523228167424676,9.466287803183704e-05,-0.01109815191808794,1.1599884033203125,0.01031682040126452,0.017936036864811822,0.033419978708216336,buy,none,Hold,Uptrend,3.0,Buy,"MACD above signal, trend up",211.17999267578125,
2025-07-21,211.640380859375,212.47999572753906,215.77999877929688,211.6300048828125,212.10000610351562,51377400,209.85642470665155,207.56172016343206,2.2947045432194955,2.1149016911041443,0.17980285211535119,2.2947045432194955,208.03300018310546,204.67519989013672,209.85642470665155,207.56172016343206,61.697753860047754,216.82068250885146,208.03300018310546,199.24531785735945,0.0844835417266617,3.9306941314761583,43.77929486544541,52503735.0,0.9785475261902796,2506956800,4200828348.861574,0.006155900638530998,0.018502543862985332,0.012050482572383947,1.3000030517578125,0.009347513634115987,0.02137639480524478,0.038132591743365696,buy,none,Hold,Uptrend,3.0,Buy,"MACD above signal, trend up",212.47999572753906,
2025-07-22,213.5527801513672,214.39999389648438,214.9499969482422,212.22999572753906,213.13999938964844,46404100,210.55543535124121,208.06825895847297,2.487176392768248,2.189356631436965,0.29781976133128296,2.487176392768248,208.6779998779297,205.01339965820313,210.55543535124121,208.06825895847297,64.84069589629586,217.3458119284812,208.6779998779297,200.0101878273782,0.08307355883822838,3.8442160664209415,55.84197022390721,52033225.0,0.8918167190290435,2553360900,4228465989.18515,0.00903613614246912,0.025297658030186687,0.020903764127785607,1.9199981689453125,0.009449307262758895,0.027420207314148515,0.045785271859939414,buy,none,Hold,Uptrend,3.0,Buy,"MACD above signal, trend up",214.39999389648438,
2025-07-23,213.30377197265625,214.14999389648438,215.14999389648438,212.41000366210938,215.0,46989300,211.10844435820172,208.51875784277013,2.5896865154315947,2.269422608235891,0.32026390719570363,2.5896865154315947,209.37049942016603,205.32579956054687,211.10844435820172,208.51875784277013,64.10310579806509,217.44286715359138,209.37049942016603,201.29813168674067,0.07711084184047987,3.7653427927033745,68.36375718564378,51679490.0,0.9092446539236358,2506371600,4241156407.816532,-0.0011660448093142595,0.018985488032204456,0.014255917947982644,-0.25,0.009265314952090655,0.02282792699809555,0.04297654924429217,buy,none,Hold,Uptrend,3.0,Buy,"MACD above signal, trend up",214.14999389648438,
2025-07-24,212.9153289794922,213.75999450683594,215.69000244140625,213.52999877929688,213.89999389648438,46022600,211.51637515029927,208.9069975956639,2.6093775546353584,2.3374135975157846,0.2719639571195738,2.6093775546353584,209.98049926757812,205.38519958496093,211.51637515029927,208.9069975956639,62.90102479513008,217.41874281868152,209.98049926757812,202.54225571647473,0.07084699366892012,3.6506757119466604,77.26804490380758,52004335.0,0.8849762236167428,2460349000,4204934718.3945284,-0.0018211505989440546,0.017807780965107822,0.006355589762495617,-0.3899993896484375,0.009309068254653075,0.017999267800776098,0.04077603906609939,buy,none,Hold,Uptrend,3.0,Buy,"MACD above signal, trend up",213.75999450683594,
2025-07-25,213.0348358154297,213.8800048828125,215.24000549316406,213.39999389648438,214.6999969482422,40268800,211.88001049376282,209.27536850582305,2.6046419879397718,2.390859275600582,0.21378271233918955,2.6046419879397718,210.62449951171874,205.40419982910157,211.88001049376282,209.27536850582305,63.13014618246083,216.9947332011036,210.62449951171874,204.25426582233388,0.06048900962758545,3.521342560856162,78.55185033288136,51477820.0,0.7822553480314435,2500617800,4185676075.5491138,0.0005614258002459849,0.012785359885756353,0.012881233062751685,0.1200103759765625,0.00922988645287669,0.01545644205038288,0.041264029950521364,buy,none,Hold,Uptrend,3.0,Buy,"MACD above signal, trend up",213.8800048828125,
2025-07-28,213.2041778564453,214.0500030517578,214.85000610351562,213.05999755859375,214.02999877929688,37858000,212.21385550268513,209.62904513885525,2.584810363829888,2.429649493246443,0.15516087058344485,2.584810363829888,211.27299957275392,205.43859985351563,212.21385550268513,209.62904513885525,63.47426844586137,216.07143636467353,211.27299957275392,206.4745627808343,0.04542404189483024,3.3976758454322846,82.9744164864131,49711290.0,0.7615573846504486,2538475800,4189694554.928536,0.0007948296477664485,0.0073889653416219225,0.026028223859942745,0.1699981689453125,0.00922408260479335,0.013144147546632512,0.04191716261881839,buy,none,Hold,Uptrend,3.0,Buy,"MACD above signal, trend up",214.0500030517578,
2025-07-29,210.43516540527344,211.27000427246094,214.80999755859375,210.82000732421875,214.17999267578125,51411700,212.06864762111218,209.75059766727048,2.318049953841694,2.4073295853654932,-0.08927963152379936,2.318049953841694,211.5779998779297,205.435,212.06864762111218,209.75059766727048,54.51376204986181,215.47717562016106,211.5779998779297,207.67882413569833,0.036858045207734266,3.43998401607105,56.22397088497929,47686235.0,1.0781245363572947,2487064100,4149879428.726951,-0.012987613826964783,-0.014598832617199853,0.010329509137797066,-2.779998779296875,0.008965847451593036,-0.0014557071417938827,0.028403165344079273,sell,bearish,Sell,Uptrend,-3.0,Sell,"bearish MACD crossover, trend up",,211.27000427246094
2025-07-30,208.22393798828125,209.0500030517578,212.38999938964844,207.72000122070312,211.89999389648438,45512500,211.60424076428845,209.6987017698251,1.9055389944633419,2.306971467185063,-0.4014324727217211,1.9055389944633419,211.63949966430664,205.39080017089844,211.60424076428845,209.6987017698251,48.61212196583623,215.3330202826037,211.63949966430664,207.94597904600957,0.03490388726259109,3.527842169847783,28.69592934531198,46022415.0,0.9889202902542163,2441551600,4130290582.718253,-0.010507886476113892,-0.023815040812897648,-0.005281692953033046,-2.220001220703125,0.008926487476736569,-0.012235412655275502,0.017815807123856997,sell,none,Hold,Uptrend,-1.0,Hold,"MACD below signal, trend up",,
2025-07-31,206.74978637695312,207.57000732421875,209.83999633789062,207.16000366210938,208.49000549316406,80698400,210.98358946581618,209.54102069978018,1.442568766036004,2.1340909269552513,-0.6915221609192472,1.442568766036004,211.39599990844727,205.36660034179687,210.98358946581618,209.54102069978018,45.10625622588484,215.46894953683073,211.39599990844727,207.3230502800638,0.038533838200792904,3.4672814917001737,0.0,46660245.0,1.7294894186689334,2360853200,4074283772.232931,-0.007079625476841711,-0.02895765036342768,-0.011665540893255999,-1.4799957275390625,0.007421296799511336,-0.018098699057151002,0.010729139883285388,sell,none,Hold,Uptrend,-2.0,Sell,"MACD below signal, trend up, volume spike",,207.57000732421875
2025-08-01,201.58029174804688,202.3800048828125,213.5800018310547,201.5,210.8699951171875,104434500,209.65996106843102,209.0105750837085,0.6493859847225281,1.8371499385087067,-1.1877639537861786,0.6493859847225281,210.8375,205.2770004272461,209.65996106843102,209.0105750837085,35.45087467671749,216.37563302806842,210.8375,205.2993669719316,0.052534611044699496,4.082475801654068,0.0,50134180.0,2.083099793394447,2256418700,3985064976.869303,-0.025003624118486445,-0.0537684670724643,-0.04167055638873485,-5.19000244140625,0.008974101575100679,-0.04011380858332847,-0.014112616310663295,sell,none,Hold,Mixed,-3.0,Sell,"MACD below signal, volume spike",,202.3800048828125
2025-08-04,202.5464630126953,203.35000610351562,207.8800048828125,201.67999267578125,204.50999450683594,75109300,208.68919876613634,208.5912736777683,0.09792508836804359,1.4893049684805741,-1.3913798801125306,0.09792508836804359,210.50750045776368,205.3022006225586,208.68919876613634,208.5912736777683,38.117075684054704,216.93325327604728,210.50750045776368,204.08174763948008,0.0610501079943502,4.233728402038152,3.0239505795984916,51378195.0,1.461890593859905,2331528000,3950418029.316119,0.004792969647692269,-0.04998830551595412,-0.04296870203127612,0.970001220703125,0.008460409729546441,-0.03400113696036278,-0.009508882579549183,sell,none,Hold,Mixed,-2.0,Sell,MACD below signal,,203.35000610351562
2025-08-05,202.11814880371094,202.9199981689453,205.33999633789062,202.16000366210938,203.39999389648438,44155100,207.80162944349155,208.17117919563324,-0.36954975214169394,1.1175340243561207,-1.4870837764978146,-0.36954975214169394,210.15300064086915,205.33340057373047,207.80162944349155,208.17117919563324,37.37996902357418,217.38156582099234,210.15300064086915,202.92443546074597,0.06879335682173858,4.158461564448373,5.211889880582971,51443505.0,0.8583221535935391,2287372900,3927368407.768548,-0.002114619727876521,-0.03952291349768311,-0.053544757716186275,-0.4300079345703125,0.008449844682577078,-0.034417792988282514,-0.011753579291249094,sell,none,Hold,Downtrend,-3.0,Sell,"MACD below signal, trend down",,202.9199981689453
2025-08-06,212.40733337402344,213.25,215.3800048828125,205.58999633789062,205.6300048828125,108483100,208.63984029833898,208.54738814410487,0.09245215423410968,0.9125176503317185,-0.8200654960976088,0.09245215423410968,210.2585006713867,205.69300048828126,208.63984029833898,208.54738814410487,58.26130367791352,217.60227907474322,210.2585006713867,202.9147222680302,0.0698547585938902,4.751429075121146,31.083011303624726,54430190.0,1.993068552580838,2395856000,3988646332.892068,0.05090677076812433,0.02009087245601382,-0.004202633304390413,10.330001831054688,0.014452496338828747,0.014227721205378074,0.03673921569416394,sell,none,Hold,Uptrend,2.0,Buy,"MACD below signal, trend up, volume spike",213.25,
2025-08-07,219.16053771972656,220.02999877929688,220.85000610351562,216.5800018310547,218.8800048828125,90224800,210.3921723723325,209.39795189485983,0.9942204774726804,0.9288582157599109,0.06536226171276949,0.9942204774726804,210.6395004272461,206.08940032958984,210.3921723723325,209.39795189485983,66.22261934738127,219.0965140852998,210.6395004272461,202.18248676919242,0.08029845912946129,4.954898862863609,61.39239405735955,56719250.0,1.5907262525509418,2486080800,4044217773.2674265,0.03179366367782821,0.060027899096308124,0.02933198181879826,6.779998779296875,0.01602527967145879,0.04458089927579478,0.0676434519553768,buy,bullish,Buy,Uptrend,6.0,Strong Buy,"bullish MACD crossover, trend up, volume spike",220.02999877929688,
2025-08-08,228.44371032714844,229.35000610351562,231.0,219.25,220.8300018310547,113854000,213.30876217712992,210.87588183624172,2.432880340888204,1.2296626407855695,1.2032177001026343,2.432880340888204,211.54900054931642,206.66800048828125,213.30876217712992,210.87588183624172,73.6601742292319,223.3037756612939,211.54900054931642,199.79422543733892,0.11113051899516978,5.440263229801922,92.5377880897084,60423660.0,1.8842618934371071,2599934800,4126095874.5286465,0.04235789381413979,0.13326415935368718,0.07233028271707465,9.32000732421875,0.01826820821407346,0.08414601585437143,0.10975093174388406,buy,none,Hold,Uptrend,2.0,Buy,"MACD above signal, RSI overbought, trend up, volume spike",229.35000610351562,
2025-08-11,226.53909301757812,227.17999267578125,229.55999755859375,224.75999450683594,227.9199981689453,61806100,215.4427976384609,212.0835937502817,3.359203888179195,1.6555708902642947,1.7036329979149003,3.359203888179195,212.47700042724608,207.21260040283204,215.4427976384609,212.0835937502817,69.80602963800534,225.96328128027037,212.47700042724608,198.9907195742218,0.12694344165162572,5.394530359941628,96.6376906177605,61571960.0,1.0038027049975347,2538128700,4126610838.5850024,-0.009461579986856261,0.11718704626020493,0.061340758873283274,-2.170013427734375,0.018156140256124092,0.06919804128903628,0.09636186329466234,buy,none,Hold,Uptrend,3.0,Buy,"MACD above signal, trend up",227.17999267578125,
2025-08-12,229.0021209716797,229.64999389648438,230.8000030517578,227.07000732421875,228.00999450683594,55626200,217.6285201396953,213.38480857592631,4.243711563768983,2.1731990249652324,2.0705125388037504,4.243711563768983,213.50400009155274,207.7886001586914,217.6285201396953,213.38480857592631,71.6258855662474,228.8133391168083,213.50400009155274,198.1946610662972,0.14341032504019363,5.275635029055731,94.86300165738616,62238455.0,0.8937593325541259,2593754900,4147936388.4256644,0.010872441677679756,0.1317267690160555,0.08699762982122139,2.470001220703125,0.01820483238097464,0.07562384685068224,0.10520978398765424,buy,none,Hold,Uptrend,1.0,Hold,"MACD above signal, RSI overbought, trend up",,
2025-08-13,232.6717529296875,233.3300018310547,235.0,230.42999267578125,231.07000732421875,69878500,220.04413270759676,214.86223029852843,5.1819024090683286,2.7749397017858515,2.406962707282477,5.1819024090683286,214.6625,208.42120025634765,220.04413270759676,214.86223029852843,74.12787333708745,232.13776766060093,214.6625,197.18723233939906,0.16281621299109938,5.280947248660008,94.86300165738616,63357855.0,1.1029177045214047,2663633400,4166744087.5408564,0.01602441991019199,0.09416179053249563,0.11614445551232788,3.6800079345703125,0.018375725287558733,0.08696210018542927,0.11951184209701537,buy,none,Hold,Uptrend,1.0,Hold,"MACD above signal, RSI overbought, trend up",,
2025-08-14,232.123291015625,232.77999877929688,235.1199951171875,230.85000610351562,234.05999755859375,51916300,222.00349671862756,216.18947240821498,5.814024310412577,3.382756623511197,2.4312676869013803,5.814024310412577,215.8004997253418,209.01140014648436,222.00349671862756,216.18947240821498,73.09052415090198,234.81478397160402,215.8004997253418,196.7862154790796,0.17622094731441745,5.208735946160856,97.33128339001871,63550265.0,0.8169328640879783,2611717100,4161759092.718852,-0.0023571895917441354,0.05794664396098548,0.12145295835395342,-0.5500030517578125,0.01840896949689448,0.07868146309005564,0.11371914936771121,buy,none,Hold,Uptrend,1.0,Hold,"MACD above signal, RSI overbought, trend up",,
2025-08-15,230.9366455078125,231.58999633789062,234.27999877929688,229.33999633789062,234.0,56038700,223.4783428138988,217.33025195856132,6.148090855337472,3.9358234698764525,2.2122673854610193,6.148090855337472,216.82099990844728,209.5867999267578,223.4783428138988,217.33025195856132,70.78251845037417,236.89509133195418,216.82099990844728,196.74690848494038,0.18516740935594975,5.189540695821242,96.22281612267443,63903470.0,0.8769273405653871,2555678400,4156767766.2760634,-0.005112133549474374,0.009766689229404157,0.14433239821291677,-1.19000244140625,0.01855569262616948,0.06811607932663155,0.10498369371936622,buy,none,Hold,Uptrend,1.0,Hold,"MACD above signal, RSI overbought, trend up",,
2025-08-18,230.23863220214844,230.88999938964844,233.1199951171875,230.11000061035156,231.6999969482422,37476200,224.61859767170642,218.3346776941974,6.283919977509015,4.405442771402965,1.8784772061060497,6.283919977509015,217.74150009155272,210.19199981689454,224.61859767170642,218.3346776941974,69.39437907759289,238.60770123003502,217.74150009155272,196.87529895307043,0.19166030480830512,5.0338588251794345,92.14330769523217,63208410.0,0.5928989512629728,2518202200,4138714452.388512,-0.0030225698834628334,0.016330692990037754,0.13543148492512724,-0.6999969482421875,0.01863332276492518,0.060385821226395686,0.09847187138799107,buy,none,Hold,Uptrend,3.0,Buy,"MACD above signal, trend up",230.88999938964844,
2025-08-19,229.90956115722656,230.55999755859375,232.8699951171875,229.35000610351562,231.27999877929688,39402600,225.532659192766,219.24025694341196,6.292402249354041,4.78283466699318,1.5095675823608605,6.292402249354041,218.54950027465821,210.7247998046875,225.532659192766,219.24025694341196,68.71025713237529,240.076611913245,218.54950027465821,197.02238863607144,0.1969998706154254,4.925725267214609,88.368224165621,62858335.0,0.6268476567188743,2478799600,4126401033.1346345,-0.001429259958971918,0.003962567760918745,0.13621131302512723,-0.3300018310546875,0.018641014375881577,0.05495550101391933,0.09412844512032148,buy,none,Hold,Uptrend,3.0,Buy,"MACD above signal, trend up",230.55999755859375,
2025-08-20,225.3723907470703,226.00999450683594,230.47000122070312,225.77000427246094,229.97999572753906,42263900,225.6060953949306,219.74171898514706,5.864376409783546,4.999143015551254,0.8652333942322921,5.864376409783546,219.1425003051758,211.21599975585937,225.6060953949306,219.74171898514706,59.93658776664182,240.80515487285876,219.1425003051758,197.4798457374928,0.19770381863413777,4.916030125708766,79.02078162061508,62622065.0,0.6749042849353498,2436535700,4088453273.497404,-0.019734572779050663,-0.03137190788486299,0.059835847628773475,-4.5500030517578125,0.019350387285221662,0.03133802978471323,0.07004201749903727,buy,none,Hold,Uptrend,1.0,Hold,"MACD above signal, trend up",,
2025-08-21,224.26553344726562,224.89999389648438,226.52000427246094,223.77999877929688,226.27000427246094,30621200,225.49746439516963,220.1238134230239,5.373650972145725,5.074044606870149,0.2996063652755767,5.373650972145725,219.6995002746582,211.66059967041016,225.49746439516963,220.1238134230239,57.99114877821516,241.35279286058383,219.6995002746582,198.04620768873255,0.1971173585634532,4.760599794812715,68.4629704871898,61851995.0,0.4950721476324248,2405914500,4082865303.9547772,-0.004911289931109564,-0.033851726626580536,0.022133323384109893,-1.1100006103515625,0.019402114420410718,0.023670939694103943,0.06255011205056626,buy,none,Hold,Uptrend,1.0,Hold,"MACD above signal, trend up",,
2025-08-22,227.11746215820312,227.75999450683594,229.08999633789062,225.41000366210938,226.1699981689453,42477800,225.84554595081062,220.68945646626923,5.156089484541383,5.090453582404395,0.06563590213698767,5.156089484541383,220.39349975585938,212.24019958496095,225.84554595081062,220.68945646626923,61.46204667821153,242.14573060288572,220.39349975585938,198.64126890883304,0.19739448641745194,4.719842840997968,61.64314835580069,61962445.0,0.6855410563608327,2448392300,4094638938.617176,0.012716766064777785,-0.016537855225260634,-0.006932686088362505,2.8600006103515625,0.019520985257525394,0.03342428319862778,0.07312372939822054,buy,none,Hold,Uptrend,1.0,Hold,"MACD above signal, trend up",,
2025-08-25,226.51914978027344,227.16000366210938,229.3000030517578,226.22999572753906,226.47999572753906,30983100,226.04777021408734,221.16875625855369,4.879013955533651,5.048165657030246,-0.1691517014965953,4.879013955533651,221.04899978637695,212.7993997192383,226.04777021408734,221.16875625855369,60.33578531929282,242.78721384820733,221.04899978637695,199.31078572454658,0.19668231100650366,4.601997446942311,45.38368611381641,61618700.0,0.502819760884277,2417409200,4082427473.8574395,-0.0026343118159346535,-0.016154860485076084,-8.798756191708001e-05,-0.5999908447265625,0.019559417016534103,0.027645471735398663,0.0674842314490458,sell,bearish,Sell,Uptrend,-3.0,Sell,"bearish MACD crossover, trend up",,227.16000366210938
2025-08-26,228.6630859375,229.30999755859375,229.49000549316406,224.69000244140625,226.8699951171875,54575100,226.5496513440114,221.77181116966779,4.777840174343623,4.994100560492923,-0.21626038614929932,4.777840174343623,221.95099945068358,213.45659973144532,226.5496513440114,221.77181116966779,62.95538280066847,243.48744770025806,221.95099945068358,200.4145512011091,0.1940648909252582,4.6161407044291325,36.94219870519866,61776870.0,0.8834228733181205,2471984300,4132909263.5307426,0.009464667467088184,-0.005421582291968652,-0.0014804979182533318,2.149993896484375,0.0192255974438755,0.03315595841480001,0.07426988833839743,sell,none,Hold,Uptrend,-1.0,Hold,"MACD below signal, trend up",,
2025-08-27,229.8397674560547,230.49000549316406,230.89999389648438,228.25999450683594,228.61000061035156,31259500,227.1558596746503,222.41760334177863,4.738256332871657,4.94293171496867,-0.20467538209701264,4.738256332871657,223.02299957275392,214.09799987792968,227.1558596746503,222.41760334177863,64.347136870725,244.01151189214926,223.02299957275392,202.03448725335858,0.18821836635327405,4.474987753373369,28.22724567633849,61064220.0,0.5119118855526198,2503243800,4154459645.7606072,0.00514590705653295,0.019822180855779026,-0.012171586660968514,1.1800079345703125,0.018907984459646664,0.0334808783610423,0.0765630955197174,sell,none,Hold,Uptrend,1.0,Hold,"MACD below signal, trend up",,
2025-08-28,231.9039306640625,232.55999755859375,233.41000366210938,229.33999633789062,230.82000732421875,38074700,227.9872655029493,223.16889180228347,4.8183737006658305,4.918020112108103,-0.09964641144227215,4.8183737006658305,224.27249908447266,214.8363998413086,227.9872655029493,223.16889180228347,66.70990375831454,244.38976841934996,224.27249908447266,204.15522974959535,0.179400233350056,4.4460605798623245,41.39414419151683,58933035.0,0.6460671845595598,2541318500,4176630822.8372235,0.008980832210059075,0.03405959924407598,-0.0009451036251258982,2.0699920654296875,0.01870520263597963,0.03695280744608631,0.08249811358958214,sell,none,Hold,Uptrend,1.0,Hold,"MACD below signal, trend up",,
2025-08-29,231.485107421875,232.13999938964844,233.3800048828125,231.3699951171875,232.50999450683594,39418400,228.62614763936455,223.8334182902364,4.7927293491281375,4.89296195951211,-0.1002326103839728,4.7927293491281375,225.76049880981446,215.54759979248047,228.62614763936455,223.8334182902364,65.75768576411615,243.43452507713596,225.76049880981446,208.08647254249297,0.1565732389899659,4.272056950273944,47.18280957034246,55682230.0,0.7079170500175729,2501900100,4167413605.868925,-0.00180597769760249,0.01923079113299253,0.0023748998681072386,-0.4199981689453125,0.017361376500204792,0.028257824612658133,0.0769778907913723,sell,none,Hold,Uptrend,1.0,Hold,"MACD below signal, trend up",,
2025-09-02,229.0719451904297,229.72000122070312,230.85000610351562,226.97000122070312,229.25,44075600,228.79443280572434,224.26946147027098,4.524971335453358,4.81936383470036,-0.2943924992470013,4.524971335453358,227.07899856567383,216.12199981689454,228.79443280572434,224.26946147027098,60.407269187781345,241.50491043542118,227.07899856567383,212.65308669592648,0.12705632806968026,4.3361956087504705,39.044297799527044,54130545.0,0.8142463742051738,2457824500,4185816226.211854,-0.010424735828844955,0.011269578787301171,-0.005067340170809342,-2.4199981689453125,0.017792401583637023,0.011630325444937473,0.06291817313984338,sell,none,Hold,Uptrend,1.0,Hold,"MACD below signal, trend up",,
2025-09-03,237.79725646972656,238.47000122070312,238.85000610351562,234.36000061035156,237.2100067138672,66427800,230.28298179264416,225.32135330363633,4.961628489007836,4.847816765561856,0.11381172344598056,4.961628489007836,228.85649871826172,216.86139984130858,230.28298179264416,225.32135330363633,69.93317603590265,239.08823534346226,228.85649871826172,218.62476209306118,0.08941617723337209,4.678610556897758,47.397308582912885,55244180.0,1.2024397864173204,2524252300,4240999991.703244,0.038089848308826335,0.039945941126133366,0.03430778862711925,8.75,0.019024616931999153,0.04200668347319381,0.09964245087049584,buy,bullish,Buy,Uptrend,5.0,Strong Buy,"bullish MACD crossover, trend up",238.47000122070312,
2025-09-04,239.10354614257812,239.77999877929688,239.89999389648438,236.74000549316406,238.4499969482422,47549400,231.74406132905227,226.39236407961118,5.351697249441088,4.948592862337702,0.4031043871033857,5.351697249441088,230.18299865722656,217.65099975585937,231.74406132905227,226.39236407961118,71.05596233485592,238.7154095875113,230.18299865722656,221.65058772694184,0.07413589170406658,4.57013754592794,64.68745017357253,52197495.0,0.9109517611908388,2571801700,4284938178.5613227,0.005493343195739575,0.040305406155271895,0.06092652806132626,1.30999755859375,0.016163233438180657,0.0416929146724756,0.10167193832447241,buy,none,Hold,Uptrend,1.0,Hold,"MACD above signal, RSI overbought, trend up",,
2025-09-05,239.0137939453125,239.69000244140625,241.32000732421875,238.49000549316406,240.0,54870400,232.96651380787597,227.37737432863304,5.589139479242931,5.076702185718748,0.512437293524183,5.589139479242931,231.16599884033204,218.41359985351562,232.96651380787597,227.37737432863304,70.86019019047009,239.3144233340323,231.16599884033204,223.01757434663176,0.07049846893208936,4.445842137722708,92.53035871074339,50429775.0,1.0880556179360308,2516931300,4276600831.5270796,-0.00037532879451496193,0.030658776047742586,0.06576260091731845,-0.089996337890625,0.015021896676632117,0.03687395051104292,0.09741335980067256,buy,none,Hold,Uptrend,1.0,Hold,"MACD above signal, RSI overbought, trend up",,
2025-09-08,237.2089080810547,237.8800048828125,240.14999389648438,236.33999633789062,239.3000030517578,48999500,233.72243551171235,228.15534696227596,5.5670885494363915,5.174779458462277,0.3923090909741145,5.5670885494363915,231.59249877929688,219.15119995117186,233.72243551171235,228.15534696227596,66.86977513889713,240.19628994607015,231.59249877929688,222.9887076125236,0.07430112125498954,4.400424667784925,88.81994674385714,47187050.0,1.038409902716953,2467931800,4267212721.054978,-0.007551410322323426,0.02472648189995663,0.04443278284182095,-1.80999755859375,0.012278275107895576,0.02714900584715174,0.08546065426889538,buy,none,Hold,Uptrend,3.0,Buy,"MACD above signal, trend up",237.8800048828125,
2025-09-09,233.68887329101562,234.35000610351562,238.77999877929688,233.36000061035156,237.0,66313900,233.81898483352825,228.6142106023678,5.204774231160457,5.180778413001914,0.023995818158542903,5.204774231160457,231.95099945068358,219.81660003662108,233.81898483352825,228.6142106023678,59.797195859186935,240.38532567284378,231.95099945068358,223.5166732285234,0.07272506902004934,4.4732513464392385,60.094529865261556,47412440.0,1.398660351587052,2401617900,4225124336.7200165,-0.014839409394815983,0.020154992417766193,0.031651709480076784,-3.529998779296875,0.012594952510847843,0.010342730397857602,0.06611605340303361,buy,none,Hold,Uptrend,3.0,Buy,"MACD above signal, trend up",234.35000610351562,
2025-09-10,226.1501922607422,226.7899932861328,232.4199981689453,225.9499969482422,232.19000244140625,83440800,232.73760151854435,228.4790833937578,4.258518124786548,4.996326355358841,-0.7378082305722931,4.258518124786548,231.80799942016603,220.24899993896486,232.73760151854435,228.4790833937578,48.07085599494858,240.4869587126689,231.80799942016603,223.12904012766316,0.07488058491693143,4.753734047070253,27.260686105040214,48803170.0,1.709741395897029,2318177100,4163349673.7236342,-0.03225949486019408,-0.04897894022217286,-0.010989508958574867,-7.5600128173828125,0.014480545401396577,-0.02164725180574023,0.029698175015462347,sell,bearish,Sell,Uptrend,-4.0,Sell,"bearish MACD crossover, trend up, volume spike",,226.7899932861328
2025-09-11,229.3810577392578,230.02999877929688,230.4499969482422,226.64999389648438,226.8800048828125,50208600,232.32104725096784,228.59396601490883,3.727081236059007,4.742477331498875,-1.0153960954398675,3.727081236059007,231.64299926757812,220.6931997680664,232.32104725096784,228.59396601490883,52.38080021707644,240.32541789302698,231.64299926757812,222.96058064212926,0.07496379042666017,4.685610404547936,10.858259841438871,47819675.0,1.0499569476371389,2368385700,4202459587.8657093,0.014286368839370622,-0.04066227395794719,-0.001995777269747312,3.2400054931640625,0.014380858497366296,-0.00696330341681517,0.042306691012875985,sell,none,Hold,Uptrend,-1.0,Hold,"MACD below signal, trend up",,
2025-09-12,233.40966796875,234.07000732421875,234.50999450683594,229.02000427246094,229.22000122070312,55824200,232.59011803146797,228.99959870448734,3.590519326980626,4.512085730595225,-0.921566403614599,3.590519326980626,231.7074996948242,221.12579986572266,232.59011803146797,228.99959870448734,57.155803840532286,240.4417582214853,231.7074996948242,222.97324116816313,0.07539038260017254,4.743066106678441,19.4254660237022,48015070.0,1.1626391464179893,2424209900,4249335891.2643394,0.017562963814985233,-0.023446931703216767,0.006492990116430342,4.040008544921875,0.01493300003738759,0.010196077522333757,0.058537753018220284,sell,none,Hold,Uptrend,-1.0,Hold,"MACD below signal, trend up",,
2025-09-15,236.0322265625,236.6999969482422,238.19000244140625,235.02999877929688,237.0,42699500,233.22240709558707,229.5699985743951,3.6524085211919726,4.340150288714575,-0.6877417675226027,3.6524085211919726,231.9629997253418,221.58879974365234,233.22240709558707,229.5699985743951,59.96987450504854,240.96346611911682,231.9629997253418,222.9625333315668,0.07760260390176114,4.698561036000517,36.68159459979754,47348110.0,0.9018205795331641,2466909400,4251768039.477228,0.011235910376080627,-0.0049605175313142125,0.019643308221689804,2.6299896240234375,0.015063294393531143,0.020421348355165625,0.06819476987136275,sell,none,Hold,Uptrend,-1.0,Hold,"MACD below signal, trend up",,
2025-09-16,237.4781494140625,238.14999389648438,241.22000122070312,236.32000732421875,237.17999267578125,63421100,233.9804973726482,230.20555378343875,3.7749435892094425,4.227108948813549,-0.4521653596041064,3.7749435892094425,232.32599945068358,222.1527996826172,233.9804973726482,230.20555378343875,61.47236950826146,241.7018638659656,232.32599945068358,222.95013503540156,0.08071300188055157,4.71294909746365,49.86631975288504,48645355.0,1.303744211549078,2530330500,4235718329.666749,0.0061258849469238985,0.016215010428846544,0.03669681625886012,1.4499969482421875,0.015067242631076437,0.025068199252650025,0.07200986994862046,sell,none,Hold,Uptrend,1.0,Hold,"MACD below signal, trend up",,
2025-09-17,238.3157958984375,238.99000549316406,240.10000610351562,237.72999572753906,238.97000122070312,46508000,234.75119092965062,230.85625391008506,3.8949370195655604,4.160674562963951,-0.26573754339839084,3.8949370195655604,232.74749984741212,222.73239990234376,234.75119092965062,230.85625391008506,62.35392303539506,242.51756770624775,232.74749984741212,222.97743198857648,0.08395422391424896,4.545596331643144,57.4047073185724,49000625.0,0.9491307508832796,2576838500,4238662040.7425213,0.0035272375318422533,0.05379431442391258,0.002180585691278214,0.8400115966796875,0.015054567918938506,0.02682093534772445,0.07299165095849736,sell,none,Hold,Uptrend,1.0,Hold,"MACD below signal, trend up",,
2025-09-18,237.2089080810547,237.8800048828125,241.1999969482422,236.64999389648438,239.97000122070312,44249600,235.23254692244475,231.3765317599167,3.8560151625280525,4.099742682876771,-0.24372752034871858,3.8560151625280525,233.34100036621095,223.26720001220704,235.23254692244475,231.3765317599167,60.387635476227416,242.8402098305727,233.34100036621095,223.8417909018492,0.08141912008136978,4.54591109736562,58.01055031533875,49099910.0,0.9012155012096763,2532588900,4218336597.944833,-0.0046445482440198305,0.034126010282021335,-0.00792390485510519,-1.1100006103515625,0.014270710864637699,0.0194522373242505,0.06544985053696428,sell,none,Hold,Uptrend,1.0,Hold,"MACD below signal, trend up",,
2025-09-19,244.8074188232422,245.5,246.3000030517578,240.2100067138672,241.22999572753906,163741300,236.81215508822248,232.42271459251546,4.389440495707021,4.157682245442821,0.23175825026419972,4.389440495707021,234.37100067138672,223.92899993896484,236.81215508822248,232.42271459251546,67.87658797322256,244.4362634254173,234.37100067138672,224.30573791735614,0.08589170780683027,4.822631602478454,67.29804046983926,55755915.0,2.9367520916839047,2696330200,4339058647.215968,0.03203293660995743,0.04883151329998969,0.024239632439463366,7.6199951171875,0.015571015152670654,0.04748454073555508,0.09632964049727666,buy,bullish,Buy,Uptrend,6.0,Strong Buy,"bullish MACD crossover, trend up, volume spike",245.5,
2025-09-22,255.35755920410156,256.0799865722656,256.6400146484375,248.1199951171875,248.3000030517578,105517400,239.77643685499837,234.175105109534,5.601331745464364,4.44641214544713,1.1549196000172337,5.601331745464364,235.7870002746582,224.82739959716798,239.77643685499837,234.175105109534,74.95615150670294,249.15877009279308,235.7870002746582,222.41523045652332,0.1134224516411734,5.273873248618386,79.91786360048415,58907895.0,1.7912267956612606,2801847600,4430704551.661781,0.04309566831880085,0.08187574936159026,0.07650908574017823,10.579986572265625,0.017744165906502452,0.08606490720001103,0.13900702063491432,buy,none,Hold,Uptrend,2.0,Buy,"MACD above signal, RSI overbought, trend up, volume spike",256.0799865722656,
2025-09-23,253.71221923828125,254.42999267578125,257.3399963378906,253.5800018310547,255.8800048828125,60275200,242.03083005819573,235.67546715147824,6.355362906717488,4.8282022977012025,1.5271606090162857,6.355362906717488,237.1504997253418,225.74359954833983,242.03083005819573,235.67546715147824,72.28074760662008,252.18362728031875,237.1504997253418,222.11737217036486,0.12678132723639807,5.165739052776783,92.07216567069604,60372500.0,0.9983883390616589,2741572400,4397681183.051916,-0.006443275472520216,0.0683602737624811,0.08568374674330514,-1.649993896484375,0.017862050733777352,0.07286298350815978,0.1270751116967932,buy,none,Hold,Uptrend,1.0,Hold,"MACD above signal, RSI overbought, trend up",,
2025-09-24,251.59820556640625,252.30999755859375,255.74000549316406,251.0399932861328,255.22000122070312,42303700,243.61224044287235,236.90765458904235,6.704585853829997,5.203479008926962,1.5011068449030347,6.704585853829997,238.3004997253418,226.6075994873047,243.61224044287235,236.90765458904235,68.87896994016768,254.2495531188861,238.3004997253418,222.35144633179752,0.13385665084149384,5.132472849509246,89.14823723028393,59758930.0,0.7079059146474008,2699268700,4378239500.159246,-0.008332331793480807,0.05573451508126226,0.1125270295337204,-2.1199951171875,0.018113242856116714,0.05878920879057703,0.11342248949037992,buy,none,Hold,Uptrend,3.0,Buy,"MACD above signal, trend up",252.30999755859375,
2025-09-25,256.14532470703125,256.8699951171875,257.1700134277344,251.7100067138672,253.2100067138672,55202100,245.6518950081516,238.38634648001604,7.265548528135554,5.615892912768681,1.649655615366873,7.265548528135554,239.61949920654297,227.54179931640624,245.6518950081516,238.38634648001604,71.93820704800197,257.06019109120945,239.61949920654297,222.1788073218765,0.1455698884474611,5.1558681255348136,85.40648372865759,60956060.0,0.905604791385795,2754470800,4427375072.534445,0.018072995928489766,0.07983012377913012,0.11668041768605297,4.55999755859375,0.018349888423639348,0.07199120258479152,0.1288914647281978,buy,none,Hold,Uptrend,1.0,Hold,"MACD above signal, RSI overbought, trend up",,
2025-09-26,254.73931884765625,255.4600067138672,257.6000061035156,253.77999877929688,254.10000610351562,46076300,247.16083527056938,239.6510620528939,7.509773217675473,5.99466897375004,1.5151042439254336,7.509773217675473,240.76449966430664,228.45059936523438,247.16083527056938,239.6510620528939,69.65804317923994,259.1805429998659,240.76449966430664,222.3484563287474,0.15297972384829484,5.0604494968693805,82.15476269496284,61356140.0,0.7509647771192908,2708394500,4421826731.26629,-0.005489112898051984,0.04057029211351204,0.09138291417242694,-1.4099884033203125,0.018493910081630607,0.061036851654002966,0.11822865610193323,buy,none,Hold,Uptrend,3.0,Buy,"MACD above signal, trend up",255.4600067138672,
2025-09-29,253.71221923828125,254.42999267578125,255.0,253.00999450683594,254.55999755859375,40127700,248.2791671790635,240.74579765458924,7.533369524474267,6.302409083894886,1.2309604405793815,7.533369524474267,241.87899932861328,229.31559936523436,248.2791671790635,240.74579765458924,67.96334073832527,260.76430983657303,241.87899932861328,222.99368882065352,0.15615502429214578,4.873989690452371,81.01953346226189,61391605.0,0.6536349717522453,2668266800,4438966471.702736,-0.004031997224675621,-0.006443275472520216,0.07490492588141429,-1.0300140380859375,0.0185428226388907,0.05188955379345006,0.10951890486327898,buy,none,Hold,Uptrend,1.0,Hold,"MACD above signal, trend up",,
2025-09-30,253.9116668701172,254.6300048828125,255.9199981689453,253.11000061035156,254.86000061035156,37704300,249.2562191334864,241.77425744927245,7.481961684213957,6.5383196039587,0.9436420802552563,7.481961684213957,243.12449951171874,230.15859954833985,249.2562191334864,241.77425744927245,68.12550811705489,261.92341574879487,243.12449951171874,224.3255832746426,0.15464435937004373,4.726561681033898,74.67559172631766,61073040.0,0.6173640611307378,2705971100,4442052738.8794775,0.0007861188255666729,0.0007861188255666729,0.06920013188617347,0.20001220703125,0.018226495033561687,0.04732351282655989,0.10632409730722636,buy,none,Hold,Uptrend,3.0,Buy,"MACD above signal, trend up",254.6300048828125,
2025-10-01,254.72933959960938,255.4499969482422,258.7900085449219,254.92999267578125,255.0399932861328,48713900,250.20910802806424,242.78727518993688,7.421832838127358,6.715022250792432,0.7068105873349255,7.421832838127358,243.9734992980957,230.979599609375,250.20910802806424,242.78727518993688,68.8222923054532,263.3788273211637,243.9734992980957,224.56817127502768,0.15907734306305035,4.686093251110718,69.75796908279366,60187345.0,0.8093711393981575,2754685000,4406463881.359613,0.003220327729275496,0.012445005826292155,0.06887313727246624,0.8199920654296875,0.01651386631711932,0.0470399354157891,0.10594181209185027,buy,none,Hold,Uptrend,3.0,Buy,"MACD above signal, trend up",255.4499969482422,
2025-10-02,256.40460205078125,257.1300048828125,258.17999267578125,254.14999389648438,256.5799865722656,42630200,251.2738613903332,243.84969961163137,7.42416177870183,6.856850156374312,0.5673116223275176,7.42416177870183,244.84099960327148,231.83919982910157,251.2738613903332,243.84969961163137,70.25688253655046,264.9571167008839,244.84099960327148,224.72488250565908,0.16431984128644783,4.639229360266872,67.9755189261236,59941385.0,0.7111981146248122,2797315200,4426880084.74911,0.00657666061710982,0.0010122231890352662,0.08092315287063823,1.6800079345703125,0.016522268900177346,0.050191778743974735,0.10908769989006961,buy,none,Hold,Uptrend,1.0,Hold,"MACD above signal, RSI overbought, trend up",,
2025-10-03,257.2920837402344,258.0199890136719,259.239990234375,253.9499969482422,254.6699981689453,49155600,252.31172717853914,244.8993506784492,7.412376500089948,6.96795542511744,0.4444210749725084,7.412376500089948,245.75749893188475,232.72439971923828,252.31172717853914,244.8993506784492,71.01768579157894,266.5115077261163,245.75749893188475,225.0034901376532,0.16889827479879932,4.685712497828725,69.04985087662311,59655645.0,0.8239890793235074,2846470800,4453362728.939658,0.0034612223931820285,0.010021068787773313,0.05099791858929481,0.889984130859375,0.01649559544268229,0.0498967076694814,0.10869332706390278,buy,none,Hold,Uptrend,1.0,Hold,"MACD above signal, RSI overbought, trend up",,
2025-10-06,255.96583557128906,256.69000244140625,259.07000732421875,255.0500030517578,257.989990234375,44664100,252.985307988211,245.77273229052008,7.212575697690909,7.016879479632134,0.19569621805877446,7.212575697690909,246.69799880981446,233.58059967041015,252.985307988211,245.77273229052008,68.20978205732453,267.6427753674196,246.69799880981446,225.75322225220933,0.16980094413941288,4.638161910302453,65.10029761162596,59438875.0,0.7514290941744776,2801806700,4445140926.894907,-0.005154587353288997,0.008882638960356015,0.0023821301980913034,-1.329986572265625,0.01641715640564804,0.040502978053319705,0.09893545441532492,buy,none,Hold,Uptrend,3.0,Buy,"MACD above signal, trend up",256.69000244140625,
2025-10-07,255.75645446777344,256.4800109863281,257.3999938964844,255.42999267578125,256.80999755859375,31955800,253.52295460330592,246.56586404576512,6.957090557540795,7.004921695213866,-0.047831137673071566,6.957090557540795,247.80449905395508,234.42919982910155,253.52295460330592,246.56586404576512,67.75427881233585,268.35758304532254,247.80449905395508,227.25141506258763,0.16588144339455585,4.447579003902502,59.074514243700314,57720970.0,0.5536254848108062,2769850900,4447250258.200966,-0.0008180741481198517,0.007265467808348136,0.00805729815493561,-0.209991455078125,0.0158630575351918,0.035009501302412094,0.09406170892235943,sell,bearish,Sell,Uptrend,-1.0,Hold,"bearish MACD crossover, trend up",,
2025-10-08,257.3320007324219,258.05999755859375,258.5199890136719,256.1099853515625,256.5199890136719,36496900,254.22096121181173,247.4172813430117,6.803679868800032,6.9646733299311006,-0.16099346113106883,6.803679868800032,249.3679992675781,235.3649996948242,254.22096121181173,247.4172813430117,69.40954269611746,267.9519786387131,249.3679992675781,230.78401989644308,0.14904863034325377,4.302037908060135,42.413810250623804,55373775.0,0.6591008108080043,2806347800,4469815011.623108,0.006160271773966164,0.010217266163758731,0.022789425926987628,1.579986572265625,0.013274407702984981,0.034856109511024025,0.09642469310728452,sell,none,Hold,Uptrend,1.0,Hold,"MACD below signal, trend up",,
2025-10-09,253.32330322265625,254.0399932861328,258.0,253.13999938964844,257.80999755859375,38322000,254.1931199924765,247.90785259805773,6.285267394418781,6.828792142828638,-0.5435247484098564,6.285267394418781,250.56849899291993,236.26479949951172,254.1931199924765,247.90785259805773,60.85063986203294,266.97500209228633,250.56849899291993,234.16199589355352,0.1309542353911773,4.34617792669479,24.51643354976615,54779445.0,0.6995689715366776,2768025800,4445686246.919257,-0.015577789314472068,-0.012017312402292202,-0.011017253415540385,-4.0200042724609375,0.014018542506456724,0.013854472158972397,0.07523420257387015,sell,none,Hold,Uptrend,-1.0,Hold,"MACD below signal, trend up",,
2025-10-10,244.57806396484375,245.27000427246094,256.3800048828125,244.0,254.94000244140625,61999100,252.82033295862794,247.71245642579132,5.107876532836627,6.484609020830236,-1.3767324879936087,5.107876532836627,251.12849884033204,237.01879943847655,252.82033295862794,247.71245642579132,47.181824872624915,265.9303132029438,251.12849884033204,236.32668447772028,0.1178823943197525,4.920022709274627,7.661266053185763,55088190.0,1.1254517529074743,2706026700,4396407517.005386,-0.034522080166306646,-0.04941471701456179,-0.03988883650511976,-8.769989013671875,0.016237566330340288,-0.023328672750900892,0.03481244885862389,sell,none,Hold,Uptrend,-1.0,Hold,"MACD below signal, trend up",,
2025-10-13,246.96133422851562,247.66000366210938,249.69000244140625,245.55999755859375,249.3800048828125,38142900,252.02643614377894,247.70857103588895,4.317865107889986,6.051260238242186,-1.7333951303522,4.317865107889986,251.6764991760254,237.9243994140625,252.02643614377894,247.70857103588895,50.44850000017677,265.04295904181646,251.6764991760254,238.31003931023432,0.10621937216666716,4.884306670679676,4.398428257691767,54860360.0,0.6952725064144676,2744169600,4397054073.714812,0.009744360696440912,-0.03517861503530162,-0.0266084550114295,2.3899993896484375,0.016198536101927747,-0.015958961313693565,0.040918898070239074,sell,none,Hold,Uptrend,-1.0,Hold,"MACD below signal, trend up",,
2025-10-14,247.07101440429688,247.77000427246094,248.85000610351562,244.6999969482422,246.60000610351562,35478000,251.37160047126847,247.7131216460054,3.6584788252630744,5.5727039556463644,-1.91422513038329,3.6584788252630744,252.15749969482422,238.8127993774414,251.37160047126847,247.7131216460054,50.59993701653086,264.1656500444114,252.15749969482422,240.14934934523706,0.09524325363409882,4.831856848150658,9.000759513381237,53463205.0,0.66359658011524,2779647600,4414066425.313305,0.0004441597703503941,-0.033959787666772545,-0.026941053602495546,0.1100006103515625,0.016179370357188996,-0.017399821253277326,0.0375072228890998,sell,none,Hold,Uptrend,-1.0,Hold,"MACD below signal, trend up",,
2025-10-15,248.63658142089844,249.33999633789062,251.82000732421875,247.47000122070312,249.49000549316406,33893600,251.05904598921035,247.83363088244135,3.225415106768992,5.10324618587089,-1.877831079101898,3.225415106768992,252.67499923706055,239.74119934082032,251.05904598921035,247.83363088244135,52.81636527120878,263.1647816960321,252.67499923706055,242.185216778089,0.08302984063041391,4.797438937819584,16.880399939407464,52832485.0,0.6415295438024541,2813541200,4409313412.7036,0.0063364896410271765,-0.03379059638533555,-0.023918577738677893,1.5699920654296875,0.016204538569415276,-0.013198784641297312,0.040038162082540074,sell,none,Hold,Uptrend,-1.0,Hold,"MACD below signal, trend up",,
2025-10-16,246.75192260742188,247.4499969482422,249.0399932861328,245.1300048828125,248.25,39777000,250.50380767521523,247.80521355398216,2.6985941212330715,4.622315772943327,-1.923721651710255,2.6985941212330715,253.15349884033202,240.42519927978515,250.50380767521523,247.80521355398216,49.91308174417565,261.5678583970903,253.15349884033202,244.73913928357373,0.06647634415722883,4.755478403338052,16.301506290845854,52608855.0,0.756089445398498,2773764200,4416739787.684575,-0.007580008893106838,-0.0259407829950149,-0.03764635690409601,-1.8899993896484375,0.016283335888173583,-0.022529816566695504,0.029218225416888233,sell,none,Hold,Uptrend,-1.0,Hold,"MACD below signal, trend up",,
2025-10-17,251.5782470703125,252.2899932861328,253.3800048828125,247.27000427246094,248.02000427246094,49147000,250.77860546151024,248.13741946006738,2.641186001442861,4.226089818643233,-1.584903817200372,2.641186001442861,253.49299850463868,241.07039916992187,250.77860546151024,248.13741946006738,56.50653590121834,261.159440060588,253.49299850463868,245.8265569486894,0.060486416596701516,4.852229989553302,24.739345978004543,46879140.0,1.0483767406995947,2822911200,4448351339.373405,0.019559492412937862,0.028621473850808377,-0.02220756519463085,4.839996337890625,0.015284744471685126,-0.004745713789344963,0.04654073729019981,sell,none,Hold,Uptrend,1.0,Hold,"MACD below signal, trend up",,
2025-10-20,261.50018310546875,262.239990234375,264.3800048828125,255.6300048828125,255.88999938964844,90483000,252.54189542656636,249.1820543322383,3.359841094328061,4.052840073780199,-0.6929989794521374,3.359841094328061,253.80099868774414,241.72819885253907,252.54189542656636,249.1820543322383,66.32176779332632,262.30736930577046,253.80099868774414,245.29462806971785,0.06703181360205637,5.3692143900623295,43.62601785452174,46127420.0,1.9615881399826827,2913394200,4494574923.2740755,0.03943873008454002,0.058870977778703315,0.021621363279372918,9.949996948242188,0.014773988665820307,0.0332504268709104,0.08485477275387598,sell,none,Hold,Uptrend,2.0,Buy,"MACD below signal, trend up, volume spike",262.239990234375,
2025-10-21,262.0286560058594,262.7699890136719,265.2900085449219,261.8299865722656,261.8800048828125,46695900,254.11544828612105,250.1885680123445,3.926880273776561,4.027648113779471,-0.10076784000291017,3.926880273776561,254.21799850463867,242.43999877929687,254.11544828612105,250.1885680123445,66.75217194372414,263.58134280611455,254.21799850463867,244.85465420316277,0.07366389757257914,5.232843503104752,67.17469556161787,45448455.0,1.0274474676861953,2960090100,4473251266.774578,0.002021044840732289,0.060539954322784695,0.024524242661854156,0.529998779296875,0.014661530524788658,0.03364038171702144,0.08385575951467583,sell,none,Hold,Uptrend,1.0,Hold,"MACD below signal, trend up",,
2025-10-22,257.72088623046875,258.45001220703125,262.8500061035156,255.42999267578125,262.6499938964844,45015300,254.7823042739534,250.80052684158056,3.981777432372837,4.018473977498145,-0.03669654512530762,3.981777432372837,254.52499923706054,243.0159991455078,254.7823042739534,250.80052684158056,60.01917504273505,264.019687919823,254.52499923706054,245.0303105542981,0.07460712080324382,5.389069926292583,72.08695661994545,45584035.0,0.9875233730405831,2915074800,4464879319.655029,-0.016440145325788524,0.036536520425689334,0.001511333225324707,-4.319976806640625,0.015060641540400418,0.015420933038938989,0.06351027552009936,sell,none,Hold,Uptrend,1.0,Hold,"MACD below signal, trend up",,
2025-10-23,258.84765625,259.5799865722656,260.6199951171875,258.010009765625,259.94000244140625,32754900,255.52040924292453,251.45085719200165,4.06955205092288,4.028689592183092,0.04086245873978811,4.06955205092288,254.66049880981444,243.54099884033204,255.52040924292453,251.45085719200165,61.1237600070947,264.3603158648916,254.66049880981444,244.9606817547373,0.07617841872147733,5.190563885240435,66.22837649392879,44461675.0,0.7366996407580236,2947829700,4471530336.836171,0.004372119604812541,0.04901996271416653,0.021807563503959626,1.129974365234375,0.014561375479791682,0.019317828188678554,0.0658574441605575,buy,bullish,Buy,Uptrend,5.0,Strong Buy,"bullish MACD crossover, trend up",259.5799865722656,
2025-10-24,262.0785827636719,262.82000732421875,264.1300048828125,259.17999267578125,261.19000244140625,38253700,256.6434243323544,252.29301646105478,4.3504078712996375,4.093033248006401,0.2573746232932361,4.3504078712996375,255.02849884033202,244.14179901123046,256.6434243323544,252.29301646105478,64.17967184288351,265.3596376001068,255.02849884033202,244.69736008055722,0.08101948454194444,5.173381622511207,64.35063078825955,44070545.0,0.8680105952853544,2986083400,4489536711.572611,0.012481781799657865,0.04173773957868954,0.07155380905144115,3.240020751953125,0.014717836944467218,0.030551520788132835,0.07650557335382424,buy,none,Hold,Uptrend,3.0,Buy,"MACD above signal, trend up",262.82000732421875,
2025-10-27,268.0516662597656,268.80999755859375,269.1199951171875,264.6499938964844,264.8800048828125,44888200,258.5152048286989,253.51649654235393,4.998708286344993,4.27416825567412,0.7245400306708731,4.998708286344993,255.74749908447265,244.88619903564452,258.5152048286989,253.51649654235393,69.0270040790385,267.6881390224288,255.74749908447265,243.80685914651647,0.09337835154362314,5.253853491829603,79.15786606359471,44308570.0,1.0130816679482095,3030971600,4528198858.503445,0.02279122619072771,0.02505341507352421,0.08539931189430172,5.989990234375,0.015391618367650359,0.051075762308066874,0.09769353527132418,buy,none,Hold,Uptrend,3.0,Buy,"MACD above signal, trend up",268.80999755859375,
2025-10-28,268.2411193847656,269.0,269.8900146484375,268.1499938964844,268.989990234375,41534800,260.1282502396683,254.66342272440178,5.464827515266535,4.512300107592603,0.9525274076739318,5.464827515266535,256.465998840332,245.64839904785157,260.1282502396683,254.66342272440178,69.16952257404574,269.70948448333013,256.465998840332,243.2225131973339,0.10327673612004298,5.002865438981283,91.58346722040123,44500095.0,0.9333642995593605,3072506400,4527243842.93265,0.0007068280314419528,0.02370898978879965,0.08568428527043759,0.19000244140625,0.01539219224317305,0.048871979975292135,0.09506107527124419,buy,none,Hold,Uptrend,3.0,Buy,"MACD above signal, trend up",269.0,
2025-10-29,268.93914794921875,269.70001220703125,271.4100036621094,267.1099853515625,269.2799987792969,51086700,261.600829003878,255.77724416755953,5.823584836318474,4.7745570533377775,1.0490277829806969,5.823584836318474,257.17849960327146,246.4311993408203,261.600829003878,255.77724416755953,69.72228963760114,271.6069663484454,257.17849960327146,242.75003285809754,0.11220585521287008,4.952662072664539,99.42633394317755,44618735.0,1.1449607435083042,3123593100,4537699171.54808,0.0026022758625696696,0.04352872690517873,0.08165563555054334,0.70001220703125,0.015392053497982299,0.0486880226110491,0.09442316122492911,buy,none,Hold,Uptrend,3.0,Buy,"MACD above signal, trend up",269.70001220703125,
2025-10-30,270.63433837890625,271.3999938964844,274.1400146484375,268.4800109863281,271.989990234375,69886500,263.10839283350975,256.9344848882206,6.173907945289159,5.054427231728054,1.1194807135611047,6.173907945289159,257.8919990539551,247.33899932861328,263.10839283350975,256.9344848882206,71.07843729053778,273.5953119652768,257.8919990539551,242.1886861426334,0.12178208683423565,5.0031864719106,100.0,45981550.0,1.5198813437128587,3193479600,4539921241.730377,0.006303231785351748,0.04553512572483376,0.09678721860421646,1.699981689453125,0.015388671757400108,0.05237849523087834,0.09727942068652018,buy,none,Hold,Uptrend,2.0,Buy,"MACD above signal, RSI overbought, trend up, volume spike",271.3999938964844,
2025-10-31,269.6072692871094,270.3699951171875,277.32000732421875,269.1600036621094,276.989990234375,86167100,264.22556241561404,257.9297078681441,6.295854547469958,5.302712694876435,0.9931418525935225,6.295854547469958,258.50949935913087,248.24839935302734,264.22556241561404,257.9297078681441,69.0601245868911,275.12893408923424,258.50949935913087,241.89006462902753,0.12857890925714124,5.228673414067655,96.82135790375989,47832125.0,1.801448294425556,3107312500,4479308408.376848,-0.0037951319176879883,0.02872683807384191,0.07166357093897657,-1.029998779296875,0.015458056705862686,0.04588030918577424,0.08911072869679071,buy,none,Hold,Uptrend,2.0,Buy,"MACD above signal, trend up, volume spike",270.3699951171875,
2025-11-03,268.29095458984375,269.04998779296875,270.8500061035156,266.25,270.4200134277344,50194600,264.9677817044378,258.75343230702,6.214349397417834,5.485040035384715,0.7293093620331188,6.214349397417834,259.127498626709,249.07419921875,264.9677817044378,258.75343230702,66.45572684881822,276.3390117457613,259.127498626709,241.91598550765667,0.13284204270305316,5.183768606171081,89.54104797842989,48108650.0,1.0433591464320866,3057117900,4490219930.460267,-0.0048822256465500535,0.0008927876066910923,0.02596857005869846,-1.32000732421875,0.015451119665759705,0.03829191891576822,0.08020015174945905,buy,none,Hold,Uptrend,3.0,Buy,"MACD above signal, trend up",269.04998779296875,
2025-11-04,269.2781982421875,270.0400085449219,271.489990234375,267.6199951171875,268.3299865722656,49274800,265.7481242952815,259.58947499130903,6.1586493039724814,5.619761889102269,0.5388874148702127,6.1586493039724814,259.80549850463865,249.93179931640626,265.7481242952815,259.58947499130903,67.44728858788993,277.60471716421034,259.80549850463865,242.00627984506696,0.1370195685774056,5.0899276426722535,83.82234933322495,48974600.0,1.0061297080527458,3106392700,4502570881.41759,0.003679690752169673,0.0038662027692262235,0.027666856320002875,0.990020751953125,0.015433506513277458,0.03939296935280412,0.08045478519945837,buy,none,Hold,Uptrend,3.0,Buy,"MACD above signal, trend up",270.0400085449219,
2025-11-05,269.3779296875,270.1400146484375,271.70001220703125,266.92999267578125,268.6099853515625,43683100,266.4237997342286,260.37099644739266,6.052803286835967,5.706370168649009,0.3464331181869582,6.052803286835967,260.40949935913085,250.7483996582031,266.4237997342286,260.37099644739266,67.5516310637834,278.74263893851264,260.40949935913085,242.07635977974905,0.14080238719785373,5.067077063284949,78.93339582765529,49333910.0,0.8854578929584134,3150075800,4517681549.41585,0.00037033809935982376,0.0016314513218060878,0.04523119322603075,0.100006103515625,0.015419326361312283,0.03736620712091332,0.07733495015987035,buy,none,Hold,Uptrend,3.0,Buy,"MACD above signal, trend up",270.1400146484375,
2025-11-06,269.0089416503906,269.7699890136719,273.3999938964844,267.8900146484375,267.8900146484375,51204000,266.9385980849122,261.0672181189689,5.871379965943277,5.739372128107863,0.13200783783541326,5.871379965943277,261.1959991455078,251.53399932861328,266.9385980849122,261.0672181189689,66.69973218049681,279.7173195890662,261.1959991455078,242.6746787019494,0.14181932728028118,5.0987129336250865,73.01600470105804,49978010.0,1.0245305885528455,3098871800,4501418591.138133,-0.001369754996301431,-0.006005913483676073,0.03925573221558598,-0.370025634765625,0.014864646047689736,0.03282588514454088,0.07249910443015084,buy,none,Hold,Uptrend,1.0,Hold,"MACD above signal, trend up",,
2025-11-07,267.7126159667969,268.4700012207031,272.2900085449219,266.7699890136719,269.79998779296875,48227400,267.1741985673416,261.6155724228011,5.558626144540483,5.703222931394388,-0.14459678685390465,5.558626144540483,262.3559989929199,252.25219940185548,267.1741985673416,261.6155724228011,63.66216589052932,279.6045256281928,262.3559989929199,245.10747235764705,0.1314894776676202,5.128806262026866,56.38158058564985,49289425.0,0.9784532889154215,3050644400,4482896581.943087,-0.004818874767062664,-0.007027384439093787,0.02149757909988348,-1.29998779296875,0.012140819581301414,0.023304221177531392,0.06429201353765612,sell,bearish,Sell,Uptrend,-3.0,Sell,"bearish MACD crossover, trend up",,268.4700012207031
2025-11-10,268.93035888671875,269.42999267578125,273.7300109863281,267.4599914550781,268.9599914550781,41312400,267.5212438147939,262.1944183674663,5.326825447327565,5.627943434581024,-0.30111798725345906,5.326825447327565,263.4444984436035,252.99799926757814,267.5212438147939,262.1944183674663,64.93222141150903,279.5561764581231,263.4444984436035,247.33282042908385,0.12231553977938704,5.2103214955428045,45.924083098633,49447900.0,0.835473296135933,3091956800,4467544381.27725,0.003575786682732396,0.0014123950940481134,0.002306443669574998,0.959991455078125,0.012081415262333133,0.022720133719015934,0.06494910416593513,sell,none,Hold,Uptrend,1.0,Hold,"MACD below signal, trend up",,
2025-11-11,274.73956298828125,275.25,275.9100036621094,269.79998779296875,269.80999755859375,46208300,268.7102832279025,263.1614984883947,5.5487847395077665,5.612111695566373,-0.0633269560586065,5.5487847395077665,264.8184982299805,253.90859924316408,268.7102832279025,263.1614984883947,71.44769135380184,280.00963665628285,264.8184982299805,249.62735980367813,0.11472868041952024,5.30101360202747,59.12178415056027,49984415.0,0.9244541523592904,3138165100,4503769843.957995,0.021601185771556786,0.01929340575550831,0.02323420074349447,5.82000732421875,0.012640293157820037,0.03939113709858866,0.08405150837919284,sell,none,Hold,Uptrend,-1.0,Hold,"MACD below signal, RSI overbought, trend up",,
2025-11-12,272.9628601074219,273.4700012207031,275.7300109863281,271.70001220703125,275.0,48398000,269.4425475344872,263.92509128338054,5.517456251106637,5.593180606674426,-0.07572435556778867,5.517456251106637,266.0249984741211,254.60859924316406,269.4425475344872,263.92509128338054,67.32755856924973,279.8814414507889,266.0249984741211,252.1685554974533,0.10417399158835629,5.210226828975284,63.83476686758246,50709635.0,0.9544142843859948,3089767100,4497884972.608936,-0.006466843884820661,0.01232689121083852,0.013978453255604206,-1.779998779296875,0.01290893772062377,0.027986102017800718,0.07407998800356874,sell,none,Hold,Uptrend,1.0,Hold,"MACD below signal, trend up",,
2025-11-13,272.44384765625,272.95001220703125,276.70001220703125,272.0899963378906,274.1099853515625,49602800,269.98215748410934,264.5936039443917,5.388553539717634,5.5522551932830675,-0.16370165356543342,5.388553539717634,267.29999923706055,255.27199951171875,269.98215748410934,264.5936039443917,66.12787495779169,278.5286915423373,267.29999923706055,256.0713069317838,0.08401565534849369,5.167354617558523,59.583335232822634,51200925.0,0.968787184997146,3040164300,4466789351.917957,-0.0019014480979659965,0.01178790570806676,0.0057111950825543545,-0.519989013671875,0.012684958730830961,0.0211373474975578,0.06925167166444735,sell,none,Hold,Uptrend,1.0,Hold,"MACD below signal, trend up",,
2025-11-14,271.9048156738281,272.4100036621094,275.9599914550781,269.6000061035156,271.04998779296875,47431300,270.3556722807247,265.1725965160745,5.183075764650198,5.478419307556494,-0.29534354290629583,5.183075764650198,268.3059997558594,255.9263995361328,270.3556722807247,265.1725965160745,64.83582283465833,277.3722975684571,268.3059997558594,259.23970194326165,0.06758177469640972,5.2525425271302355,31.27495472023176,51115140.0,0.9279305505179092,2992733000,4461270675.873352,-0.0019784155368063328,0.014675764232471078,0.007545247556178136,-0.540008544921875,0.012291231653821701,0.01529598260935039,0.06440759591762757,sell,none,Hold,Uptrend,1.0,Hold,"MACD below signal, trend up",,
2025-11-17,266.9639892578125,267.4599914550781,270.489990234375,265.7300109863281,268.82000732421875,45018300,269.91018292293296,265.34203317822295,4.568149744710013,5.296365394987197,-0.7282156502771846,4.568149744710013,268.5669998168945,256.51799926757815,269.91018292293296,265.34203317822295,54.352371437973964,277.2104437835853,268.5669998168945,259.92355585020374,0.06436713350920817,5.354503252033879,15.581761430489355,48841905.0,0.9217146628494527,2947714700,4448975535.230942,-0.018171183658773127,-0.0073117369047837055,-0.005909668872068896,-4.95001220703125,0.010079375995812228,-0.0041219076154968,0.04265584566674474,sell,none,Hold,Uptrend,-1.0,Hold,"MACD below signal, trend up",,
2025-11-18,266.9440612792969,267.44000244140625,270.7099914550781,265.32000732421875,269.989990234375,45677300,269.53015515654425,265.49743830882915,4.032716847715108,5.04363568553278,-1.0109188378176723,4.032716847715108,268.8005004882813,257.17979919433594,269.53015515654425,265.49743830882915,54.31417945038813,277.048166286403,268.8005004882813,260.55283469015956,0.061366446737559435,5.357037600521415,5.0249528207424765,48790975.0,0.9361833822751031,2902037400,4439229937.668392,-7.473646268785217e-05,-0.028374196398160745,-0.00962822552674858,-0.019989013671875,0.010079469295353976,-0.005061367238541781,0.039895058940135675,sell,none,Hold,Uptrend,-1.0,Hold,"MACD below signal, trend up",,
2025-11-19,268.06195068359375,268.55999755859375,272.2099914550781,265.5,265.5299987792969,40424500,269.38090014147497,265.72429454955244,3.6566055919225278,4.76622966681073,-1.1096240748882025,3.6566055919225278,269.3059997558594,258.0151992797852,269.38090014147497,265.72429454955244,56.17245599471072,276.0578083934911,269.3059997558594,262.55419111822766,0.05014228159604758,5.45367716156118,3.6152863363101924,48561435.0,0.8324403922577659,2942461900,4435675490.97189,0.004187836924032684,-0.01795445072655988,-0.005848882076577966,1.1199951171875,0.009227999964686753,-0.0027700912639967434,0.040868903491898756,sell,none,Hold,Uptrend,-1.0,Hold,"MACD below signal, trend up",,
2025-11-20,265.7562561035156,266.25,275.42999267578125,265.9200134277344,270.8299865722656,45823600,268.89922319663265,265.76323569403,3.1359875026026316,4.440181233969111,-1.304193731366479,3.1359875026026316,269.6395004272461,258.7395993041992,268.89922319663265,265.76323569403,51.5180092720868,274.93957490785596,269.6395004272461,264.33942594663625,0.039312300105969915,5.743413024881588,3.6152863363101924,49214870.0,0.9310925742565205,2896638300,4393031955.259829,-0.008601420835542606,-0.02454666388492166,-0.013048111936177942,-2.30999755859375,0.0095014987499177,-0.012570489197151757,0.029026869934086985,sell,none,Hold,Uptrend,-1.0,Hold,"MACD below signal, trend up",,
2025-11-21,270.98651123046875,271.489990234375,273.3299865722656,265.6700134277344,265.95001220703125,59030800,269.2978027409007,266.1874397340556,3.110363006845091,4.174217588544307,-1.063854581699216,3.110363006845091,270.07299957275393,259.48799896240234,269.2978027409007,266.1874397340556,59.67957358643515,274.39999260859287,270.07299957275393,265.746006536915,0.03204313680141362,5.8803101762851355,17.26588762017173,50253725.0,1.1746552121260663,2955669100,4423703267.890007,0.019680714495305063,-0.0033773114620105904,0.011248888143704505,5.239990234375,0.010066477462052498,0.005246695018986447,0.04625258709444835,sell,none,Hold,Uptrend,-1.0,Hold,"MACD below signal, trend up",,
2025-11-24,275.4083251953125,275.9200134277344,277.0,270.8999938964844,270.8999938964844,65585800,270.31660438502894,266.90837111877255,3.4082332662563886,4.021020724086723,-0.6127874578303345,3.4082332662563886,270.4285003662109,260.2723992919922,270.31660438502894,266.90837111877255,65.03813016327479,275.402012692738,270.4285003662109,265.4549880396838,0.03678245687708234,5.8960027425158845,36.26364119714804,51288605.0,1.2787596777100878,3021254900,4466065555.608445,0.0163174457722548,0.0316309812418325,0.024087966924168258,4.430023193359375,0.009435980077240093,0.02030670973690607,0.06012014404257893,sell,none,Hold,Uptrend,1.0,Hold,"MACD below signal, trend up",,
2025-11-25,276.4563903808594,276.9700012207031,280.3800048828125,275.25,275.2699890136719,46914200,271.3402038982096,267.6536770522489,3.6865268459607137,3.9541219484615215,-0.26759510250080787,3.6865268459607137,270.8270004272461,261.0487994384766,271.3402038982096,267.6536770522489,66.18520664411267,276.5059738991113,270.8270004272461,265.1480269553809,0.04193801550736295,5.841288609679928,60.795220630423984,51557575.0,0.9099380643872409,3068169100,4450610382.689944,0.003805406428931457,0.03563415604359643,0.006248869103371968,1.04998779296875,0.009450320863559986,0.022682379466471447,0.060989369866758736,sell,none,Hold,Uptrend,1.0,Hold,"MACD below signal, trend up",,
2025-11-26,277.0352783203125,277.54998779296875,279.5299987792969,276.6300048828125,276.9599914550781,33431400,272.2955552666341,268.386737107117,3.908818159517068,3.9450611906726314,-0.036243031155563266,3.908818159517068,271.219499206543,261.81999908447267,272.2955552666341,268.386737107117,66.8325404737569,277.5771882411989,271.219499206543,264.8618101718871,0.04688224152950221,5.631196130165961,72.75889514363394,50674810.0,0.6597242298491104,3101600500,4438390280.203282,0.0020940411225383038,0.033474792657508745,0.014919320415597959,0.579986572265625,0.009447892909478152,0.023340831337516965,0.06007940097586295,sell,none,Hold,Uptrend,1.0,Hold,"MACD below signal, trend up",,
2025-11-28,278.3328857421875,278.8500061035156,279.0,275.989990234375,277.260009765625,20135600,273.303932318462,269.1617940698132,4.142138248648791,3.984476602267864,0.1576616463809275,4.142138248648791,271.59199981689454,262.6393991088867,273.303932318462,269.1617940698132,68.29751826449917,278.76860029879856,271.59199981689454,264.4153993349905,0.052848393816772456,5.443968532698749,78.21037548312682,48187265.0,0.417861441191983,3121736100,4456519097.941947,0.004683906927485104,0.04732396658597415,0.021615657199565375,1.300018310546875,0.009411230942613853,0.026723932558817554,0.0617219162457352,buy,bullish,Buy,Uptrend,5.0,Strong Buy,"bullish MACD crossover, trend up",278.8500061035156,
2025-12-01,282.57501220703125,283.1000061035156,283.4200134277344,276.1400146484375,278.010009765625,46587700,274.81102059308563,270.1942542204578,4.616766372627808,4.110934556339853,0.5058318162879551,4.616766372627808,272.22850036621094,263.391399230957,274.81102059308563,270.1942542204578,72.56394797265537,280.9503834955074,272.22850036621094,263.50661723691445,0.06407766356251102,5.575113550312901,87.0121293831842,46208295.0,1.008210755233449,3168323800,4499011081.535811,0.015241168753721723,0.04276406603100824,0.03924232699862906,4.25,0.00981257205795618,0.03993522251593773,0.07482631145171514,buy,none,Hold,Uptrend,1.0,Hold,"MACD above signal, RSI overbought, trend up",,
2025-12-02,285.6592712402344,286.19000244140625,287.3999938964844,282.6300048828125,283.0,53669500,276.56163318513495,271.3791244590466,5.182508726088372,4.325249390289557,0.8572593357988154,5.182508726088372,273.0855010986328,263.99359954833983,276.56163318513495,271.3791244590466,75.17934861792759,283.5782397260411,273.0855010986328,262.5927624712245,0.07684581264985242,5.517604654838542,94.73118691944605,46382040.0,1.1571181431433373,3221993300,4525452159.746082,0.010914857899228636,0.03722089197549883,0.07002920655321243,3.089996337890625,0.00983565587646369,0.047986807392020436,0.08407932211630009,buy,none,Hold,Uptrend,1.0,Hold,"MACD above signal, RSI overbought, trend up",,
2025-12-03,283.623046875,284.1499938964844,288.6199951171875,283.29998779296875,286.20001220703125,43538700,277.7290732945733,272.3251147877457,5.403958506827621,4.540991213597169,0.8629672932304517,5.403958506827621,273.79100036621094,264.5879995727539,277.7290732945733,272.3251147877457,70.40742199800175,285.22499539125334,273.79100036621094,262.35700534116853,0.08352352714113168,5.503490559794272,93.27746336167758,46095235.0,0.9445379766476947,3178454600,4495826282.974976,-0.00712816145749029,0.025923358645833616,0.06248127169658968,-2.040008544921875,0.010097766943692105,0.037835405533482414,0.07393379274690615,buy,none,Hold,Uptrend,1.0,Hold,"MACD above signal, RSI overbought, trend up",,
2025-12-04,280.179443359375,280.70001220703125,284.7300109863281,278.5899963378906,284.1000061035156,43989100,278.18614081956684,272.9454775595446,5.240663260022245,4.680925622882185,0.55973763714006,5.240663260022245,274.3190002441406,265.15579986572266,278.18614081956684,272.9454775595446,63.11160533053269,286.00240969212973,274.3190002441406,262.6355907961515,0.08518119005676611,5.548956566125931,76.27681501712226,46110535.0,0.9539924010857822,3134465500,4482070889.043685,-0.012141410394363561,0.011349394893190201,0.0452041061915367,-3.449981689453125,0.010617254849119368,0.023261283240357367,0.05862293922735362,buy,none,Hold,Uptrend,3.0,Buy,"MACD above signal, trend up",280.70001220703125,
2025-12-05,278.26300048828125,278.7799987792969,281.1400146484375,278.04998779296875,280.5400085449219,47265800,278.2775035826022,273.3776643165633,4.899839266038896,4.724708351513527,0.17513091452536855,4.899839266038896,274.7695007324219,265.5939999389648,278.2775035826022,273.3776643165633,59.42124017866729,286.4113070579344,274.7695007324219,263.12769440690937,0.08473870858650806,5.373318729650417,54.07729902053481,45913625.0,1.0294504082393843,3087199700,4457137939.139483,-0.00684009028940924,-0.00025105728056806775,0.047061028279049344,-1.920013427734375,0.010777146424160628,0.014595863209652782,0.04964720153076607,buy,none,Hold,Uptrend,1.0,Hold,"MACD above signal, trend up",,
2025-12-08,277.3746643066406,277.8900146484375,279.6700134277344,276.1499938964844,278.1300048828125,38211800,278.217889900423,273.7119124892947,4.505977411128299,4.680962163436481,-0.17498475230818222,4.505977411128299,275.2405014038086,266.04260009765625,278.217889900423,273.7119124892947,57.73597103911983,286.58312326082813,275.2405014038086,263.89787954678906,0.08241971511582623,5.240940215478958,36.22616673864039,45412845.0,0.8414315377070077,3048987900,4456703955.074426,-0.00319242461710445,-0.018403360447731942,0.02357370306189721,-0.889984130859375,0.010731414608195971,0.009626175040067242,0.044532020610354994,sell,bearish,Sell,Uptrend,-3.0,Sell,"bearish MACD crossover, trend up",,277.8900146484375
2025-12-09,276.66595458984375,277.17999267578125,280.0299987792969,276.9200134277344,278.1600036621094,32193300,278.05821340432425,273.96880731792334,4.089406086400913,4.562650948029368,-0.473244861628455,4.089406086400913,275.6280014038086,266.49760009765623,278.05821340432425,273.96880731792334,56.36258487465474,286.6758232947721,275.6280014038086,264.58017951284506,0.08016472807331296,5.0887291537706405,26.71836393673307,44956890.0,0.7160926834574188,3016794600,4429893053.368966,-0.002555046727945598,-0.03148261535610308,0.004566465594119995,-0.71002197265625,0.010764938617716593,0.005630746020245381,0.04008438565379402,sell,none,Hold,Uptrend,-1.0,Hold,"MACD below signal, trend up",,
2025-12-10,278.26300048828125,278.7799987792969,279.75,276.44000244140625,277.75,33038300,278.1692573081662,274.3251918706177,3.8440654375485224,4.4189338459332,-0.5748684083846776,3.8440654375485224,275.80450134277345,266.98059997558596,278.1692573081662,274.3251918706177,58.74416972588619,286.93500897267944,275.80450134277345,264.67399371286746,0.08071302372308167,4.961676896972292,25.7645288742783,44298390.0,0.7458126582027022,3049832900,4443567477.255673,0.00577244442526248,-0.018898452340434635,0.006534994947526629,1.600006103515625,0.00974039991797929,0.010788429565279145,0.04419571611117035,sell,none,Hold,Uptrend,-1.0,Hold,"MACD below signal, trend up",,
2025-12-11,277.514404296875,278.0299987792969,279.5899963378906,273.80999755859375,279.1000061035156,33248000,278.14783291910936,274.5996220120013,3.548210907108057,4.244789258168171,-0.696578351060114,3.548210907108057,276.0325012207031,267.43220001220703,278.14783291910936,274.5996220120013,57.16912498629159,287.1491938010553,276.0325012207031,264.915808640351,0.08054625836588529,5.020128459995476,18.433626109801136,43540890.0,0.7636040512722638,3016584900,4458868484.251487,-0.0026902934331158868,-0.009511981872537656,0.0017294577821642676,-0.75,0.009630497582922243,0.00723645784376914,0.0396279833415949,sell,none,Hold,Uptrend,-1.0,Hold,"MACD below signal, trend up",,
2025-12-12,277.7639465332031,278.2799987792969,279.2200012207031,276.82000732421875,277.8999938964844,39532900,278.16816612836897,274.87224251328246,3.295923615086508,4.055016129551839,-0.7590925144653307,3.295923615086508,276.2990005493164,267.8551998901367,278.16816612836897,274.87224251328246,57.57743355288218,287.3627552333623,276.2990005493164,265.23524586527054,0.08008537607483031,4.832975991173255,13.760811966798595,43037395.0,0.9185709311634684,3056117800,4467433786.733589,0.0008991835452922814,-0.0017935289554106282,-0.002044135957476545,0.25,0.009608396671735431,0.007169762561724857,0.03891953149849625,sell,none,Hold,Uptrend,-1.0,Hold,"MACD below signal, trend up",,
2025-12-15,273.6016540527344,274.1099853515625,280.1499938964844,272.8399963378906,280.1499938964844,50409100,277.5438306242449,274.8157790198217,2.7280516044231717,3.7896232245261054,-1.0615716201029337,2.7280516044231717,276.3839996337891,268.1769998168945,277.5438306242449,274.8157790198217,49.159241221224605,287.3526488888597,276.3839996337891,265.4153503787185,0.07937253436960277,5.009906103131862,3.5808296925074776,43186285.0,1.1672478889999451,3005708700,4434540151.732295,-0.014984955605960026,-0.013602609297268753,-0.03175563602307352,-4.170013427734375,0.010240746539244156,-0.00822773490954487,0.022123394395190177,sell,none,Hold,Uptrend,-1.0,Hold,"MACD below signal, trend up",,
2025-12-16,274.1007385253906,274.6099853515625,275.5,271.7900085449219,272.82000732421875,37648600,277.09246981306296,274.8005350443951,2.291934768667886,3.490085533354462,-1.1981507646865759,2.291934768667886,276.74149932861326,268.5353994750977,277.09246981306296,274.8005350443951,50.10128936706822,286.9641155932264,276.74149932861326,266.51888306400014,0.07387844822271779,4.917055056842309,3.35888876842185,42817800.0,0.8792745073310633,3043357300,4454125203.123686,0.0018240853187405648,-0.009271979912435113,-0.04046268909136552,0.5,0.009265949508093469,-0.007702184104017351,0.02262117355230897,sell,none,Hold,Uptrend,-1.0,Hold,"MACD below signal, trend up",,
2025-12-17,271.33587646484375,271.8399963378906,276.1600036621094,271.6400146484375,275.010009765625,50138700,276.2843969707287,274.5812358809503,1.7031610897784049,3.1327006446392507,-1.4295395548608458,1.7031610897784049,276.9614990234375,268.8425991821289,276.2843969707287,274.5812358809503,45.11399411401544,286.5432348409035,276.9614990234375,267.3797632059715,0.06919182522661853,4.888693196615849,1.206820724553693,43040870.0,1.1649090736316436,2993218600,4408423160.780443,-0.010086993049891024,-0.024894190658564685,-0.04332218132328469,-2.769989013671875,0.009611599542893569,-0.018491749588319117,0.011149264160071448,sell,none,Hold,Uptrend,-1.0,Hold,"MACD below signal, trend up",,
2025-12-18,271.68524169921875,272.19000244140625,273.6300048828125,266.95001220703125,273.6099853515625,51630700,275.6544901200637,274.4041074780211,1.2503826420426094,2.7562370441199224,-1.505854402077313,1.2503826420426094,277.14299926757815,269.12519927978514,275.6544901200637,274.4041074780211,45.84752222900679,286.20469240268983,277.14299926757815,268.08130613246647,0.06539362826453883,5.016643159413377,2.0200802909159252,43601180.0,1.184158318651009,3044849300,4437793856.118741,0.001287544541755281,-0.02100491444639563,-0.030317097953485028,0.350006103515625,0.009580577573651654,-0.017871628867629608,0.011388020036113167,sell,none,Hold,Uptrend,-1.0,Hold,"MACD below signal, trend up",,
2025-12-19,273.1625061035156,273.6700134277344,274.6000061035156,269.8999938964844,272.1499938964844,144632000,275.3491860135515,274.34973014096283,0.9994558725886691,2.4048808098136716,-1.4054249372250025,0.9994558725886691,277.51399993896484,269.5177996826172,275.3491860135515,274.34973014096283,48.954152434545755,285.27573660045454,277.51399993896484,269.75226327747515,0.05593762234119196,4.994026662814654,5.070827104252213,48541600.0,2.979547439721806,3189481300,4525189110.868433,0.005437418615868328,-0.016565996017624873,-0.01832981337950268,1.480010986328125,0.009374132807704917,-0.013851504832462114,0.015406083568531681,sell,none,Hold,Uptrend,0.0,Hold,"MACD below signal, trend up, volume spike",,
2025-12-22,270.4674987792969,270.9700012207031,273.8800048828125,270.510009765625,272.8599853515625,36571800,274.6754652761902,274.0993798505732,0.5760854256170092,2.039121732974339,-1.46303630735733,0.5760854256170092,277.4880004882813,270.031799621582,274.6754652761902,274.0993798505732,43.99548677497445,285.3333110224344,277.4880004882813,269.6426899541282,0.05654522372389518,4.878024409555572,5.0708271042522135,47418650.0,0.7712535046864472,3152909500,4498601132.750565,-0.009865941003960987,-0.011455197908358472,-0.02490198662405696,-2.70001220703125,0.008644136373728942,-0.023489301361171555,0.003474411533885613,sell,none,Hold,Uptrend,-1.0,Hold,"MACD below signal, trend up",,
2025-12-23,271.85491943359375,272.3599853515625,272.5,269.55999755859375,270.8399963378906,29642000,274.3192375954782,273.97053581360944,0.3487017818687832,1.7010377427532282,-1.352335960884445,0.3487017818687832,277.3099990844727,270.5257992553711,274.3192375954782,273.97053581360944,46.97330801721437,285.4457074459085,277.3099990844727,269.17429072303685,0.058675910629227446,4.739594268973477,9.450081268445535,45621460.0,0.6497380837877613,3182551500,4525419792.095787,0.005129660569795913,-0.008193438403630848,-0.017389448919773676,1.389984130859375,0.007854417322194997,-0.017850109081001153,0.006780078281775737,sell,none,Hold,Uptrend,-1.0,Hold,"MACD below signal, trend up",,
2025-12-24,273.3022155761719,273.80999755859375,275.42999267578125,272.20001220703125,272.3399963378906,17910600,274.24089297441907,273.9586440910157,0.2822488834033834,1.4172799708832593,-1.135031087479876,0.2822488834033834,277.15199890136716,271.0465991210938,274.24089297441907,273.9586440910157,49.962265484414594,285.42948503772817,277.15199890136716,268.87451276500616,0.05973246571681265,4.6317647118146565,18.086057302981075,44171280.0,0.4054806652648508,3200462100,4525364286.835016,0.005323881205087977,0.007246914535175453,-0.017827682195514116,1.45001220703125,0.007906609836486948,-0.01205836997756149,0.010195289099589111,sell,none,Hold,Uptrend,1.0,Hold,"MACD below signal, trend up",,
2025-12-26,272.8929748535156,273.3999938964844,275.3699951171875,272.8599853515625,274.1600036621094,21521800,274.111523885506,273.9172625951245,0.19426129038151885,1.1726762347829112,-0.9784149444013923,0.19426129038151885,276.94449920654296,271.5277990722656,274.111523885506,273.9172625951245,49.119169585236754,285.3782635810085,276.94449920654296,268.5107348320774,0.060905808915711554,4.480210787086824,29.66603550016549,43575800.0,0.49389339954745526,3178940300,4513102973.436514,-0.0014974020881820538,0.0044453927191487885,-0.016652896820993246,-0.410003662109375,0.00788429794426916,-0.012798612430337974,0.00689503922108714,sell,none,Hold,Uptrend,1.0,Hold,"MACD below signal, trend up",,
2025-12-29,273.2523498535156,273.760009765625,274.3599853515625,272.3500061035156,272.69000244140625,23715200,274.0574447901397,273.90561423738376,0.15183055275593915,0.9685070983775168,-0.8166765456215777,0.15183055275593915,276.68999938964845,272.05399932861326,274.0574447901397,273.90561423738376,49.918326893326224,285.1853689631154,276.68999938964845,268.1946298161815,0.06140713139041485,4.303765677155399,37.859666458065284,43754780.0,0.5420024966415098,3202655500,4522660275.010994,0.0013168100847762432,0.00032884983182279726,-0.016242593910806624,0.360015869140625,0.007798236502608574,-0.010589430881082551,0.006270852261763826,sell,none,Hold,Uptrend,1.0,Hold,"MACD below signal, trend up",,
2025-12-30,272.5735778808594,273.0799865722656,274.0799865722656,272.2799987792969,272.80999755859375,22139600,273.9070666027744,273.8444566325602,0.06260997021422554,0.7873276727448586,-0.7247177025306331,0.06260997021422554,276.1889984130859,272.46979919433596,273.9070666027744,273.8444566325602,48.37283617794817,284.2856704188974,276.1889984130859,268.09232640727447,0.05863138685706486,4.124924399713495,34.85932129877473,42532375.0,0.5205352393323909,3180515900,4520200152.627894,-0.0024840121606569676,0.00778678577723424,-0.0037576113032724567,-0.680023193359375,0.006813266128351796,-0.011256827240346046,0.002239467932717343,sell,none,Hold,Uptrend,1.0,Hold,"MACD below signal, trend up",,
2025-12-31,271.3558349609375,271.8599853515625,273.67999267578125,271.75,273.05999755859375,27293600,273.5921310256649,273.6974587598937,-0.10532773422880837,0.6087965913501252,-0.7141243255789336,-0.10532773422880837,275.4724975585938,272.6621990966797,273.5921310256649,273.6974587598937,45.642613278108875,282.34611801467145,275.4724975585938,268.5988771025161,0.049904222867951716,3.9681435622897636,27.321783973207793,41213580.0,0.662247734848562,3153222300,4496017337.688456,-0.004467559984957958,-0.001835805650211797,-0.01001420249332663,-1.220001220703125,0.006139964702497488,-0.013113876118478474,-0.002942152406071985,sell,none,Hold,Downtrend,-3.0,Sell,"MACD below signal, trend down",,271.8599853515625
2026-01-02,270.5074157714844,271.010009765625,277.8399963378906,269.0,272.260009765625,37838100,273.1948816010434,273.49838846402196,-0.30350686297856555,0.4263359004843871,-0.7298427634629526,-0.30350686297856555,274.8154983520508,272.8269995117187,273.1948816010434,273.49838846402196,43.78829016961091,280.68431742118844,274.8154983520508,268.9466792829131,0.04271097594080696,4.316133046261254,13.935639284752446,40928550.0,0.9244915835034468,3115384200,4475386247.1951685,-0.0031265196488491354,-0.010226024681109669,-0.003053217272832698,-0.8499755859375,0.0060473291878324065,-0.013847430764442503,-0.00665986045862621,sell,none,Hold,Downtrend,-3.0,Sell,"MACD below signal, trend down",,271.010009765625
2026-01-05,266.7643737792969,267.260009765625,271.510009765625,266.1400146484375,270.6400146484375,45647200,272.2818243955944,273.0362863382148,-0.7544619426203667,0.19017633186343633,-0.944638274483803,-0.7544619426203667,274.1434982299805,273.0031994628906,272.2818243955944,273.0362863382148,36.70343305624174,280.2367963109915,274.1434982299805,268.05020014896945,0.0444533473918052,4.391408908470272,4.042440871617481,41011455.0,1.1130353702398512,3069737000,4448779899.187621,-0.013837127282653072,-0.022457879546201154,-0.01811232092127457,-3.75,0.006201791414370398,-0.02510907064657386,-0.021037078351333727,sell,none,Hold,Downtrend,-3.0,Sell,"MACD below signal, trend down",,267.260009765625
2026-01-06,261.8734436035156,262.3599853515625,267.54998779296875,262.1199951171875,267.0,52352100,270.7553876195895,272.2454492280924,-1.4900616085029128,-0.1458712562098335,-1.3441903522930794,-1.4900616085029128,273.32249755859374,273.05879943847657,270.7553876195895,272.2454492280924,29.89658123761859,280.9318944319857,273.32249755859374,265.71310068520177,0.055680721062931905,4.465593463278198,0.0,41265770.0,1.2686568068401487,3017384900,4401055427.068249,-0.01833429707033085,-0.041642402131057965,-0.04132724639617269,-4.9000244140625,0.007099411135960989,-0.040108341995086394,-0.03918135620941465,sell,none,Hold,Downtrend,-1.0,Hold,"MACD below signal, RSI oversold, trend down",,
2026-01-07,259.8471984863281,260.3299865722656,263.67999267578125,259.80999755859375,263.20001220703125,48309800,269.15147976615503,271.3628223646979,-2.211342598542842,-0.5589655246764352,-1.6523770738664068,-2.211342598542842,272.44449615478516,273.0089990234375,269.15147976615503,271.3628223646979,27.611936432794977,281.6318788500469,272.44449615478516,263.2571134595234,0.06744406897500392,4.42305072427172,0.0,41770670.0,1.1565483627626754,2969075100,4365727847.712983,-0.007737455757884204,-0.046689617060699296,-0.03926639332953796,-2.029998779296875,0.00717798145708691,-0.04446597289907028,-0.046441738171727476,sell,none,Hold,Downtrend,-3.0,Sell,"MACD below signal, RSI oversold, trend down",,260.3299865722656
2026-01-08,258.55963134765625,259.0400085449219,259.2900085449219,255.6999969482422,257.0199890136719,50419300,267.59586880904226,270.45002134101077,-2.8541525319685093,-1.0180029261348502,-1.836149605833659,-2.8541525319685093,271.53749694824216,272.81359924316405,267.59586880904226,270.45002134101077,26.23970510279628,282.1473264804749,271.53749694824216,260.92766741600946,0.07814633081231541,4.437832074253985,0.0,42681970.0,1.1812786523208747,2918655800,4409124983.766962,-0.004955164959399183,-0.04715654196060581,-0.048905777364641856,-1.28997802734375,0.007186094624091665,-0.04602490832307571,-0.050487185156651626,sell,none,Hold,Downtrend,-1.0,Hold,"MACD below signal, RSI oversold, trend down",,
2026-01-09,258.8890075683594,259.3699951171875,260.2099914550781,256.2200012207031,259.0799865722656,39997000,266.33034977952616,269.6292786577646,-3.298928878238428,-1.474188116555566,-1.824740761682862,-3.298928878238428,270.5669967651367,272.6209991455078,266.33034977952616,269.6292786577646,27.23590442051595,281.8771627183216,270.5669967651367,259.25683081195183,0.08360344083652278,4.405843371405487,1.399791733683172,43029905.0,0.9295163445050599,2958652800,4432281173.86364,0.00127388264893602,-0.04295049713663357,-0.05273730897395801,0.329986572265625,0.00695199368369871,-0.041383471679174,-0.048605955043278914,sell,none,Hold,Downtrend,-1.0,Hold,"MACD below signal, RSI oversold, trend down",,
2026-01-12,259.76739501953125,260.25,261.29998779296875,256.79998779296875,259.1600036621094,45263800,265.3949113519067,268.93451727570795,-3.5396059238012185,-1.8872716780046965,-1.652334245796522,-3.5396059238012185,269.67799682617186,272.4319989013672,265.3949113519067,268.93451727570795,29.952889887460444,281.29296023379226,269.67799682617186,258.06303341855147,0.08613949632017719,4.412568844876524,6.617307219548639,43630695.0,1.0374301853316799,3003916600,4456422112.768805,0.0033928553779511983,-0.026229175744521105,-0.0480980036212556,0.8800048828125,0.007123858927358648,-0.03496020045064685,-0.04471574172818671,sell,none,Hold,Downtrend,-1.0,Hold,"MACD below signal, RSI oversold, trend down",,
2026-01-13,260.5658874511719,261.04998779296875,261.80999755859375,258.3900146484375,258.7200012207031,45730800,264.72646157360856,268.35047805476427,-3.6240164811557065,-2.234620638634899,-1.3893958425208077,-3.6240164811557065,268.81649627685545,272.22499877929687,264.72646157360856,268.35047805476427,32.42319609117291,280.30685147717725,268.81649627685545,257.32614107653364,0.08548846785420361,4.341669849539361,15.305929483059986,43940590.0,1.0407416013303417,3049647400,4481827750.039699,0.003073920434077726,-0.004993130171273452,-0.046427606367846486,0.79998779296875,0.007207031457355219,-0.0288914876559061,-0.041050642066080556,sell,none,Hold,Downtrend,-3.0,Sell,"MACD below signal, trend down",,261.04998779296875
2026-01-14,259.4779052734375,259.9599914550781,261.82000732421875,256.7099914550781,259.489990234375,40019400,263.99315847845,267.7289605288616,-3.7358020504115643,-2.534856920990232,-1.2009451294213322,-3.7358020504115643,268.10899658203124,272.0167987060547,263.99315847845,267.7289605288616,30.827936430728215,279.9457769538925,268.10899658203124,256.27221621017,0.08829827064933764,4.396551708082308,20.353209305063782,43421105.0,0.9216577975157473,3009628000,4492713495.280226,-0.004175431483854575,-0.001421254316720022,-0.048044513557625845,-1.089996337890625,0.006658476405195843,-0.030394374045034422,-0.04432375981310388,sell,none,Hold,Downtrend,-3.0,Sell,"MACD below signal, trend down",,259.9599914550781
2026-01-15,257.73114013671875,258.2099914550781,261.0400085449219,257.04998779296875,260.6499938964844,39388600,263.1034404748543,267.02385170858133,-3.920411233727009,-2.811967783537588,-1.1084434501894211,-3.920411233727009,267.288996887207,271.79999877929686,263.1034404748543,267.02385170858133,28.411027973571535,279.47773189449987,267.288996887207,255.10026187991414,0.09120266938961481,4.367513782644509,18.192350987259868,43508105.0,0.9053163772589038,2970239400,4476227493.078995,-0.006731805114335909,-0.0032042042250775005,-0.05020964699469299,-1.75,0.006632358733637521,-0.0339670002800756,-0.050000027171647976,sell,none,Hold,Downtrend,-1.0,Hold,"MACD below signal, RSI oversold, trend down",,
2026-01-16,255.05613708496094,255.52999877929688,258.8999938964844,254.92999267578125,257.8999938964844,72142800,261.93829559861473,266.172455195301,-4.234159596686254,-3.096406146167321,-1.1377534505189333,-4.234159596686254,266.47349700927737,271.5097985839844,261.93829559861473,266.172455195301,25.15810411050164,279.48954821441384,266.47349700927737,253.4574458041409,0.09769115016104825,4.339120028220124,9.503728723748523,44608310.0,1.6172502388007974,2898096600,4425891296.109228,-0.010379120733008063,-0.014805090836184198,-0.0571197019612506,-2.67999267578125,0.006648965395412359,-0.04106786735943013,-0.058855333722862224,sell,none,Hold,Downtrend,-2.0,Sell,"MACD below signal, RSI oversold, trend down, volume spike",,255.52999877929688
2026-01-20,246.2425079345703,246.6999969482422,254.7899932861328,243.4199981689453,252.72999572753906,80267500,259.5939419600959,264.730050880704,-5.136108920608137,-3.5043467010554843,-1.631762219552653,-5.136108920608137,265.19899673461913,271.04099822998046,259.5939419600959,264.730050880704,17.8901425507091,280.5150915122038,265.19899673461913,249.88290195703445,0.11550643076460262,4.894182926943799,3.056657168061562,46040150.0,1.7434239462729813,2817829100,4391934687.064533,-0.03455563680678142,-0.052065333532210656,-0.0769288784933182,-8.830001831054688,0.0095923344454151,-0.06975516504268164,-0.089805606682,sell,none,Hold,Downtrend,-2.0,Sell,"MACD below signal, RSI oversold, trend down, volume spike",,246.6999969482422
2026-01-21,247.1907501220703,247.64999389648438,251.55999755859375,245.17999267578125,248.6999969482422,54641700,257.75641148877105,263.4648614744655,-5.708449985694472,-3.9451673579832818,-1.76328262771119,-5.708449985694472,263.89799575805665,270.5985983276367,257.75641148877105,263.4648614744655,20.549504328976667,280.4827544367789,263.89799575805665,247.3132370793344,0.12569067552848914,5.000313066648706,3.1941441711494276,41540635.0,1.3153795073185568,2872470800,4379601752.709803,0.0038508186461043703,-0.05133114163219776,-0.05606796873146158,0.9499969482421875,0.009508889303666002,-0.06156925070574826,-0.08480681190878336,sell,none,Hold,Downtrend,-1.0,Hold,"MACD below signal, RSI oversold, trend down",,
2026-01-22,247.8894500732422,248.35000610351562,251.0,248.14999389648438,249.1999969482422,39708300,256.3092721987318,262.34524255809885,-6.03597035936707,-4.36332795826004,-1.67264240110703,-6.03597035936707,262.7669960021973,270.19619842529295,256.3092721987318,262.34524255809885,22.540297023516317,280.32498343946463,262.7669960021973,245.20900856492997,0.13363921424226738,4.882433997853487,9.179327025711698,41697460.0,0.9522954155960579,2912179100,4345466875.665397,0.002826619116832463,-0.04466066215257869,-0.046018442310426844,0.70001220703125,0.009586017074229897,-0.05486606049475529,-0.08085307065420322,sell,none,Hold,Downtrend,-1.0,Hold,"MACD below signal, RSI oversold, trend down",,
2026-01-23,247.58001708984375,248.0399932861328,249.41000366210938,244.67999267578125,247.32000732421875,41689000,255.03707544294733,261.28559446387914,-6.248519020931809,-4.7403661707943945,-1.5081528501374146,-6.248519020931809,261.5509963989258,269.7683984375,255.03707544294733,261.28559446387914,22.274109014349932,279.6435400447208,261.5509963989258,243.45845275313084,0.1383481148601679,4.87154663988739,16.94682603986447,42299810.0,0.9855599824207248,2870490100,4363006095.578554,-0.0012482899527435087,-0.03938654004686193,-0.04246454175391012,-0.3100128173828125,0.00935904824657194,-0.051657241986513336,-0.08054466452415576,sell,none,Hold,Downtrend,-1.0,Hold,"MACD below signal, RSI oversold, trend down",,
2026-01-26,254.9363555908203,255.41000366210938,256.55999755859375,249.8000030517578,251.47999572753906,55969200,255.0944490151261,260.8503655155999,-5.755916500473802,-4.943476236730276,-0.8124402637435262,-5.755916500473802,260.63099670410156,269.37159851074216,255.0944490151261,260.8503655155999,40.31848364254117,277.9930321346974,260.63099670410156,243.2689612735057,0.13323077953239176,5.132150756499786,47.08601520204838,44202740.0,1.266193000705386,2926459300,4399932606.024287,0.02971299216040002,-0.0004695930722840025,-0.015267731540377083,7.3700103759765625,0.01195286639812966,-0.020032126293556995,-0.05183024092302746,sell,none,Hold,Downtrend,-3.0,Sell,"MACD below signal, trend down",,255.41000366210938
2026-01-27,257.791015625,258.2699890136719,261.95001220703125,258.2099914550781,259.1700134277344,49648300,255.58299363028698,260.6592265154571,-5.0762328851701,-4.97002756641824,-0.10620531875185968,-5.0762328851701,259.87449645996094,269.0675982666016,255.58299363028698,260.6592265154571,45.596639893114926,276.2347078711488,259.87449645996094,243.51428504877308,0.12590855689225747,5.232712027101363,74.43416568081945,45609065.0,1.0885621093087525,2976107600,4351877225.949544,0.01119762464490659,0.04689903611088031,-0.007608111378782367,2.8599853515625,0.012388589555328419,-0.0061741627906771734,-0.040129726962631396,sell,none,Hold,Downtrend,-1.0,Hold,"MACD below signal, trend down",,
2026-01-28,255.96446228027344,256.44000244140625,258.8599853515625,254.50999450683594,257.6499938964844,41288000,255.71484113968995,260.3466913988607,-4.631850259170733,-4.9023921049687385,0.27054184579800555,-4.631850259170733,259.00849609375,268.7373980712891,255.71484113968995,260.3466913988607,42.97753623863374,274.1232023350897,259.00849609375,243.89378985241032,0.11671204975352467,5.169660514074592,96.84898982103553,46487705.0,0.8881488126806862,2934819600,4347226621.496775,-0.007085556394896275,0.03549367559684269,-0.017659396924463944,-1.829986572265625,0.012385196816226737,-0.009916638608696737,-0.04575989690359605,buy,bullish,Buy,Downtrend,3.0,Buy,"bullish MACD crossover, trend down",256.44000244140625,
2026-01-29,257.801025390625,258.2799987792969,259.6499938964844,254.41000366210938,258.0,67253000,256.1094807765526,260.1936030566708,-4.084122280118208,-4.738738139998633,0.6546158598804244,-4.084122280118208,258.26849670410155,268.4547979736328,256.1094807765526,260.1936030566708,46.316519563544546,271.93483202800286,258.26849670410155,244.60216138020024,0.10583044775731079,5.174684065524621,96.84898982103553,48743375.0,1.3797362205633072,3002072600,4379313036.25706,0.007175153331668849,0.039983863224236416,-0.006462504735354813,1.839996337890625,0.012600608891816986,4.4535339548179564e-05,-0.037901349765912196,buy,none,Hold,Downtrend,1.0,Hold,"MACD above signal, trend down",,
2026-01-30,258.9988098144531,259.4800109863281,261.8999938964844,252.17999267578125,255.1699981689453,92443400,256.6280238857488,260.14074438479355,-3.5127204990447467,-4.493534611807855,0.9808141127631087,-3.5127204990447467,257.64949798583984,268.2951983642578,256.6280238857488,260.14074438479355,48.437119910698215,269.83899855694074,257.64949798583984,245.45999741473898,0.09462079814935873,5.4993495766088,96.84898982103553,52000865.0,1.7777281204841497,3094516000,4425725279.865794,0.004646167774132071,0.04612166590005673,0.004918553012194238,1.20001220703125,0.012697987872014878,0.007104663563477498,-0.0328562994480488,buy,none,Hold,Downtrend,2.0,Buy,"MACD above signal, trend down, volume spike",259.4800109863281,
2026-02-02,269.5093078613281,270.010009765625,270.489990234375,259.2099914550781,260.0299987792969,73913400,258.6867909441913,260.87180107967,-2.1850101354787057,-4.031829716542026,1.8468195810633201,-2.1850101354787057,257.59949798583983,268.3465985107422,258.6867909441913,260.87180107967,62.45300877387094,269.57571272426844,257.59949798583983,245.62328324741122,0.09298321489032513,5.91225309108652,100.0,53804630.0,1.3737367955136945,3168429400,4493348433.018601,0.04058115590203082,0.05716301591236994,0.05666657948382259,10.529998779296875,0.015897421443024397,0.04817754645029382,0.006198741717295286,buy,none,Hold,Mixed,2.0,Buy,MACD above signal,270.010009765625,
2026-02-03,268.98028564453125,269.4800109863281,271.8800048828125,267.6099853515625,269.20001220703125,64394700,260.34728633528925,261.50944625794097,-1.1621599226517105,-3.457895757763963,2.2957358351122523,-1.1621599226517105,257.710498046875,268.36499877929685,260.34728633528925,261.50944625794097,61.54619950606545,270.07757755936444,257.710498046875,245.34341853438556,0.09597652875002391,5.79495069395534,99.32170037173674,54742005.0,1.176330680617197,3104034700,4485356163.434553,-0.0019628856713753695,0.04340427633681765,0.09233893117098502,-0.529998779296875,0.015574478257569411,0.04566951299481947,0.004154834691942222,buy,none,Hold,Mixed,2.0,Buy,MACD above signal,269.4800109863281,
2026-02-04,275.97723388671875,276.489990234375,278.95001220703125,272.2900085449219,272.2900085449219,90545700,262.8307792428409,262.6191161821213,0.21166306071961571,-2.7239839940672472,2.935647054786863,0.21166306071961571,258.4169982910156,268.5697985839844,262.8307792428409,262.6191161821213,68.13621572575704,273.1532937621691,258.4169982910156,243.6807028198621,0.11405051191375776,6.057454303008754,99.32170037173674,56651685.0,1.598287853220959,3194580400,4509011686.54267,0.026012984125945104,0.07818588208581057,0.11645466201765986,7.009979248046875,0.01590111315063669,0.06993731860861008,0.029490254273374372,buy,none,Hold,Uptrend,4.0,Buy,"MACD above signal, trend up, volume spike",276.489990234375,
2026-02-05,275.3983459472656,275.9100036621094,279.5,273.2300109863281,278.1300048828125,52977400,264.84296761503606,263.6036263658241,1.239341249211975,-1.9313189454114028,3.1706601946233777,1.239341249211975,259.1959991455078,268.65819885253904,264.84296761503606,263.6036263658241,67.11143806462742,275.7851575761735,259.1959991455078,242.60684071484212,0.12800474147251667,6.072635353770406,98.64186106863374,56885065.0,0.9313059587784597,3141603000,4501322737.183443,-0.0020976765624461935,0.06825927275103294,0.11097240540073261,-0.579986572265625,0.01575475640285694,0.06448403745313458,0.026992680069111596,buy,none,Hold,Uptrend,3.0,Buy,"MACD above signal, trend up",275.9100036621094,
2026-02-06,277.6042175292969,278.1199951171875,280.9100036621094,276.92999267578125,277.1199951171875,50453400,266.88558723075164,264.6789129399992,2.20667429075246,-1.1037202981786303,3.31039458893109,2.20667429075246,260.1499984741211,268.70219848632814,266.88558723075164,264.6789129399992,69.02324859688562,278.6750727426763,260.1499984741211,241.62492420556592,0.14241840766643724,5.996018542786806,99.320160696897,56886770.0,0.8869092057784261,3192056400,4481039941.929757,0.008009827210848641,0.07183591545262225,0.12127077344480952,2.209991455078125,0.015675538018354106,0.06907552084746205,0.035049198271961846,buy,none,Hold,Uptrend,3.0,Buy,"MACD above signal, trend up",278.1199951171875,
2026-02-09,274.3672180175781,274.6199951171875,278.20001220703125,271.70001220703125,277.9100036621094,44623400,268.0754961363572,265.4152893975687,2.6602067387884745,-0.35093489078520934,3.0111416295736837,2.6602067387884745,260.9124984741211,268.6551983642578,268.0754961363572,265.4152893975687,62.79733209040684,280.4728469162678,260.9124984741211,241.35215003197433,0.14993799497180366,6.032017218302035,95.0388625766412,57118090.0,0.7812481124631443,3147433000,4476508715.896854,-0.01258449612198953,0.017073386855413597,0.07521236905227746,-3.5,0.016088169658926676,0.0525367574310589,0.022202424480326943,buy,none,Hold,Uptrend,3.0,Buy,"MACD above signal, trend up",274.6199951171875,
2026-02-10,273.4280700683594,273.67999267578125,275.3699951171875,272.94000244140625,274.8900146484375,34376900,268.93772637319165,266.02748964039927,2.9102367327923844,0.3012994339303094,2.608937298862075,2.9102367327923844,261.58399810791013,268.5777984619141,268.93772637319165,266.02748964039927,61.20068189582043,281.91421170584664,261.58399810791013,241.25378450997363,0.15543927568191515,5.774729750979121,90.14101155865323,56573745.0,0.6076475934198805,3113056100,4463068973.890474,-0.003422920610733904,0.01558550363004918,0.05966625747327403,-0.94000244140625,0.016151094833555577,0.046241339896033073,0.018997081080738276,buy,none,Hold,Uptrend,3.0,Buy,"MACD above signal, trend up",273.67999267578125,
2026-02-11,275.24639892578125,275.5,280.17999267578125,274.45001220703125,274.70001220703125,51931300,269.9473069311622,266.7291570744438,3.218149856718412,0.8846695184879301,2.333480338230482,3.218149856718412,262.3064987182617,268.51079833984375,269.9473069311622,266.7291570744438,63.15406319348583,283.5174285597073,262.3064987182617,241.09556887681612,0.16172630068329216,5.826534768766328,85.95613211073831,56883770.0,0.912937029314337,3164987400,4430169931.11033,0.0066501292492171515,-0.0035805644664959058,0.0743253680281366,1.82000732421875,0.016175903573332876,0.050298034346107245,0.026029499384640387,buy,none,Hold,Uptrend,1.0,Hold,"MACD above signal, trend up",,
2026-02-12,261.4891052246094,261.7300109863281,275.7200012207031,260.17999267578125,275.5899963378906,81077200,268.68310755503387,266.3588499568056,2.3242575982282574,1.1725871344359957,1.1516704637922617,2.3242575982282574,262.3949996948242,268.0833984375,268.68310755503387,266.3588499568056,44.78339095869055,283.58078415991065,262.3949996948242,241.2092152297378,0.1614800929112699,6.52035432420601,62.088958857281916,58936660.0,1.375666690307866,3083910200,4365266614.696634,-0.049981811301894274,-0.051393543139329756,0.013357643732913704,-13.769989013671875,0.020007644969551583,-0.0025343040426436536,-0.02369929465308951,buy,none,Hold,Mixed,0.0,Hold,MACD above signal,,
2026-02-13,255.5445556640625,255.77999877929688,262.2300109863281,255.4499969482422,262.010009765625,56290700,266.6980138972282,265.5752313510642,1.1227825461639895,1.1626262167815944,-0.039843670617604854,1.1227825461639895,262.2735000610352,267.47519836425784,266.6980138972282,265.5752313510642,39.44419571223811,283.5814141632224,262.2735000610352,240.96558595884792,0.1624862145602095,6.538901446626005,34.33331584503955,59781765.0,0.9416031794979624,3027619500,4314455559.419197,-0.022733396848946263,-0.08032502779412731,-0.014259334246853439,-5.95001220703125,0.020623800505592982,-0.024758510792082133,-0.04372442625141637,sell,bearish,Sell,Mixed,-4.0,Sell,bearish MACD crossover,,255.77999877929688
2026-02-17,263.6371154785156,263.8800048828125,266.2900085449219,255.5399932861328,258.04998779296875,58469100,266.2644740488565,265.4496590200826,0.8148150287739213,1.0930639791800598,-0.2782489504061385,0.8148150287739213,262.6910003662109,267.0697985839844,266.2644740488565,265.4496590200826,48.45383422914253,283.78012521785,262.6910003662109,241.60187551457182,0.1605622181364362,6.839695290351938,15.338036406010879,59098080.0,0.9893570146441306,3086088600,4346708744.05014,0.031667863563111576,-0.039108551545170456,-0.02270288011964261,8.100006103515625,0.021656247482464565,0.0045262476253240536,-0.011943670598788425,sell,none,Hold,Mixed,-2.0,Sell,MACD below signal,,263.8800048828125
2026-02-18,264.106689453125,264.3500061035156,266.82000732421875,262.45001220703125,263.6000061035156,34203300,265.9699405188041,265.3682032484851,0.6017372703190063,0.9947986374078492,-0.393061367088843,0.6017372703190063,263.5735008239746,266.74279846191405,265.9699405188041,265.3682032484851,48.92865229167913,283.34833282631524,263.5735008239746,243.79866882163395,0.15005174602546334,6.6632881351259075,20.841432582339916,56794870.0,0.6022251657588088,3120291900,4342247381.73974,0.0017811172199722058,-0.03409086093961766,-0.019036680546494322,0.470001220703125,0.01989541697189987,0.002946067328899016,-0.008970410343580704,sell,none,Hold,Mixed,-2.0,Sell,MACD below signal,,264.3500061035156
2026-02-19,260.3401184082031,260.5799865722656,264.4800109863281,260.04998779296875,262.6000061035156,30845300,265.1407168347213,265.0135205317281,0.12719630299318396,0.8212781705249163,-0.6940818675317323,0.12719630299318396,264.22000045776366,266.37879821777346,265.1407168347213,265.0135205317281,45.3222695774498,282.67136204860327,264.22000045776366,245.76863886692408,0.13966665323497415,6.503769210714013,27.46557285725566,55605050.0,0.5547211988839144,3089446600,4318782617.070369,-0.014261469431454121,-0.05415612859431718,-0.0575427835511253,-3.77001953125,0.020294015292244238,-0.013776450984753885,-0.021769043498601315,sell,none,Hold,Mixed,-2.0,Sell,MACD below signal,,260.5799865722656
2026-02-20,264.3364562988281,264.5799865722656,264.75,258.1600036621094,258.9700012207031,42070500,265.05445064049735,264.98140690510127,0.07304373539608378,0.6716312834991498,-0.598587548103066,0.07304373539608378,265.0314994812012,266.11259765625,265.05445064049735,264.98140690510127,49.569473703588756,281.9865340059524,265.0314994812012,248.07646495644997,0.1279473161336723,6.509928291226628,28.72281333167405,55723160.0,0.7549912819014571,3131517100,4358682387.51461,0.015350373037534393,0.010888990434063661,-0.04106417650488292,4.0,0.020488972322605215,-0.0017036197954560794,-0.00575925791369003,sell,none,Hold,Mixed,0.0,Hold,MACD below signal,,
2026-02-23,265.9349670410156,266.17999267578125,269.42999267578125,263.3800048828125,263.489990234375,37308200,265.22761095361795,265.07019103626277,0.15741991735518468,0.5687890102703569,-0.4113690929151722,0.15741991735518468,265.9384994506836,265.89259765625,265.22761095361795,265.07019103626277,51.20229400787377,280.9951973199089,265.9384994506836,250.8818015814583,0.1132344350316038,6.477075398493922,31.285033883564147,55504120.0,0.6721699218003997,3168825300,4355907316.556306,0.006047343656806037,0.04065991846945849,-0.04293111840583508,1.600006103515625,0.020467348811543405,0.0009080792198064014,0.0010808688247228027,sell,none,Hold,Uptrend,3.0,Buy,"MACD below signal, trend up",266.17999267578125,
2026-02-24,271.8895263671875,272.1400146484375,274.8900146484375,267.7099914550781,267.8599853515625,47014600,266.2910576758979,265.5938816742016,0.6971760016962776,0.594466408555541,0.10270959314073658,0.6971760016962776,266.775,265.7597979736328,266.2910576758979,265.5938816742016,56.8117575225968,281.2465974061158,266.775,252.30340259388413,0.10849290530308948,6.63657158236266,44.2328092230403,55056390.0,0.8539353924222056,3215839900,4366908063.531548,0.022390946489790453,0.031302143446955144,-0.009030589588684967,5.96002197265625,0.020039230562984355,0.02011063498617749,0.024007456069174538,buy,bullish,Buy,Uptrend,5.0,Strong Buy,"bullish MACD crossover, trend up",272.1400146484375,
2026-02-25,273.97760009765625,274.2300109863281,274.94000244140625,271.04998779296875,271.7799987792969,33714300,267.5124351082718,266.2335949565814,1.2788401516904173,0.7313411571825164,0.547498994507901,1.2788401516904173,267.5730010986328,265.6837982177734,267.5124351082718,266.2335949565814,58.60861736564333,281.8393357314937,267.5730010986328,253.30666646577188,0.10663508331770771,6.440388944225149,54.41923371439174,54259690.0,0.6213507670242864,3249554200,4388315538.453881,0.007679856784716499,0.03737471025040806,0.002009713260985313,2.089996337890625,0.01998225795142272,0.024879228697821443,0.0321668570905842,buy,none,Hold,Uptrend,3.0,Buy,"MACD above signal, trend up",274.2300109863281,
2026-02-26,272.6987609863281,272.95001220703125,276.1099853515625,270.79998779296875,274.95001220703125,32345100,268.34898543115787,266.7311073455036,1.6178780856542971,0.9086485428768726,0.7092295427774246,1.6178780856542971,268.39850158691405,265.57719848632814,268.34898543115787,266.7311073455036,57.04330131830636,281.88168435300327,268.39850158691405,254.91531882082484,0.10047137138523128,6.359646702394335,61.00160281323945,53812545.0,0.6010698806384274,3217209100,4382163578.4348,-0.004667610137537803,0.047471126994379054,-0.009255854057962809,-1.279998779296875,0.01992402611596201,0.016958032899611064,0.027761471100398838,buy,none,Hold,Uptrend,3.0,Buy,"MACD above signal, trend up",272.95001220703125,
2026-02-27,263.93682861328125,264.17999267578125,272.80999755859375,262.8900146484375,272.80999755859375,72366500,267.70760193033067,266.5421358884871,1.1654660418435583,0.9600120426702097,0.2054539991733486,1.1654660418435583,268.6935012817383,265.3785986328125,267.70760193033067,266.5421358884871,47.65251286590257,281.5204440935345,268.6935012817383,255.86655846994208,0.09547639038985556,6.623957477837151,52.96963241386049,54068220.0,1.3384294877841365,3144842600,4328617916.285276,-0.03213049693728531,-0.0015118070783298743,0.00936072130291965,-8.77001953125,0.0214065032285987,-0.01679798202943661,-0.004516588614177142,buy,none,Hold,Mixed,0.0,Hold,MACD above signal,,
2026-03-02,264.476318359375,264.7200012207031,266.5299987792969,260.20001220703125,262.4100036621094,41827900,267.2479710519264,266.4071629501328,0.8408081017936411,0.9361712544948959,-0.09536315270125484,0.8408081017936411,268.955500793457,265.1807989501953,267.2479710519264,266.4071629501328,48.217791704141696,281.22073404777444,268.955500793457,256.6902675391396,0.09120641309163217,6.602959556010613,43.707454929331796,51537445.0,0.8116021273464371,3186670500,4346525260.999167,0.002044093269336189,-0.005484978192393464,0.0349519215109555,0.540008544921875,0.021393310843523215,-0.01574795667037321,-0.0017376738109109446,sell,bearish,Sell,Mixed,-4.0,Sell,bearish MACD crossover,,264.7200012207031
2026-03-03,263.5072326660156,263.75,265.55999755859375,260.1300048828125,263.4800109863281,38568900,266.70982165932236,266.21033606493774,0.49948559438462325,0.8488341224728414,-0.34934852808821815,0.49948559438462325,268.64250030517576,265.0189990234375,266.70982165932236,266.21033606493774,47.2311671966049,281.1020797293704,268.64250030517576,256.1829208809811,0.09275955524565677,6.5191762074228015,34.82218904502483,49770220.0,0.7749393110980823,3148101600,4359381560.999167,-0.0036642536122324376,-0.03082977216443561,-0.0004926666682086855,-0.970001220703125,0.019293241205763714,-0.01821193705246904,-0.004788332263398587,sell,none,Hold,Mixed,-2.0,Sell,MACD below signal,,263.75
2026-03-04,262.2783508300781,262.5199890136719,266.1499938964844,261.4200134277344,264.6499938964844,39803100,266.06523202153,265.9369770241032,0.12825499742677948,0.704718297463629,-0.5764633000368495,0.12825499742677948,268.294499206543,264.82559875488283,266.06523202153,265.9369770241032,45.94728312128594,281.02687700662125,268.294499206543,255.5621214064647,0.0949134465129411,6.3913765118033155,34.59328593824466,48540640.0,0.8199953688290884,3108298500,4338091196.3197,-0.004663548763329417,-0.04270146046575496,-0.006922704927523782,-1.230010986328125,0.019309825925332185,-0.02152302864929656,-0.008706143786896492,sell,none,Hold,Mixed,-2.0,Sell,MACD below signal,,262.5199890136719
2026-03-05,260.0504150390625,260.2900085449219,261.55999755859375,257.25,260.7900085449219,49658600,265.1767361020518,265.5186830626824,-0.3419469606305938,0.49538524584478444,-0.8373322064753783,-0.3419469606305938,267.4845001220703,264.55799865722656,265.1767361020518,265.5186830626824,43.631620784462626,280.0888727716502,267.4845001220703,254.8801274724904,0.09424376099420878,6.311277404793927,29.541955501914796,46496285.0,1.0680122078570362,3058639900,4358484871.884382,-0.00849451684471103,-0.04638213261007962,-0.0011128177231037872,-2.22998046875,0.018270722878284157,-0.026896854112537838,-0.016132530991189165,sell,none,Hold,Downtrend,-3.0,Sell,"MACD below signal, trend down",,260.2900085449219
2026-03-06,257.2229919433594,257.4599914550781,258.7699890136719,254.3699951171875,258.6300048828125,41120000,263.98954461790197,264.9217429436006,-0.9321983256986073,0.2098685315361061,-1.1420668572347135,-0.9321983256986073,266.56199951171874,264.28779846191406,263.98954461790197,264.9217429436006,40.81997375518689,279.26501148555224,266.56199951171874,253.8589875378852,0.09530999915293668,6.283329977861102,18.594373599533785,45903415.0,0.8957939186006095,3017519900,4375119792.642607,-0.010872553678353492,-0.025437207233745207,-0.026910558162126064,-2.83001708984375,0.0183567593494703,-0.03414593255345255,-0.025834741696635244,sell,none,Hold,Downtrend,-3.0,Sell,"MACD below signal, trend down",,257.4599914550781
2026-03-09,259.6407775878906,259.8800048828125,261.1499938964844,253.67999267578125,255.69000244140625,38218500,263.35730773558055,264.5482808650237,-1.1909731294431367,-0.07029980065974248,-1.1206733287833943,-1.1909731294431367,265.65,264.03819885253904,263.35730773558055,264.5482808650237,44.135185086452175,277.4927994465326,265.65,253.80720055346734,0.08916092186359977,6.368092209492675,13.49555580673739,45291670.0,0.8438306646674764,3055738400,4400343093.931127,0.009399570838394267,-0.01828345540787224,-0.02366814924607208,2.420013427734375,0.01840436436020248,-0.021720290296207367,-0.01574845604839481,sell,none,Hold,Downtrend,-3.0,Sell,"MACD below signal, trend down",,259.8800048828125
2026-03-10,260.58990478515625,260.8299865722656,262.4800109863281,256.95001220703125,257.6499938964844,30590800,262.9684890950706,264.2728516581527,-1.3043625630821225,-0.3171123531442185,-0.987250209937904,-1.3043625630821225,264.9604995727539,263.7785986328125,262.9684890950706,264.2728516581527,45.42756889425865,276.22569370256525,264.9604995727539,253.69530544294258,0.08503300792364404,6.3082283930501175,14.846188095870136,44590040.0,0.6860455832737535,3086329200,4412678712.018728,0.0036554627966916,-0.011071140958234582,-0.04155959236932749,0.949981689453125,0.01832770427675295,-0.01558916520443121,-0.011178359714661301,sell,none,Hold,Downtrend,-3.0,Sell,"MACD below signal, trend down",,260.8299865722656
2026-03-11,260.5699157714844,260.80999755859375,262.1300048828125,259.54998779296875,261.0899963378906,26218900,262.6364134740742,264.0163439470743,-1.3799304730001154,-0.5296759771153978,-0.8502544958847176,-1.3799304730001154,264.3169998168945,263.5267987060547,262.6364134740742,264.0163439470743,45.40376731098786,274.9700581776814,264.3169998168945,253.66394145610766,0.08060819673472959,6.041927585678233,23.43555116776195,44182140.0,0.5934275705069967,3060110300,4412068999.007444,-7.663617950748325e-05,-0.006513757148561616,-0.048937070670953764,-0.019989013671875,0.01833325634378941,-0.013268167619677307,-0.010309392292551456,sell,none,Hold,Downtrend,-3.0,Sell,"MACD below signal, trend down",,260.80999755859375
2026-03-12,255.52456665039062,255.75999450683594,258.95001220703125,254.17999267578125,258.6600036621094,40794000,261.5785028637298,263.40476250705666,-1.826259643326864,-0.788992710357691,-1.037266932969173,-1.826259643326864,263.32999954223635,263.1667984008789,261.5785028637298,263.40476250705666,39.73892956956257,273.2911010689669,263.32999954223635,253.36889801550583,0.07565489343444773,6.083933106902109,17.22332685232558,43625275.0,0.9351001225780239,3019316300,4398299875.645278,-0.019362766377938656,-0.01740371850387079,-0.06297862953439537,-5.0500030517578125,0.018589996985178703,-0.02874721850362605,-0.028144902544888217,sell,none,Hold,Downtrend,-3.0,Sell,"MACD below signal, trend down",,255.75999450683594
2026-03-13,249.8897705078125,250.1199951171875,256.3299865722656,249.52000427246094,255.47999572753906,36930000,259.8156555181079,262.42070566336264,-2.6050501452547223,-1.1522041973370973,-1.452845947917625,-2.6050501452547223,262.7494987487793,262.70759857177734,259.8156555181079,262.42070566336264,34.55375964531507,274.25012784666643,262.7494987487793,251.2488696508921,0.08754063587297788,6.135793763538008,8.589363071891826,41417915.0,0.8916431452428255,2982386300,4367877282.249371,-0.022051921765652405,-0.028509269717626462,-0.053221280749481625,-5.6399993896484375,0.01575014687831691,-0.04806670875390373,-0.047914881499518724,sell,none,Hold,Downtrend,-3.0,Sell,"MACD below signal, trend down",,250.1199951171875
2026-03-16,252.58729553222656,252.82000732421875,253.88999938964844,249.8800048828125,252.11000061035156,32074200,258.7394019498173,261.70954282342603,-2.9701408736087274,-1.5157915325914235,-1.4543493410173038,-2.9701408736087274,262.6014991760254,262.3267990112305,258.7394019498173,261.70954282342603,38.67880557369748,274.5254678181424,262.6014991760254,250.67753053390845,0.09081417036483984,5.983950959487861,5.716164799007769,40207090.0,0.7977249783558074,3014460500,4382834680.993658,0.01079486750256109,-0.02716637458036575,-0.04495313479000429,2.70001220703125,0.015219163756148768,-0.03724842349529012,-0.036240261089774295,sell,none,Hold,Downtrend,-3.0,Sell,"MACD below signal, trend down",,252.82000732421875
2026-03-17,253.99598693847656,254.22999572753906,255.1300048828125,252.17999267578125,252.9600067138672,32361600,258.0456471463899,261.1555022978048,-3.1098551514148767,-1.8346042563561142,-1.2752508950587624,-3.1098551514148767,262.1189987182617,261.99119873046874,258.0456471463899,261.1555022978048,40.77804195372269,274.5664603084963,262.1189987182617,249.67153712802713,0.09497565343299454,5.767241048598103,14.941611896317367,38901715.0,0.8318810623130626,3046822100,4395450100.818623,0.005577044389181385,-0.025303803950846637,-0.03609480292876188,1.4099884033203125,0.013318832051061802,-0.030097028560688743,-0.029623907369935143,sell,none,Hold,Downtrend,-3.0,Sell,"MACD below signal, trend down",,254.22999572753906
2026-03-18,249.70994567871094,249.94000244140625,254.94000244140625,249.0,252.6300048828125,35757900,256.79862488408475,260.3247245306641,-3.5260996465793824,-2.172903334400768,-1.3531963121786141,-3.5260996465793824,261.39849853515625,261.64479858398437,256.79862488408475,260.3247245306641,36.665297657026265,274.87191418437686,261.39849853515625,247.9250828859356,0.1030871693963349,5.779581148084398,20.092697614453293,38979445.0,0.9173527226978219,3011064200,4371009540.712377,-0.016874457610149385,-0.04167783144411652,-0.04792010932017243,-4.2899932861328125,0.013704270871803623,-0.043835355436094514,-0.04473544364697557,sell,none,Hold,Downtrend,-5.0,Strong Sell,"MACD below signal, trend down",,249.94000244140625
2026-03-19,248.73085021972656,248.9600067138672,251.8300018310547,247.3000030517578,249.39999389648438,34864100,255.5926836271282,259.48289358127175,-3.8902099541435575,-2.5163646583493264,-1.373845295794231,-3.8902099541435575,260.8174995422363,261.37679901123045,255.5926836271282,259.48289358127175,35.77759257188346,275.3430602311922,260.8174995422363,246.29193885328039,0.11138486270629765,5.690325264599575,17.362066712759603,39180385.0,0.8898355644029532,2976200100,4361697118.095005,-0.0039209238936004365,-0.02658737855418203,-0.04352837780593988,-0.9799957275390625,0.013437961396461563,-0.045462796204933875,-0.04750533461399442,sell,none,Hold,Downtrend,-3.0,Sell,"MACD below signal, trend down",,248.9600067138672
2026-03-20,247.76173400878906,247.99000549316406,249.1999969482422,246.0,247.97999572753906,88331100,254.42304083728754,258.63156853770823,-4.208527700420689,-2.8547972667635992,-1.3537304336570894,-4.208527700420689,259.9880004882813,261.12999938964845,254.42304083728754,258.63156853770823,34.877491020778095,275.42552935763274,259.9880004882813,244.55047161892983,0.11875570288135115,5.512444670574047,8.987822497830294,41493415.0,2.128798027349641,2887869000,4383228231.753542,-0.003896213024359163,-0.008515871044318057,-0.03678235949746156,-0.970001220703125,0.012789068142992415,-0.04614826442983477,-0.050319740846310745,sell,none,Hold,Downtrend,-4.0,Sell,"MACD below signal, trend down, volume spike",,247.99000549316406
2026-03-23,251.25851440429688,251.49000549316406,254.60000610351562,250.27999877929688,253.97000122070312,40546100,253.97180463049932,258.102563867742,-4.130759237242671,-3.109989660859414,-1.0207695763832572,-4.130759237242671,259.2535011291504,260.97899932861327,253.97180463049932,258.102563867742,40.676911480896955,274.8398531941846,259.2535011291504,243.6671490641161,0.1202402436005655,5.590841523415299,21.750866821776945,41655310.0,0.9733717021911492,2928415100,4365395543.810084,0.01411347200480817,-0.005260666848051598,-0.03228412818228066,3.5,0.013214621434022834,-0.029945576827982046,-0.03635922376842704,sell,none,Hold,Downtrend,-3.0,Sell,"MACD below signal, trend down",,251.49000549316406
2026-03-24,251.4083709716797,251.63999938964844,254.8300018310547,249.5500030517578,250.35000610351562,45152300,253.6130653626761,257.6238553878832,-4.010790025207115,-3.2901497337289545,-0.7206402914781602,-4.010790025207115,258.22850036621094,260.8243994140625,253.6130653626761,257.6238553878832,40.919732429765425,272.96323823459585,258.22850036621094,243.49376249782605,0.11412170110958775,5.568638470263983,38.28002993237917,41562195.0,1.086379100045125,2973567400,4355988760.273974,0.0005964209042432778,-0.010187611145092257,-0.035233629780795916,0.149993896484375,0.01186155795428154,-0.025514228550368778,-0.03521296337707158,sell,none,Hold,Downtrend,-3.0,Sell,"MACD below signal, trend down",,251.63999938964844
2026-03-25,252.38746643066406,252.6199951171875,255.0,251.60000610351562,254.10000610351562,28476700,253.46028532490863,257.2531990715354,-3.792913746626766,-3.3907025363085173,-0.4022112103182489,-3.792913746626766,257.1479995727539,260.67179931640624,253.46028532490863,257.2531990715354,42.57363160091187,270.09110468674754,257.1479995727539,244.20489445876026,0.1006665821666771,5.413735286422583,62.013501938656844,41300315.0,0.68950321565344,3002044100,4344597926.913713,0.00389443542328749,0.010722544008974877,-0.03140217981699989,0.9799957275390625,0.01169711342099066,-0.01760855407426698,-0.030888666209133664,sell,none,Hold,Downtrend,-1.0,Hold,"MACD below signal, trend down",,
2026-03-26,252.6572265625,252.88999938964844,257.0,250.77000427246094,252.1199951171875,41796700,253.3725490271763,256.92999909509933,-3.5574500679230425,-3.4240520426314225,-0.13339802529162004,-3.5574500679230425,256.14499893188474,260.5085995483398,253.3725490271763,256.92999909509933,43.04669207963657,266.9702158490021,256.14499893188474,245.31978201476738,0.08452413252070598,5.472039603645189,70.13419937326746,41772895.0,1.0005698671351364,3043840800,4331247089.09075,0.0010688159198788405,0.015785638535501967,-0.0112214387661429,0.2700042724609375,0.011750863659619038,-0.012707644325712142,-0.029245100437759963,sell,none,Hold,Downtrend,-1.0,Hold,"MACD below signal, trend down",,
2026-03-27,248.57098388671875,248.8000030517578,255.49000549316406,248.07000732421875,253.89999389648438,47900000,252.66908041557346,256.3277771659629,-3.6586967503894527,-3.4709809841830284,-0.18771576620642438,-3.6586967503894527,255.3759994506836,260.28539978027345,252.66908041557346,256.3277771659629,37.9472507706226,265.99190489945323,255.3759994506836,244.76009400191396,0.08313941381809223,5.6111795011666254,61.022146761065024,40549570.0,1.1812702329519154,2995940800,4292772103.6400704,-0.016173025219509918,0.003266250819193184,-0.005277435195899627,-4.089996337890625,0.010155380189741384,-0.025750252228364467,-0.04412616588641283,sell,none,Hold,Downtrend,-1.0,Hold,"MACD below signal, trend down",,
2026-03-30,246.40298461914062,246.6300048828125,250.8699951171875,245.50999450683594,250.07000732421875,39446200,251.73999187207176,255.60942366350733,-3.8694317914355736,-3.5506711456335376,-0.318760645802036,-3.8694317914355736,254.47149963378905,260.0538000488281,251.73999187207176,255.60942366350733,35.54155673343824,264.8282066009088,254.47149963378905,244.11479266666933,0.08139777524810529,5.593238151822692,39.47217660430127,40430485.0,0.9756548802221888,2956494600,4269811033.588572,-0.008721857485242457,-0.019324826053509603,-0.024483831429797154,-2.1699981689453125,0.01016231892592271,-0.03081482508752953,-0.051619300173637694,sell,none,Hold,Downtrend,-3.0,Sell,"MACD below signal, trend down",,246.6300048828125
2026-03-31,253.55638122558594,253.7899932861328,255.47999572753906,247.10000610351562,247.91000366210938,49598100,252.05537670500422,255.47465104296106,-3.4192743379568356,-3.5243917840981975,0.10511744614136198,-3.4192743379568356,253.9734992980957,260.01899993896484,252.05537670500422,255.47465104296106,47.39233194831573,263.41511665089104,253.9734992980957,244.53188194530034,0.07435120104175484,5.8258633441729675,46.77068246094143,40981945.0,1.2102427056597729,3006092700,4299404118.3439665,0.029031294901536553,0.008543927442772103,-0.0017307259127589125,7.1599884033203125,0.01249403966280567,-0.0007225399991339643,-0.023955967272753842,buy,bullish,Buy,Downtrend,3.0,Buy,"bullish MACD crossover, trend down",253.7899932861328,
2026-04-01,255.3946990966797,255.6300048828125,256.17999267578125,253.3300018310547,254.0800018310547,40059400,252.60531950159012,255.4861587348019,-2.8808392332117876,-3.3956812739209155,0.5148420407091279,-2.8808392332117876,253.62900009155274,260.1976000976563,252.60531950159012,255.4861587348019,49.939485805017185,262.2666921607412,253.62900009155274,244.99130802236434,0.06811281096460153,5.613301022783938,69.7013713985609,40994760.0,0.9771834253938796,3046152100,4324002289.032006,0.007250134541771258,0.011915168331108061,0.022765473256887603,1.8400115966796875,0.012635979865301607,0.007889495249113754,-0.017554332603872957,buy,none,Hold,Downtrend,1.0,Hold,"MACD above signal, trend down",,
2026-04-02,255.68443298339844,255.9199981689453,256.1300048828125,250.64999389648438,254.1999969482422,31289400,253.1152700657986,255.5182949891829,-2.4030249233842937,-3.1971500038135914,0.7941250804292976,-2.4030249233842937,253.4104995727539,260.36300018310544,253.1152700657986,255.5182949891829,50.34752240310661,261.57105605440455,253.4104995727539,245.24994309110323,0.06440582766230467,5.6037803058942375,100.0,40076300.0,0.7807457275247466,3077441500,4352893524.470195,0.0011344258521832629,0.01198148913207242,0.027956263124130354,0.2899932861328125,0.012528534575395553,0.009902899052811165,-0.017064644404295115,buy,none,Hold,Downtrend,1.0,Hold,"MACD above signal, trend down",,
2026-04-06,258.6217041015625,258.8599853515625,262.1600036621094,256.4599914550781,256.510009765625,29329900,253.99907241745458,255.76582760861842,-1.7667551911638384,-2.9110710412836407,1.1443158501198023,-1.7667551911638384,253.48049926757812,260.5731997680664,253.99907241745458,255.76582760861842,54.40506072847638,261.80124348974925,253.48049926757812,245.159755045407,0.06565194755583637,5.649224962127796,100.0,39486795.0,0.7427774272386503,3106771400,4348262371.92118,0.011487914987700076,0.04043401196306218,0.043832330406953,2.9399871826171875,0.012577322318434649,0.02122248496246537,-0.006574791337055408,buy,none,Hold,Downtrend,1.0,Hold,"MACD above signal, trend down",,
2026-04-07,253.26666259765625,253.5,256.20001220703125,245.6999969482422,256.1600036621094,62148000,253.92229204553848,255.59798852649854,-1.675696480960056,-2.663996129218924,0.988299648258868,-1.675696480960056,253.1614990234375,260.6823999023438,253.92229204553848,255.59798852649854,46.88295351709388,260.94848055799736,253.1614990234375,245.37451748887764,0.06151789718893191,6.185708065070118,87.15985087753978,40683270.0,1.5276058192962365,3044623400,4378448445.29405,-0.020706117804507373,0.027855471682984412,0.007992343484562792,-5.3599853515625,0.013221825719102968,0.0013370950080018318,-0.027552300826731768,buy,none,Hold,Downtrend,0.0,Hold,"MACD above signal, trend down, volume spike",,
2026-04-08,258.66168212890625,258.8999938964844,259.75,256.5299987792969,258.45001220703125,41032800,254.6880923302994,255.84258151686788,-1.154489186568469,-2.362094740688833,1.2076055541203639,-1.154489186568469,253.06499938964845,260.75219970703125,254.6880923302994,255.84258151686788,53.811587296784815,260.5097799187561,253.06499938964845,245.62021886054075,0.05883690393427212,6.190300346136539,86.1467986637124,41205370.0,0.9958119536361402,3085656200,4397817818.44807,0.02130175107094434,0.02013476002022796,0.02885071739169054,5.399993896484375,0.014118395784570987,0.02305729563910064,-0.007103318064537678,buy,none,Hold,Downtrend,1.0,Hold,"MACD above signal, trend down",,
2026-04-09,260.2502136230469,260.489990234375,261.1199951171875,256.07000732421875,259.0,28121600,255.5806920078495,256.186834014461,-0.606142006611492,-2.0109041938733645,1.4047621872618725,-0.606142006611492,253.0489990234375,260.7965997314453,255.5806920078495,256.186834014461,55.64614996003017,260.42821521224556,253.0489990234375,245.66978283462942,0.058322429389452805,6.1088494494816965,86.1467986637124,41300505.0,0.680902085821953,3113777800,4418922868.690398,0.006141353323192211,0.01901179540246245,0.031153492476067468,1.589996337890625,0.014191307003883607,0.029405337462916847,-0.0011756652402142853,buy,none,Hold,Downtrend,1.0,Hold,"MACD above signal, trend down",,
2026-04-10,260.240234375,260.4800109863281,262.19000244140625,259.0199890136719,259.9800109863281,31291500,256.3344333891539,256.50484712348816,-0.17041373433426088,-1.6428061019655438,1.472392367631283,-0.17041373433426088,253.2849998474121,260.87739990234377,256.3344333891539,256.50484712348816,55.6312149872655,261.27274887087447,253.2849998474121,245.29725082394975,0.06307321024359484,5.898932590785459,98.96218566241922,40825380.0,0.7664717389035938,3082486300,4416455396.473792,-3.8309525974056235e-05,0.01781811835733338,0.030013095080858143,-0.009979248046875,0.013439064552530564,0.02840677949049697,-0.0015232784295013957,buy,none,Hold,Downtrend,1.0,Hold,"MACD above signal, trend down",,
2026-04-13,258.96142578125,259.20001220703125,260.17999267578125,256.6600036621094,259.7300109863281,36234700,256.7752916688273,256.70448898152836,0.07080268729896488,-1.300084344112642,1.3708870314116068,0.07080268729896488,253.7390007019043,260.89580017089844,256.7752916688273,256.70448898152836,53.64249029679957,261.98361655788733,253.7390007019043,245.49438484592127,0.0649850108432397,5.750437928887837,96.65317835043236,40790615.0,0.8883097251659481,3046251600,4432514295.837429,-0.004914000020385667,0.0013135551058884865,0.041800679371816196,-1.279998779296875,0.012397885946170865,0.021522160527236434,-0.006499866853956204,buy,none,Hold,Mixed,2.0,Buy,MACD above signal,259.20001220703125,
2026-04-14,258.59173583984375,258.8299865722656,261.92999267578125,257.19000244140625,259.25,48370700,257.0913985770486,256.8619332475089,0.2294653295397211,-0.9941744093821694,1.2236397389218905,0.2294653295397211,254.03949966430665,260.8827996826172,257.0913985770486,256.8619332475089,53.052064465845966,262.5616595881702,254.03949966430665,245.5173397404431,0.06709318775328174,5.678263093565491,92.35219521199038,41605440.0,1.1626051785535738,2997880900,4417615048.931686,-0.001427567968129817,0.021025588056274636,0.04946673741197882,-0.370025634765625,0.012234304758012555,0.018857252176489148,-0.007868717726308372,buy,none,Hold,Mixed,2.0,Buy,MACD above signal,258.8299865722656,
2026-04-15,266.18475341796875,266.42999267578125,266.55999755859375,257.80999755859375,258.1600036621094,49913500,258.528105361469,257.57067839034386,0.9574269711251304,-0.6038541332807095,1.56128110440584,0.9574269711251304,254.64949951171874,260.81119934082034,258.528105361469,257.57067839034386,62.24403809113433,264.7409025943428,254.64949951171874,244.55809642909466,0.07925719942096074,5.8976728725965275,92.3769573357438,42483035.0,1.1749042882647156,3047794400,4466045349.224655,0.029362927395561567,0.029084584614967435,0.04980495576670596,7.600006103515625,0.013740815832151192,0.04626159951875497,0.021543527843750354,buy,none,Hold,Uptrend,3.0,Buy,"MACD above signal, trend up",266.42999267578125,
2026-04-16,263.15753173828125,263.3999938964844,267.1600036621094,261.2699890136719,266.79998779296875,43323100,259.2776266745483,258.0024795389469,1.2751471356014008,-0.22805387950428746,1.5032010151056883,1.2751471356014008,255.32249908447267,260.6895989990234,259.2776266745483,258.0024795389469,57.417356402759374,265.8535512798041,255.32249908447267,244.79144688914124,0.08249215978296734,5.897125856585169,89.67375698187544,42861295.0,1.0107744061396184,3004471300,4454056098.135558,-0.011372588907376024,0.011171268652170108,0.030395449928633633,-3.029998779296875,0.013384329884474145,0.0316364395655524,0.01039701970415452,buy,none,Hold,Uptrend,3.0,Buy,"MACD above signal, trend up",263.3999938964844,
2026-04-17,269.98126220703125,270.2300109863281,272.29998779296875,266.7200012207031,266.9599914550781,61436200,260.9626088763606,258.9082226091233,2.054386267237305,0.2284341498440311,1.8259521173932742,2.054386267237305,256.3859992980957,260.5643994140625,260.9626088763606,258.9082226091233,64.16330293480993,268.33294241802736,256.3859992980957,244.4390561781641,0.09319497283501132,6.111616430863684,93.97474012031743,44189900.0,1.3902769637405832,3065907500,4469911002.395451,0.025930209749845057,0.03743089522716492,0.05591596170587687,6.83001708984375,0.014242787794707184,0.05399675382483027,0.037094904729889855,buy,none,Hold,Uptrend,3.0,Buy,"MACD above signal, trend up",270.2300109863281,
2026-04-20,272.79864501953125,273.04998779296875,274.2799987792969,270.2900085449219,270.3299865722656,36590200,262.8222056327619,259.95576077088964,2.866444861872253,0.7560362922496755,2.1104085696225776,2.866444861872253,257.6389984130859,260.5071990966797,262.8222056327619,259.95576077088964,66.52152334020289,270.9764862912128,257.6389984130859,244.30151053495902,0.10353625002642027,5.964357242442617,93.97474012031743,41602855.0,0.8795117546620298,3102497700,4483941574.251903,0.010435468645202839,0.0534335452687984,0.05481728828090038,2.819976806640625,0.01417420684887272,0.05981621367419532,0.048147570354223346,buy,none,Hold,Uptrend,3.0,Buy,"MACD above signal, trend up",273.04998779296875,
2026-04-21,265.9250183105469,266.1700134277344,272.79998779296875,265.3999938964844,271.5,50209800,263.3372529858346,260.41607578250773,2.921177203326863,1.189064474465113,1.73211272886175,2.921177203326863,258.3729988098145,260.2681994628906,263.3372529858346,260.41607578250773,56.71566888648982,271.8906604870342,258.3729988098145,244.85533713259477,0.10463679826830452,6.0847598605884565,83.35612938885473,42086040.0,1.193027426671647,3052287900,4444181114.400284,-0.025196757637106715,0.028358487177912117,0.0499803291034886,-6.879974365234375,0.015496128678852401,0.030177358523671316,0.022675893470747388,buy,none,Hold,Uptrend,3.0,Buy,"MACD above signal, trend up",266.1700134277344,
2026-04-22,272.9185791015625,273.1700134277344,273.739990234375,266.8699951171875,267.82000732421875,43249200,264.8499853615115,261.36081190437636,3.4891734571351094,1.6490862709991125,1.8400871861359969,3.4891734571351094,259.4494995117187,260.23919982910155,264.8499853615115,261.36081190437636,62.734666514970144,274.0376945425363,259.4494995117187,244.86130448090114,0.11245498687237725,6.190846785306468,76.92854520232416,41990885.0,1.029966384371275,3095537100,4480253878.177181,0.026298980526972437,0.025297530072581065,0.055117882841494215,7.0,0.01633345979408359,0.05288317742696558,0.049688185358410575,buy,none,Hold,Uptrend,3.0,Buy,"MACD above signal, trend up",273.1700134277344,
2026-04-23,273.1783142089844,273.42999267578125,275.7699890136719,271.6499938964844,275.04998779296875,33399600,266.1699864867837,262.25482529485083,3.9151611919328957,2.1023012551858695,1.8128599367470262,3.9151611919328957,260.48999938964846,260.23419982910156,266.1699864867837,262.25482529485083,62.94078408540657,275.9252605160558,260.48999938964846,245.05473826324112,0.11850943347209911,6.042928809012257,70.85081264669647,42237030.0,0.7907658279950082,3128936700,4475714141.132353,0.0009517122497622044,0.038078963597997006,0.049675622582516565,0.259979248046875,0.016349976704504374,0.04967558569024666,0.05070737380154311,buy,none,Hold,Uptrend,5.0,Strong Buy,"MACD above signal, trend up",273.42999267578125,
2026-04-24,270.81048583984375,271.05999755859375,273.05999755859375,269.6499938964844,272.760009765625,38157100,266.9222958824468,262.9070602773503,4.015235605096507,2.484888125167997,1.5303474799285097,4.015235605096507,261.3984992980957,260.14539978027346,266.9222958824468,262.9070602773503,59.699096113357605,277.07455651807584,261.3984992980957,245.72244207811562,0.11993991749817447,5.881290949746872,75.91470350660545,42055050.0,0.9073131526415972,3090779600,4469112227.616928,-0.008667648687676,0.003071407832298867,0.040617268604234535,-2.3699951171875,0.01658795809433541,0.0369608023245771,0.04195575930821405,buy,none,Hold,Uptrend,3.0,Buy,"MACD above signal, trend up",271.05999755859375,
2026-04-27,267.3636474609375,267.6099853515625,268.3599853515625,265.07000732421875,266.0899963378906,41466800,267.0280942623108,263.25542509766234,3.7726691646484483,2.7424443330640873,1.030224831584361,3.7726691646484483,262.33899841308596,260.26299926757815,267.0280942623108,263.25542509766234,55.23901411312469,277.10966887476735,262.33899841308596,247.56832795140457,0.1126075082319488,5.889055184363166,54.42107390045777,41733390.0,0.9936120693765831,3049312800,4491673065.48495,-0.012727854490168666,-0.019923100840901542,0.032445882517219804,-3.45001220703125,0.016388446276355835,0.02009227362443733,0.02822908405981628,buy,none,Hold,Uptrend,1.0,Hold,"MACD above signal, trend up",,
2026-04-28,270.4608154296875,270.7099914550781,273.2300109863281,268.6600036621094,272.3399963378906,40018900,267.594539984275,263.80761519821164,3.7869247860633664,2.951340423663943,0.8355843623994232,3.7869247860633664,263.5429977416992,260.56159912109376,267.594539984275,263.80761519821164,58.25679354476697,276.8484273743479,263.5429977416992,250.2375681090505,0.1009735014526129,5.869838787963341,40.04579525860705,41762025.0,0.9582605249625706,3089331700,4487557064.8318615,0.011584044965448959,0.017056684819142243,0.045898873774795845,3.100006103515625,0.016201245779158855,0.027194779503887156,0.03894815033457011,buy,none,Hold,Uptrend,3.0,Buy,"MACD above signal, trend up",270.7099914550781,
2026-04-29,269.92132568359375,270.1700134277344,271.0400085449219,267.0400085449219,267.54998779296875,30047900,267.99076666788415,264.27890395595404,3.7118627119301095,3.1034448813171767,0.6084178306129329,3.7118627119301095,264.3619987487793,260.68739929199216,267.99076666788415,264.27890395595404,57.529223872074034,277.1725668591133,264.3619987487793,251.55143063844528,0.0969168652905199,5.736278874537389,29.37222210914408,40784515.0,0.7367477583097408,3059283800,4504534201.690992,-0.0019946734305643643,-0.010982171733844526,0.014037536519037275,-0.53997802734375,0.015213518956320159,0.02196993027153793,0.03637542190952181,buy,none,Hold,Uptrend,1.0,Hold,"MACD above signal, trend up",,
2026-04-30,271.1002502441406,271.3500061035156,276.0,268.1400146484375,270.5,91848200,268.50757273490433,264.8026893002179,3.704883434686451,3.2237325919910313,0.48115084269541963,3.704883434686451,265.14799880981445,260.8273992919922,268.50757273490433,264.8026893002179,58.74184660035045,277.6442533250135,265.14799880981445,252.6517442946154,0.09425871265324814,5.887972194324896,38.04080219069543,43373955.0,2.1175887695738145,3151132000,4487706990.656499,0.004367593060422559,-0.007607016889079721,0.030182279389708633,1.17999267578125,0.015187176872078125,0.023390737707018383,0.04034318035638407,buy,none,Hold,Uptrend,2.0,Buy,"MACD above signal, trend up, volume spike",271.3500061035156,
2026-05-01,279.88214111328125,280.1400146484375,287.2200012207031,278.3699951171875,278.8599853515625,79915400,270.2971791831402,265.93878747416005,4.35839170898015,3.4506644153888555,0.9077272935912948,4.35839170898015,266.35899963378904,261.2185998535156,270.2971791831402,265.93878747416005,66.4308567298838,279.70857616420733,266.35899963378904,253.00942310337075,0.10023747310038197,6.600973831672225,58.26943760796167,45805255.0,1.744677548460324,3231047400,4439758081.344334,0.032393618379240596,0.03349818184765896,0.03667247625805237,8.790008544921875,0.016524154286602255,0.0517384996699779,0.07243517423924817,buy,none,Hold,Uptrend,4.0,Buy,"MACD above signal, trend up, volume spike",280.1400146484375,
2026-05-04,276.5751647949219,276.8299865722656,280.6300048828125,274.8599853515625,279.6600036621094,46668400,271.3022264737749,266.7455429629086,4.556683510866321,3.6718682344843487,0.8848152763819725,4.556683510866321,267.2574996948242,261.46359985351563,271.3022264737749,266.7455429629086,61.76301423631731,280.88333011190036,267.2574996948242,253.6316692777481,0.1019678058249829,6.541619953070637,66.46432971458545,46672180.0,0.9999190095684409,3184379000,4424956750.240839,-0.011815620415119188,0.034453128528035615,0.0138436145331855,-3.310028076171875,0.016836054925278274,0.035817467754401866,0.058770653839995246,buy,none,Hold,Uptrend,3.0,Buy,"MACD above signal, trend up",276.8299865722656,
2026-05-05,283.9184265136719,284.17999267578125,284.57000732421875,276.5,276.92999267578125,49311700,273.2834212740836,268.03698368238065,5.246437591702943,3.986782105928068,1.259655485774875,5.246437591702943,268.79149932861327,261.82359985351565,273.2834212740836,268.03698368238065,67.2636978486554,282.77974543799206,268.79149932861327,254.8032532192345,0.1040825036827324,6.650790479581217,85.71696342571235,46030365.0,1.071286312850224,3233690700,4469502088.931193,0.026550613950909296,0.049758049742830934,0.06766344193365192,7.350006103515625,0.016574836105711626,0.05725066970348891,0.08538723336923604,buy,none,Hold,Uptrend,3.0,Buy,"MACD above signal, trend up",284.17999267578125,
2026-05-06,287.245361328125,287.510009765625,288.0299987792969,281.07000732421875,281.9200134277344,58336100,275.4721271958592,269.4794300589173,5.992697136941899,4.387965112130835,1.6047320248110646,5.992697136941899,270.2220001220703,262.13099975585936,275.4721271958592,269.4794300589173,69.41076246368235,285.64904941185887,270.2220001220703,254.79495083228178,0.1141805573404054,6.672876263545282,85.94133920592452,46895530.0,1.2439586459519703,3292026800,4519121473.8903055,0.01171798569803939,0.06418179470731222,0.05249476748180548,3.33001708984375,0.016240007973912902,0.06397706195552177,0.09681804148842699,buy,none,Hold,Uptrend,3.0,Buy,"MACD above signal, trend up",287.510009765625,
2026-05-07,287.1754150390625,287.44000244140625,292.1300048828125,285.7799987792969,289.2699890136719,45224300,277.31333877209715,270.8098428279905,6.503495944106646,4.811071278525997,1.6924246655806492,6.503495944106646,271.5695007324219,262.39519958496095,277.31333877209715,270.8098428279905,69.30784724452889,288.03401820767357,271.5695007324219,255.1049832571702,0.1212545402252237,6.649814109257449,99.75793337418524,47750665.0,0.9470925692867314,3246802500,4497542034.19202,-0.00024349525874178823,0.05929609720278606,0.05123801390082816,-0.07000732421875,0.016286920727681814,0.05843992667137399,0.0954468789675249,buy,none,Hold,Uptrend,3.0,Buy,"MACD above signal, trend up",287.44000244140625,
2026-05-08,293.0500183105469,293.32000732421875,294.760009765625,290.0,290.010009765625,52692800,279.77590316473123,272.4772624203037,7.29864074442753,5.308585171706304,1.990055572721226,7.29864074442753,273.2115005493164,262.8025994873047,279.77590316473123,272.4772624203037,72.93731219762934,291.3861321255647,273.2115005493164,255.0368689730681,0.1330444109395583,6.697685053183257,99.75793337418524,48820730.0,1.0793120053714886,3299495300,4518353487.564334,0.02045645989726541,0.04704787601414795,0.08212207616807476,5.8800048828125,0.016591182465373607,0.07360051364775044,0.1161229298966211,buy,none,Hold,Uptrend,1.0,Hold,"MACD above signal, RSI overbought, trend up",,
2026-05-11,292.67999267578125,292.67999267578125,293.8800048828125,290.2300109863281,291.9800109863281,42247300,281.7611477048928,273.9737609577465,7.787386747146286,5.804345486794301,1.9830412603519845,7.787386747146286,274.88549957275393,263.3725994873047,281.7611477048928,273.9737609577465,71.9401099152119,293.74413732930816,274.88549957275393,256.0268618161997,0.13721085896393684,6.4799928277047645,97.8797823835155,49121360.0,0.8600596563287336,3257248000,4532821411.953354,-0.0021819672455212213,0.057255380097264164,0.09368113559471247,-0.6400146484375,0.016506894597925103,0.06473420071515146,0.11127730540507219,buy,none,Hold,Uptrend,1.0,Hold,"MACD above signal, RSI overbought, trend up",,
2026-05-12,294.79998779296875,294.79998779296875,295.2699890136719,292.55999755859375,292.55999755859375,45689300,283.76712310305834,275.5164444270222,8.25067867603616,6.293612124642673,1.9570665513934866,8.25067867603616,276.6839996337891,263.97419921875,283.76712310305834,275.5164444270222,73.24498327716171,295.9316300548983,276.6839996337891,257.4363692126799,0.1391307805770106,6.2107070153742905,98.12184900933025,48987290.0,0.9326766187719304,3302937300,4562662671.744348,0.007243389265544797,0.03737066433562686,0.08898820545339259,2.1199951171875,0.016409012254054355,0.06547537328923059,0.11677576318234806,buy,none,Hold,Uptrend,1.0,Hold,"MACD above signal, RSI overbought, trend up",,
2026-05-13,299.8901062011719,299.8901062011719,300.9200134277344,293.55999755859375,293.6300048828125,29855042,286.24758204122963,277.32190085473695,8.925681186492682,6.820025937012675,2.105655249480007,8.925681186492682,278.3570053100586,264.69700134277343,286.24758204122963,277.32190085473695,76.11677581722492,299.47456268586944,278.3570053100586,257.2394479342477,0.15173002276187203,6.292800504929028,98.12184900933025,47984367.1,0.6221826774912281,3332792342,4584162317.763736,0.017266345383222248,0.04305970580168328,0.11000514970691633,5.090118408203125,0.015737121891567805,0.07735785512970228,0.13295619020944094,buy,none,Hold,Uptrend,1.0,Hold,"MACD above signal, RSI overbought, trend up",,
